-- phpMyAdmin SQL Dump
-- version 4.7.7
-- https://www.phpmyadmin.net/
--
-- Host: localhost:3306
-- Generation Time: Nov 24, 2020 at 01:01 PM
-- Server version: 5.6.38
-- PHP Version: 5.6.30

SET SQL_MODE = "NO_AUTO_VALUE_ON_ZERO";
SET AUTOCOMMIT = 0;
START TRANSACTION;
SET time_zone = "+00:00";


/*!40101 SET @OLD_CHARACTER_SET_CLIENT=@@CHARACTER_SET_CLIENT */;
/*!40101 SET @OLD_CHARACTER_SET_RESULTS=@@CHARACTER_SET_RESULTS */;
/*!40101 SET @OLD_COLLATION_CONNECTION=@@COLLATION_CONNECTION */;
/*!40101 SET NAMES utf8mb4 */;

--
-- Database: `cocoplus_pluss`
--

-- --------------------------------------------------------

--
-- Table structure for table `admin`
--

CREATE TABLE `admin` (
  `a_id` int(11) NOT NULL,
  `email` varchar(200) NOT NULL,
  `password` varchar(20) NOT NULL,
  `latitude` double NOT NULL,
  `longitude` double NOT NULL,
  `delivery_range` int(11) NOT NULL
) ENGINE=MyISAM DEFAULT CHARSET=latin1;

--
-- Dumping data for table `admin`
--

INSERT INTO `admin` (`a_id`, `email`, `password`, `latitude`, `longitude`, `delivery_range`) VALUES
(1, 'admin@gmail.com', '13@abc', 0, 0, 0);

-- --------------------------------------------------------

--
-- Table structure for table `category`
--

CREATE TABLE `category` (
  `c_id` int(11) NOT NULL,
  `name` varchar(200) NOT NULL,
  `image` varchar(2000) NOT NULL
) ENGINE=InnoDB DEFAULT CHARSET=latin1;

--
-- Dumping data for table `category`
--

INSERT INTO `category` (`c_id`, `name`, `image`) VALUES
(1, 'Punjabi', '78572700punjabi-removebg-preview.png'),
(2, 'Chinesse', '4227489-4894417_chinese-food-png-chinese-noodle-dishes-png-transparent-removebg-preview.png'),
(3, 'FastFood', '30561776fastfood-removebg-preview.png'),
(5, 'Ice Cream', '17579291icecream-removebg-preview.png'),
(6, 'South Indian', '8638pngkey.com-dosa-images-png-3663502.png'),
(7, 'Desserts', '2042Cupcake-PNG-Photos-removebg-preview.png'),
(8, 'Gujarati', '8108Gujarati-Thali-Milwaukee-WI-300x218-removebg-preview.png'),
(9, 'Sizzler', '8590kisspng-spinach-salad-vegetarian-cuisine-indian-cuisine-ba-5af638ff4c6251.3584444915260858873129 (1).png'),
(10, 'Pizza', '7403Pizza-Download-PNG.png'),
(12, 'Salad', '6378pngfind.com-salad-png-1811156 (1).png'),
(13, 'Cold Drinks', '3130soft-drink-png-93-images-in-collection-page-2-soft-drinks-png-1500_1500-removebg-preview.png'),
(16, 'Non Veg.', '6321270-2702741_veg-snacks-non-veg-food-png-removebg-preview.png'),
(17, 'Bhakharvadi', '3149garlic-bhakarwadi-food-250x250.jpg'),
(18, 'Candy/Kulfi/Bar/Dolly', '8862images (1) (5).jpeg'),
(19, 'Cone', '3686Bahubali-Cone.jpg'),
(20, 'Kudoz Candy', '5276Kudoz3_1.png'),
(21, 'Rich Cup', '1210cupsMain.png');

-- --------------------------------------------------------

--
-- Table structure for table `constant`
--

CREATE TABLE `constant` (
  `CONST_ID` int(11) NOT NULL,
  `NAME` varchar(255) NOT NULL,
  `VALUE` text NOT NULL
) ENGINE=MyISAM DEFAULT CHARSET=latin1;

--
-- Dumping data for table `constant`
--

INSERT INTO `constant` (`CONST_ID`, `NAME`, `VALUE`) VALUES
(1, 'DISTANCE_KEY', 'ohPZEjBziDb1gcqB8c3rLzrTry7pt'),
(2, 'LATITUDE', '21.5896288'),
(3, 'LONGITUDE', '71.2195962'),
(4, 'SERVICE_AREA', '3'),
(5, 'MIN_ORDER', '1'),
(6, 'BELOW_3KM_BELOW_200', '0'),
(7, 'BELOW_3KM_ABOVE_200', '0'),
(8, 'ABOVE_3KM_ABOVE_200', '0'),
(9, 'ABOVE_3KM_BELOW_200', '15'),
(10, 'CALL', '+91 635 580 4550'),
(11, 'EMAIL', 'support@swadeshigrocery.com'),
(12, 'ADDRESS', 'Amreli 365601'),
(13, 'APP_VERSION', '8');

-- --------------------------------------------------------

--
-- Table structure for table `hotel`
--

CREATE TABLE `hotel` (
  `h_id` int(5) NOT NULL,
  `name` varchar(100) NOT NULL,
  `address` varchar(1000) NOT NULL,
  `city` varchar(50) NOT NULL,
  `phone` varchar(15) NOT NULL,
  `cost` int(5) DEFAULT NULL,
  `del_charge` int(11) NOT NULL,
  `type` varchar(15) NOT NULL,
  `image` varchar(2000) NOT NULL,
  `status` int(1) NOT NULL DEFAULT '1',
  `priority` int(11) NOT NULL DEFAULT '0'
) ENGINE=InnoDB DEFAULT CHARSET=latin1;

--
-- Dumping data for table `hotel`
--

INSERT INTO `hotel` (`h_id`, `name`, `address`, `city`, `phone`, `cost`, `del_charge`, `type`, `image`, `status`, `priority`) VALUES
(1, 'Akshar Restaurant', 'Station Road\r\nAmreli 365601', 'Amreli', '9723083987', 100, 30, 'Veg.', '8635akshar.png', 1, 3),
(2, 'Surya Garden', 'Chital road  in Amreli, Gujarat', 'Amreli', '8866167022', 100, 30, 'Veg.', '9707surya garden.png', 1, 0),
(3, 'Pizza Point', 'collage crical amreli', 'Amreli', '9106124484', NULL, 20, 'Veg.', '8330pizza point.png', 1, 6),
(4, 'Avadh', 'Market Yard Rd, Near Ram Enterprises, Amreli Irrigation Division, Manekpara, Amreli, Gujarat 365601', 'Amreli', '02792228172', NULL, 30, 'Veg.', '4232avadha.png', 1, 10),
(5, 'Hotel City Palace', 'OPP MAIN BUS STAND, BUS STAND, ROAD, Amreli, Gujarat 365601\r\nmo-9638888845', 'Amreli', '9638888845', NULL, 20, 'Veg.', '753659citypalace.png', 1, 0),
(6, 'Hotel Angel', 'Station Road, Bhagwati Chowk, opp. Sudarshan Eye hospital, Manekpara, Amreli, Gujarat 365601', 'Amreli', '02792220066', NULL, 20, 'Veg.', '3344angel.png', 1, 1),
(7, 'Sheetal Ice Cream Parlour And Restaurant', 'opp. S.T Depot, D.L.B. Society, Amreli, Gujarat 365601', 'Amreli', '02792220867', NULL, 20, 'Veg.', '3273sheetal.png', 1, 9),
(8, 'Thakar Thal', 'Parek Chamber, Nagnath Road, Rajkamal Chowk, Amreli, Gujarat 365601', 'Amreli', '02792224499', NULL, 30, 'Veg.', '255thakarthal.png', 1, 8),
(9, 'U.S.Pizza', 'Jilla Panchayat Rd, Amreli Irrigation Division, D.L.B. Society, Amreli, Gujarat 365601', 'Amreli', '02792233300', NULL, 30, 'Veg.', '351us pizza.png', 1, 0),
(10, 'Gopal Ice -Cream', 'Tower Chok,, Kapad Bazar, Gajerapara, Amreli, Gujarat 365601', 'Amreli', '09427255565', NULL, 20, 'Veg.', '6315gopal.png', 1, 0),
(11, 'New Madras Cafe', 'Lathi Road, ST Division. Amreli 365601', 'Amreli', '9824073776', 100, 30, 'Veg.', '52346a1b5660-b228-4fb8-994e-7b103088bb67.jpg', 1, 0),
(12, 'Binharif Kutchi Dabeli (Lathi Road)', 'Lathi Road, Amreli, Gujarat 365601', 'Amreli', '09833716561', 100, 20, 'Veg.', '3459WhatsApp Image 2020-10-09 at 10.40.13 AM.jpeg', 1, 0),
(13, 'Tawa Tadka Amreli', 'Shop 3, Jay Complex, Near Gandhi Baug, Chital Rd, Amreli, Gujarat 365601', 'Amreli', '09924889977', NULL, 20, 'Veg.', '4519tawa tadaka.png', 1, 2),
(14, 'Hotel Ruhani', 'Fulara chowk , Tower Road, Amreli 365601', 'Amreli', '9979622217', NULL, 20, 'Non Veg.', '7474hotelruhani.jpg', 1, 0),
(15, 'Binharif Kutchi Dabeli(Sardar Chock)', 'Chakargadh Road, Near Car Care, Amreli 365601', 'Amreli', '9833716561', 50, 20, 'Veg.', '8531WhatsApp Image 2020-10-09 at 11.08.36 AM.jpeg', 1, 0),
(16, 'Patel Juice And Cold Drinks', 'Bus Stand Road, Near Laxmi Narayan Mandir Amreli 365601', 'Amreli', '9429878919', 100, 20, 'Veg.', '661pateljuice.jpg', 1, 0),
(17, 'Dosa.In', 'Chital Road, Near Airport, Amreli 365601', 'Amreli', '8866167022', NULL, 30, 'Veg.', '916dosa.in logo.jpg', 1, 0),
(18, 'Food Plaza', 'Chital Road, Near Airport, Amreli 365601', 'Amreli', '8866167022', NULL, 30, 'Veg.', '936hotdog.png', 1, 0),
(19, 'Eat it More', 'Parekh Chembers, Under Kotak Mahindra Bank, Rajkamal Chowk, Nagnath Rd, Gajerapara, Amreli, Gujarat 365601', 'Amreli', '9429064282', 100, 30, 'Veg.', '2107eat it mote.jpg', 1, 7),
(20, 'Pushti Fast Food', 'Bhid Bhanjan Temple, Liliya Road, Amreli, Gujarat 365601', 'Amreli', '9033332096', 100, 20, 'Veg.', '3179pusti.jpg', 1, 0),
(21, 'Ahmedabad Chola Fadi', 'Jubilee Dharamshala Station Road Amreli 365601', 'Amreli', '8058741320', 100, 20, 'Veg.', '296chodafadi.jpg', 1, 0),
(23, 'Kabhib Bakery & Cake', 'Bhid Bhanjan Temple, Liliya Road, Amreli, Gujarat 365601', 'Amreli', '7874294500', 100, 20, 'Veg.', '8770kabhib.jpg', 1, 4),
(24, 'Om Sairam Fastfood', 'B/H ST Bus Stand, near  Ashirwad Guest House, Amreli 365601', 'Amreli', '9428708995', 100, 20, 'Veg.', '9208omsaifastfood.jpg', 1, 0),
(25, 'Bajrang', 'Station Road, Near Laxmi Narayan Mandir, Amreli 365601', 'Amreli', '9898984723', 100, 20, 'Veg.', '9042bajrang.jpg', 1, 0),
(26, 'Kutchi King Fastfood', 'College Circle, Lathi Road Amreli 365601', 'Amreli', '9712574074', 200, 20, 'Veg.', '2877kutchiking.png', 1, 0),
(27, 'Mewad Food Zone', 'Municipal Shopping Centre, Near Nana Bus Stand, Nagnath Rd, Amreli Irrigation Division, D.L.B. Society, Amreli, Gujarat 365601', 'Amreli', '9998877772', 200, 20, 'Veg.', '9493mawad.jpg', 1, 0),
(28, 'Rangoli Ice Cream', 'Jilla Panchayat Rd, Amreli, Gujarat 365601', 'Amreli', '7874294500', 100, 30, 'Veg.', '1128rangoli.jpg', 1, 5),
(29, 'Ganesh Dining Hall', 'Juna Nana Bus Stand,  Savjipara Road Amreli, 365601', 'Amreli', '9377448539', 100, 20, 'Veg.', '8197ganesh.jpg', 1, 0),
(30, 'Scar L Cafe', 'Sanskar Complex, Collage Circle,lathi road', 'Amreli', '7878217145', 90, 20, 'Veg.', '8692scarl.jpg', 1, 0),
(31, 'HoteNizam', 'Fular Chock, Baharpara, Nr. Police choki, Amreli 365601', 'Amreli', '9106620925', NULL, 20, 'Non Veg.', '2144nagima.jpg', 1, 0),
(32, 'Khushboo vraj', 'College circle , Amreli 365601', 'Amreli', '9106620925', NULL, 20, 'Veg.', '6604khushbooicecream-logo.svg', 1, 0),
(33, 'Sadguru Sandwich (TinaBhai)', 'Station Rd, Near China Town, D.L.B. Society, Amreli, Gujarat 365601', 'Amreli', '1234567890', NULL, 20, 'Veg.', '4205b62909d82131ebfaae6e1d396c5aba3c_1574656750.jpg', 1, 0),
(34, 'Amal Bakery', 'Nr. Indira Sakh Market, Amreli', 'Amreli', '7990025769', NULL, 20, 'Veg.', '7785f7d068e89d324b015cdc584dfa5290e0_1571662613.jpg', 1, 0),
(35, 'Shyam Dining Hall', 'St Depo, Amreli 365601', 'Amreli', '9687047295', NULL, 20, 'Veg.', '72770005935f-4398-4207-b0be-1be20b9d1243.jpg', 1, 0),
(36, 'Shreeji Bhakharvadi', 'Nana Bustand Raj Kamal Chowk Amreli', 'Amreli', '9714422986', 100, 30, 'Veg.', '1589garlic-bhakarwadi-food-250x250.jpg', 1, 0),
(37, 'Khushboo Ice Cream', 'hiramoti chowk amreli', 'Amreli', '8128642944', 100, 30, 'Veg.', '390unnamed.png', 1, 0);

-- --------------------------------------------------------

--
-- Table structure for table `hotel_menu`
--

CREATE TABLE `hotel_menu` (
  `hm_id` int(11) NOT NULL,
  `m_id` int(11) NOT NULL,
  `h_id` int(11) NOT NULL,
  `image` varchar(200) NOT NULL,
  `price` int(11) NOT NULL,
  `type` varchar(200) DEFAULT ' ',
  `sell_price` int(11) NOT NULL
) ENGINE=InnoDB DEFAULT CHARSET=latin1;

--
-- Dumping data for table `hotel_menu`
--

INSERT INTO `hotel_menu` (`hm_id`, `m_id`, `h_id`, `image`, `price`, `type`, `sell_price`) VALUES
(1, 1720, 1, '995Kathiyawadi_Shaak_Recipe_ (1).jpg', 40, 'gujarati shaak', 40),
(2, 1721, 1, '890download (83).jpg', 240, 'gujarati shaak 500gm', 240),
(4, 6, 4, '1902bu.jpg', 30, ' ', 30),
(5, 10, 4, '8281butter paratha.png', 55, ' ', 55),
(6, 8, 4, '7886Butter-Naan.jpg', 60, ' ', 60),
(7, 1722, 1, '5475dry-potato-bhaji.jpg', 70, 'gujarati shaak', 70),
(8, 207, 4, '107pannerPasanda.png', 180, ' ', 180),
(10, 1511, 1, '7196Spicy-Tadka-Dahi.jpg', 70, 'gujarati shaak', 70),
(11, 1725, 1, '2254rekrin9vbo-chapati-suppliers-4-2b77z (1).jpg', 8, 'tava paratha', 8),
(12, 710, 1, '8314Bajre-na-Rotla (1).jpg', 18, 'tava paratha', 18),
(15, 974, 1, '2528download (11).jpg', 18, 'tava paratha', 18),
(16, 1740, 1, '4323download (84).jpg', 10, 'tava paratha', 10),
(18, 1727, 1, '2201104088595-indian-traditional-cuisine-dal-fry-or-rice-also-know-as-dal-chawal-daal-chawal-dal-rice-whole-yellow.jpg', 35, 'rice', 35),
(19, 11, 1, '3766download (85).jpg', 20, 'rice', 20),
(20, 1728, 1, '130download (86).jpg', 20, 'rice', 20),
(22, 1729, 1, '9110download (87).jpg', 35, 'rice', 35),
(24, 1731, 1, '4534download (88).jpg', 20, 'rice', 20),
(25, 228, 4, '5873download.jpg', 255, ' ', 255),
(26, 229, 4, '458vegHandi.png', 205, ' ', 205),
(27, 230, 4, '5833vegRajwadi.jpg', 225, ' ', 225),
(29, 323, 15, '7222butter cheese dabali.jpg', 50, ' ', 50),
(30, 110, 4, '2151paneer-tikka-masala-recipe-1-500x500.jpg', 180, ' ', 180),
(31, 219, 4, '1981paneerButterMasala.jpg', 185, ' ', 185),
(32, 325, 15, '1291vadapav oil.jpg', 20, ' ', 20),
(33, 326, 15, '3039butter vadapav.jpg', 30, ' ', 30),
(34, 327, 15, '6454cheese kadak dabali.jpg', 50, ' ', 50),
(35, 115, 4, '5052paneerKadai.jpg', 185, ' ', 185),
(36, 328, 15, '1568cheese butter vadapav.jpg', 50, ' ', 50),
(37, 221, 4, '6406paneerBegamBahar.jpg', 190, ' ', 190),
(38, 223, 4, '7195vegHandi.png', 220, ' ', 220),
(39, 118, 4, '6370Paneer-Bhurji.jpg', 220, ' ', 220),
(40, 329, 15, '8968pavtukada.jpg', 30, ' ', 30),
(41, 114, 4, '3825vegHandi.png', 205, ' ', 205),
(42, 330, 15, '2741cheese pav tukada.jpg', 50, ' ', 50),
(43, 224, 4, '2715matka paneer.jpg', 215, ' ', 215),
(44, 271, 4, '2567kajuButterMasala.png', 230, ' ', 230),
(45, 331, 15, '8724butter cheese garlic pav.jpg', 10, ' ', 10),
(46, 298, 4, '2653koyaKaju.jpg', 190, ' ', 190),
(47, 333, 15, '4617butter cheese garlic pav.jpg', 40, ' ', 40),
(48, 170, 4, '3746kajuCurry.jpg', 215, ' ', 215),
(49, 225, 4, '6062vegDilruba.jpg', 180, ' ', 180),
(50, 138, 4, '6915vegTufani.png', 165, ' ', 165),
(51, 293, 4, '4017vegMakhanwaka.png', 160, ' ', 160),
(52, 227, 4, '985vegHandi.png', 165, ' ', 165),
(53, 335, 12, '2394dabali oil.png', 20, ' ', 20),
(56, 336, 12, '8639sev puri.jpg', 20, ' ', 20),
(58, 322, 12, '145butter dabali.png', 30, ' ', 30),
(59, 232, 4, '9356kheemaHydrabadi.jpg', 165, ' ', 165),
(60, 329, 12, '4427pavtukada.jpg', 30, ' ', 30),
(61, 338, 12, '3124bhel.jpg', 30, ' ', 30),
(62, 234, 4, '6426babyConMasala.jpg', 180, ' ', 180),
(63, 130, 4, '9207cheeseAngoori.jpg', 220, ' ', 220),
(64, 214, 4, '1736cheeseButterMasala.jpg', 230, ' ', 230),
(65, 236, 4, '6514kajuButterMasala.png', 250, ' ', 250),
(66, 237, 4, '3864navratan-korma.jpg', 200, ' ', 200),
(67, 238, 4, '6427Kashmiri-Dum-Aloo.jpg', 175, ' ', 175),
(68, 239, 4, '4491kashmiriKhofta.jpg', 180, ' ', 180),
(69, 330, 12, '9649pavtukada.jpg', 50, ' ', 50),
(70, 240, 4, '5336download.jpg', 255, ' ', 255),
(71, 1516, 1, '6142kadhi-recipe-5-1.jpg', 20, 'rice', 20),
(72, 340, 12, '3349cheesebhel.jpg', 50, ' ', 50),
(73, 1732, 1, '7417download (89).jpg', 70, 'rice', 70),
(74, 1733, 1, '8194how-to-make-curd-recipe-1.jpg', 20, 'appetiser', 20),
(75, 1734, 1, '4774images (15).jpg', 30, 'appetiser', 30),
(76, 591, 1, '1560Masala_Chaas_Recipe_Indian_Spiced_Buttermilk-1_400.jpg', 15, 'appetiser', 15),
(77, 323, 12, '9035butter cheese dabali.jpg', 50, ' ', 50),
(78, 998, 1, '766download (90).jpg', 30, 'appetiser', 30),
(79, 997, 1, '6345download (91).jpg', 30, 'appetiser', 30),
(80, 712, 1, '5937masala-papad.jpg', 15, 'appetiser', 15),
(81, 341, 12, '806cheese sev puri.jpg', 40, ' ', 40),
(82, 992, 1, '4254download (92).jpg', 20, 'appetiser', 20),
(83, 1741, 1, '3550download (93).jpg', 30, 'appetiser', 30),
(84, 107, 1, '1479download (95).jpg', 115, 'punjabi sabji', 115),
(85, 342, 25, '5834toast sandwich.jpg', 20, ' ', 20),
(86, 109, 1, '5002download (96).jpg', 115, 'punjabi sabji', 115),
(87, 343, 25, '9884butter toast.jpg', 25, ' ', 25),
(88, 110, 1, '7270download (97).jpg', 130, 'punjabi sabji', 130),
(89, 112, 1, '5577download (98).jpg', 140, 'punjabi sabji', 140),
(90, 245, 1, '1599download (99).jpg', 140, 'punjabi sabji', 140),
(91, 344, 25, '9618cheese toast sandwich.jpg', 35, ' ', 35),
(92, 114, 1, '47768fc64tj4_jjj_625x300_25_January_19.jpg', 140, 'punjabi sabji', 140),
(93, 115, 1, '7620download (100).jpg', 135, 'punjabi sabji', 135),
(94, 345, 25, '6334veg cheese sandwich.jpg', 25, NULL, 25),
(95, 346, 25, '7630cheese toast sandwich.jpg', 50, ' ', 50),
(96, 116, 1, '5062vegHandi.png', 135, 'punjabi sabji', 135),
(98, 347, 25, '26bombay masala.jpg', 50, ' ', 50),
(99, 1737, 1, '3897vegDilruba.jpg', 155, 'punjabi sabji', 155),
(100, 348, 25, '9974masala veg toast sandwich.jpg', 50, ' ', 50),
(101, 118, 1, '2567download - 2020-09-30T131415.599.jpg', 160, 'punjabi sabji', 160),
(104, 349, 25, '206veg cheese sandwich.jpg', 50, ' ', 50),
(105, 350, 25, '66veg grilled sandwich.jpg', 40, ' ', 40),
(106, 119, 1, '2060pannerPasanda.png', 165, 'punjabi sabji', 165),
(107, 120, 1, '2186vegDilruba.jpg', 140, 'punjabi sabji', 140),
(108, 351, 25, '9197veg mayo sandwich.jpg', 60, ' ', 60),
(109, 352, 25, '1299veg mayo sandwich.jpg', 70, ' ', 70),
(112, 353, 25, '7467veg toast sandwich.jpg', 50, ' ', 50),
(114, 354, 25, '7758veg cheese sandwich.jpg', 60, ' ', 60),
(116, 118, 5, '3129Paneer-Bhurji.jpg', 190, ' ', 190),
(117, 241, 5, '6352paneer-pakwangali_061319061918.jpg', 230, ' ', 230),
(118, 110, 5, '4549paneerTikkaMasala.jpg', 180, ' ', 180),
(119, 219, 5, '1973cheeseButterMasala.jpg', 180, ' ', 180),
(120, 242, 5, '9051download.jpg', 190, ' ', 190),
(122, 114, 5, '4867paneerHandi.jpg', 190, ' ', 190),
(123, 115, 5, '2358paneerKadai.jpg', 190, ' ', 190),
(124, 207, 5, '8146paneerBegamBahar.jpg', 190, ' ', 190),
(125, 119, 5, '8597estop capsicum.jpg', 180, ' ', 180),
(126, 243, 5, '89palak\'.jpg', 190, ' ', 190),
(127, 244, 5, '9855makhanwala.jpg', 175, ' ', 175),
(129, 113, 5, '9776kajuCurry.jpg', 199, ' ', 199),
(130, 107, 5, '7041palak\'.jpg', 180, ' ', 180),
(131, 241, 5, '4388Matar-Paneer-sabzi-recipe-without-onion-garlic.png', 210, ' ', 210),
(132, 227, 5, '2514vegHandi.png', 170, ' ', 170),
(133, 141, 5, '7009veg mix.jpg', 170, ' ', 170),
(134, 251, 5, '4413palak\'.jpg', 180, ' ', 180),
(135, 252, 5, '4927estop tomato.jpg', 180, ' ', 180),
(136, 344, 25, '88647758veg cheese sandwich.jpg', 70, 'Jambo', 70),
(137, 226, 5, '7183vegTufani.png', 180, ' ', 180),
(138, 144, 5, '9755vegDilruba.jpg', 170, ' ', 170),
(139, 349, 25, '3417174veg sandwich.jpg', 80, 'Jambo', 80),
(140, 255, 5, '2107kajuCurry.jpg', 170, ' ', 170),
(141, 147, 5, '8041babyConMasala.jpg', 160, ' ', 160),
(142, 258, 5, '3199vegRajwadi.jpg', 180, ' ', 180),
(143, 352, 25, '31661299veg mayo sandwich.jpg', 90, 'Jambo', 90),
(144, 259, 5, '6591vegRajwadi.jpg', 180, ' ', 180),
(145, 137, 5, '2104Mix-Veg-Recipe-Step-By-Step-Instructions.jpg', 170, ' ', 170),
(146, 262, 5, '2236download (1).jpg', 120, ' ', 120),
(147, 263, 5, '5469matter.jpg', 130, ' ', 130),
(148, 364, 25, '298md_dabeli.png', 20, 'Jumbo', 20),
(149, 131, 5, '2476cheeseButterMasala.jpg', 200, ' ', 200),
(150, 264, 5, '8239makhanwala.jpg', 220, ' ', 220),
(151, 265, 5, '8766malai-kofta-recipe.jpg', 185, ' ', 185),
(152, 177, 5, '8354malai-kofta-recipe.jpg', 155, ' ', 155),
(153, 268, 5, '5749malai-kofta-recipe.jpg', 170, ' ', 170),
(154, 376, 7, '3635maysore dosa.jpg', 120, 'oil', 120),
(155, 271, 5, '3982kajuButterMasala.png', 200, ' ', 200),
(156, 377, 7, '668maysore dosa.jpg', 145, 'butter', 145),
(158, 170, 5, '8305kajuCurry.jpg', 200, ' ', 200),
(159, 378, 7, '7932maysore plain.jpg', 90, 'oil', 90),
(160, 272, 5, '9444kajuButterMasala.png', 200, ' ', 200),
(161, 365, 25, '6282chedab.jpg', 30, 'Jambo', 30),
(162, 176, 5, '4152koyaKaju.jpg', 190, ' ', 190),
(163, 379, 7, '3090maysore plain.jpg', 115, 'butter', 115),
(164, 380, 7, '5415masala dosa.jpg', 90, 'oil', 90),
(165, 381, 7, '1193masala dosa.jpg', 115, 'butter', 115),
(167, 362, 4, '1400bream butter jam.jpg', 55, ' ', 55),
(168, 382, 7, '7097spring dosa.jpg', 130, 'oil', 130),
(169, 345, 4, '8973veg_sandwich.jpg', 55, ' ', 55),
(170, 366, 25, '7618Vada-Pav-500x375.jpg', 20, ' ', 20),
(171, 368, 25, '2139chessvada.jpg', 30, ' ', 30),
(172, 426, 4, '787only cheezsew.jpg', 70, ' ', 70),
(173, 383, 7, '1025spring dosa.jpg', 155, 'butter', 155),
(174, 385, 7, '1845plain dosa.jpg', 65, 'oil', 65),
(175, 346, 4, '2959sandwich.jpg', 80, ' ', 80),
(176, 384, 7, '4543plain dosa.jpg', 90, 'butter', 90),
(177, 386, 7, '9096plain dosa.jpg', 75, 'oil', 75),
(178, 427, 4, '2427big_pineapple_and_cheese_grilled_sandwich-12251.jpg', 85, ' ', 85),
(179, 387, 7, '3488plain dosa.jpg', 100, 'butter', 100),
(180, 388, 7, '7839paper plain dosa.jpg', 95, 'oil', 95),
(181, 402, 4, '8415dahi wada.jpg', 75, ' ', 75),
(182, 389, 7, '6688paper plain dosa.jpg', 120, 'butter', 120),
(183, 369, 25, '2935rada.jpg', 50, ' ', 50),
(184, 201, 4, '1396plain pizza.jpg', 140, ' ', 140),
(185, 390, 7, '1102paper masala dosa.jpg', 120, 'oil', 120),
(186, 200, 4, '3990chee.jpg', 155, ' ', 155),
(187, 370, 25, '9144spicy-ragda-patties-recipe.jpg', 60, ' ', 60),
(188, 193, 4, '4730it.jpg', 180, ' ', 180),
(189, 430, 4, '9518plain.jpg', 170, ' ', 170),
(190, 391, 7, '7101paper masala dosa.jpg', 145, 'butter', 145),
(191, 434, 7, '629pudina plain dosa.jpg', 85, 'Oil', 85),
(192, 435, 7, '4274pudina plain dosa.jpg', 110, 'butter', 110),
(193, 437, 7, '8842pudina masala dosa.jpg', 110, 'Oil', 110),
(194, 436, 7, '5659pudina masala dosa.jpg', 135, 'Butter', 135),
(195, 394, 7, '1793jain masala dosa.jpg', 100, 'oil', 100),
(196, 395, 7, '9300jain masala dosa.jpg', 125, 'Butter', 125),
(197, 399, 7, '5714masala corn dosa.jpg', 115, 'oil', 115),
(198, 398, 7, '338masala corn dosa.jpg', 140, 'butter', 140),
(199, 400, 7, '7856butter idli.jpg', 65, 'butter', 64),
(200, 401, 7, '9699idli.jpg', 50, 'plain', 50),
(201, 402, 7, '7552dahi vada.jpg', 50, ' ', 50),
(202, 403, 7, '998rava masala dosa.jpg', 140, 'oil', 140),
(203, 404, 7, '9430rava masala dosa.jpg', 165, 'butter', 165),
(204, 432, 7, '8653rava corn masala dosa.jpg', 130, 'oil', 130),
(205, 433, 7, '9922rava corn masala dosa.jpg', 155, 'butter', 155),
(206, 405, 7, '8348rava onion masala dosa.jpg', 120, 'oil', 120),
(207, 406, 7, '9140rava onion masala dosa.jpg', 145, 'butter', 145),
(208, 407, 7, '4671rava masala dosa.jpg', 115, 'oil', 115),
(209, 408, 7, '9266rava masala dosa.jpg', 140, 'butter', 140),
(210, 411, 7, '6315rava onion masala dosa.jpg', 95, 'oil', 95),
(212, 409, 7, '7785jain masala dosa.jpg', 115, 'oil', 115),
(213, 410, 7, '7528jain masala dosa.jpg', 140, 'butter', 140),
(215, 412, 7, '9286rava plian dosa.jpg', 120, 'butter', 120),
(216, 413, 7, '4540rava plian dosa.jpg', 85, 'oil', 85),
(217, 415, 7, '8486rava plian dosa.jpg', 115, 'butter', 115),
(218, 416, 7, '8411veg mix uttapam.jpg', 130, 'oil', 130),
(219, 417, 7, '3303veg mix uttapam.jpg', 155, 'butter', 155),
(220, 421, 7, '3471tomato corm uttpam.jpg', 150, 'butter', 150),
(221, 418, 7, '4419tomato corm uttpam.jpg', 120, 'oil', 120),
(222, 419, 7, '4116tomato corm uttpam.jpg', 145, 'butter', 145),
(223, 420, 7, '6124tomato corm uttpam.jpg', 125, 'oil', 125),
(224, 424, 7, '5939onion utt..jpg', 95, 'oil', 95),
(225, 425, 7, '3201onion utt..jpg', 120, 'butter', 120),
(226, 422, 7, '2334tomato corm uttpam.jpg', 90, 'oil', 90),
(227, 438, 7, '4706tomato corm uttpam.jpg', 115, 'butter', 115),
(229, 431, 4, '7324paneer pizza.jpg', 190, ' ', 190),
(230, 215, 4, '7753mushroom.jpg', 190, ' ', 190),
(232, 198, 4, '5452pineapple.jpg', 180, ' ', 180),
(233, 523, 9, '7353margherita.jpg', 99, 'R', 109),
(234, 537, 4, '2890american.jpg', 190, ' ', 190),
(235, 202, 4, '7714default-pizza-outlets-9-jpg-500x500.jpg', 200, ' ', 200),
(236, 282, 9, '1152vegetarian.jpg', 165, 'R', 182),
(237, 283, 9, '4355Mushroom.jpg', 225, 'R', 248),
(238, 285, 9, '6371Mexican.jpg', 245, 'R', 270),
(239, 287, 9, '7770margherita.jpg', 245, 'R', 270),
(240, 289, 9, '4197images.jpg', 245, 'R', 270),
(241, 292, 9, '8568Mexican.jpg', 265, 'R', 292),
(242, 270, 9, '570Mushroom.jpg', 265, 'R', 292),
(243, 301, 9, '7344cheese Brust.jpg', 333, ' ', 367),
(244, 523, 9, '4609margherita.jpg', 215, 'M', 237),
(245, 282, 9, '8284vegetarian.jpg', 315, 'M', 347),
(246, 283, 9, '4304Mushroom.jpg', 335, 'M', 367),
(247, 285, 9, '6582Mexican.jpg', 360, 'M', 396),
(248, 552, 4, '7337kisspng-vegetarian-cuisine-buffet-indian-cuisine-thali-res-download-apk-for-android-android-apk-5b75d19f0466d8.828973041534448031018.jpg', 200, ' ', 200),
(249, 287, 9, '5812margherita.jpg', 360, 'M', 396),
(251, 289, 9, '8655vegetarian.jpg', 360, 'M', 396),
(252, 292, 9, '8805Mushroom.jpg', 420, 'M', 462),
(253, 560, 4, '5972sweet.png', 40, ' ', 40),
(254, 568, 4, '2046salad.jpg', 65, ' ', 65),
(255, 270, 9, '5628images.jpg', 420, 'M', 462),
(256, 569, 4, '3813download (2).jpg', 60, ' ', 60),
(257, 523, 9, '2295margherita.jpg', 365, 'L', 402),
(258, 282, 9, '9296vegetarian.jpg', 500, 'L', 550),
(259, 570, 4, '8062kacu.jpg', 75, ' ', 75),
(260, 571, 4, '7508boondi-raita-recipe-1-500x500.jpg', 75, ' ', 75),
(261, 576, 4, '4440pine.jpg', 90, ' ', 90),
(262, 629, 4, '7678fru.png', 100, ' ', 100),
(263, 580, 4, '8211onion.jpg', 65, ' ', 65),
(264, 283, 9, '8968Mushroom.jpg', 525, 'L', 578),
(265, 613, 7, '3359veg snadwich.jpg', 75, ' ', 75),
(266, 582, 4, '5986papa.jpg', 25, ' ', 25),
(267, 614, 7, '6790pineapple sandwich.jpg', 70, ' ', 70),
(268, 614, 7, '3294pineapple sandwich.jpg', 85, 'Grill', 85),
(269, 285, 9, '5540Mexican.jpg', 545, 'L', 600),
(270, 583, 4, '6506fry.jpg', 25, ' ', 25),
(271, 586, 4, '2175PAPAD-FRY-MASALA.jpg', 40, ' ', 40),
(272, 615, 7, '2494cheese jam.jpg', 70, ' ', 70),
(273, 287, 9, '6410vegetarian.jpg', 545, 'L', 600),
(274, 289, 9, '7646margherita.jpg', 545, 'L', 600),
(275, 588, 4, '9138jal.jpg', 25, ' ', 25),
(276, 292, 9, '9100images.jpg', 570, 'L', 627),
(277, 616, 7, '7873veg cheese sandwich.jpg', 60, ' ', 60),
(278, 270, 9, '1121vegetarian.jpg', 570, 'L', 627),
(279, 589, 4, '2361nimbu.jpg', 25, ' ', 25),
(280, 617, 7, '8978masala sandwich.jpg', 60, ' ', 60),
(281, 426, 7, '80veg cheese sandwich.jpg', 55, ' ', 55),
(282, 619, 7, '265pineapple sandwich.jpg', 55, ' ', 55),
(283, 158, 9, '950Tandori panner.jpg', 225, 'R', 248),
(284, 345, 7, '929veg snadwich.jpg', 45, ' ', 45),
(285, 158, 9, '2356Tandori panner.jpg', 335, 'M', 367),
(286, 362, 7, '6587bread butter jam.jpg', 45, ' ', 45),
(287, 620, 7, '9908veg pavbhaji.jpg', 50, ' ', 50),
(288, 621, 7, '2447chhole.jpg', 150, ' ', 150),
(289, 158, 9, '1120Tandori panner.jpg', 525, 'L', 578),
(291, 622, 7, '9374veg pulav.jpg', 120, ' ', 120),
(292, 306, 9, '3494yum.jpg', 245, 'R', 270),
(293, 306, 9, '3568yum.jpg', 360, 'M', 396),
(294, 591, 4, '9607chas.jpg', 30, ' ', 30),
(295, 306, 9, '8306yum.jpg', 545, 'L', 600),
(296, 593, 4, '2333lassi.jpg', 65, ' ', 65),
(297, 594, 4, '2738masala chas.jpg', 40, ' ', 40),
(298, 631, 7, '9485samosa.jpg', 40, ' ', 40),
(299, 595, 4, '2671curd.jpg', 65, ' ', 65),
(300, 308, 9, '8754Bhalle_bhalle.jpg', 245, 'R', 270),
(301, 596, 4, '3694water.jpg', 30, ' ', 30),
(302, 598, 4, '7962cold-drinks-hostel-11550196418vryftufxbu.png', 25, ' ', 25),
(303, 308, 9, '2662Bhalle_bhalle.jpg', 360, 'M', 396),
(304, 599, 4, '9013lassi 2.jpg', 90, ' ', 90),
(305, 623, 7, '5091batata poha.jpg', 25, ' ', 25),
(306, 308, 9, '8297Bhalle_bhalle.jpg', 545, 'L', 600),
(307, 601, 4, '7973chilli.jpg', 50, ' ', 50),
(308, 624, 7, '5814mix bhel.jpg', 30, ' ', 30),
(309, 603, 4, '542cheese.jpg', 55, ' ', 55),
(310, 605, 4, '3958sauce.jpg', 60, ' ', 60),
(311, 315, 9, '9782gujarati treat.jpg', 265, 'R', 292),
(312, 625, 7, '22pani puri.jpeg', 35, ' ', 35),
(314, 626, 7, '5962dahi puri.jpg', 50, ' ', 50),
(315, 315, 9, '7924gujarati treat.jpg', 420, 'M', 462),
(316, 1931, 7, '9507suki baji.jpg', 60, NULL, 60),
(317, 143, 4, '6181tomato-soup-recipe-food-japanese-cuisine-cooking-png-clip-art.png', 85, ' ', 85),
(318, 315, 9, '3510gujarati treat.jpg', 570, 'L', 627),
(319, 70, 7, '3197french fries.jpg', 70, ' ', 70),
(320, 366, 7, '632Vada-Pav-500x500.jpg', 30, ' ', 30),
(321, 316, 9, '7220chatpatta.jpg', 265, 'R', 292),
(322, 316, 9, '2138chatpatta.jpg', 420, 'M', 462),
(323, 316, 9, '4728chatpatta.jpg', 570, 'L', 627),
(324, 620, 7, '4116pavbaji.jpg', 70, 'butter', 70),
(325, 345, 7, '9380veg snadwich.jpg', 60, 'Grill', 60),
(326, 619, 7, '5284pineapple sandwich.jpg', 60, 'Grill', 60),
(327, 632, 9, '7845Pav bHajji.jpg', 299, ' ', 329),
(328, 317, 9, '2157margherita.jpg', 250, 'M', 275),
(329, 318, 9, '6085funghi de bosco.jpg', 350, 'M', 385),
(330, 426, 7, '5701veg cheese sandwich.jpg', 70, 'Grill', 70),
(331, 614, 7, '8492pineapple sandwich.jpg', 70, 'Grill', 70),
(332, 145, 4, '9170ministroam.jpg', 95, ' ', 95),
(333, 319, 9, '7685Pav bHajji.jpg', 280, 'M', 308),
(334, 146, 4, '8358Soup.jpg', 80, ' ', 80),
(335, 320, 9, '1445funghi de bosco.jpg', 280, 'M', 308),
(336, 616, 7, '2469veg cheese sandwich.jpg', 75, 'Grill', 75),
(337, 150, 4, '404corn.jpg', 100, ' ', 100),
(338, 321, 9, '2302yum.jpg', 350, 'M', 385),
(339, 153, 4, '2169manch.jpg', 110, ' ', 110),
(340, 613, 7, '7591veg snadwich.jpg', 90, 'Grill', 90),
(341, 633, 9, '5749garbrread.jpg', 75, 'Bread', 83),
(342, 574, 4, '5266manchow-soup.jpg', 110, ' ', 110),
(343, 159, 4, '9947hot sour.jpg', 120, ' ', 120),
(345, 635, 28, '9398download.jpg', 110, ' ', 110),
(346, 636, 28, '7092download.jpg', 110, ' ', 110),
(347, 637, 28, '997BUTTER SCOTCH.jpg', 110, ' ', 110),
(348, 638, 28, '6442choco nut.jpg', 110, ' ', 110),
(349, 639, 28, '7227american.jpg', 55, ' ', 55),
(350, 514, 28, '2546single sunday.jpg', 55, ' ', 55),
(351, 641, 28, '5459american.jpg', 90, ' ', 90),
(352, 642, 28, '2892chocolate.jpg', 100, ' ', 100),
(353, 643, 28, '5089chocolate.jpg', 110, ' ', 110),
(354, 644, 28, '7244american-dry-fruit-ice-cream-500x500.jpg', 120, ' ', 120),
(355, 646, 28, '963chocolate.jpg', 40, ' ', 40),
(356, 645, 28, '7678cassata-ice-cream-500x500.jpg', 60, NULL, 60),
(357, 88, 28, '2886butter.jpg', 40, ' ', 40),
(358, 78, 28, '9508straw.jpg', 40, 'Slice Ice cream', 40),
(359, 655, 28, '2517straw ice cake.jpg', 45, 'Ice cream cake', 45),
(360, 657, 28, '576chocolate ice crfeam cake.jpg', 50, 'Ice cream cake', 50),
(361, 505, 28, '2891almond-chocobar-ice-creams-744.jpg', 20, 'Candy', 20),
(362, 661, 28, '9448Rajbhog.jpg', 20, 'Candy', 20),
(363, 662, 28, '3804chocobar.jpg', 15, 'Candy', 15),
(364, 664, 28, '3619pista malai.jpg', 15, 'Candy', 15),
(365, 666, 28, '2207Raspberry.jpg', 15, 'Candy', 15),
(366, 667, 28, '7351mango.jpg', 15, 'Candy', 15),
(367, 669, 28, '8061Mava.jpg', 15, 'Candy', 15),
(368, 187, 7, '8011pizza.jpg', 180, 'small', 180),
(369, 670, 28, '2735chocobar.jpg', 15, 'Candy', 15),
(370, 187, 7, '6808pizza.jpg', 215, 'big', 215),
(372, 494, 28, '7198kesar cone.jpg', 25, 'King cone', 25),
(373, 188, 7, '2524baby con pizza.jpg', 175, 'small', 175),
(374, 673, 28, '1696kesar cone.jpg', 20, 'King cone', 20),
(375, 188, 7, '5218baby con pizza.jpg', 210, 'big', 210),
(376, 189, 7, '7952pizza.jpg', 165, 'smal', 165),
(377, 674, 28, '8692chocolate cone.jpg', 15, 'King cone', 15),
(378, 189, 7, '3619pizza.jpg', 200, 'big', 200),
(379, 675, 28, '6306kesar cone.jpg', 10, 'King cone', 10),
(380, 1011, 7, '2244veg grill pizza.jpg', 160, 'small', 160),
(381, 1011, 7, '3650veg grill pizza.jpg', 195, 'big', 195),
(382, 191, 7, '553american pizza.jpg', 160, 'small', 160),
(383, 191, 7, '9308american pizza.jpg', 200, 'big', 200),
(384, 192, 7, '2888paneer pizza.jpg', 195, 'bit', 195),
(385, 916, 7, '1993american pizza.jpg', 160, 'small', 160),
(386, 193, 7, '7186italian pizza.jpg', 190, 'big', 190),
(387, 193, 7, '4220italian pizza.jpg', 155, 'small', 155),
(388, 194, 7, '9565pizza.jpg', 150, 'small', 150),
(389, 194, 7, '422pizza.jpg', 185, 'big', 185),
(390, 195, 7, '1637mexican pizza.jpg', 150, 'small', 150),
(391, 195, 7, '1546mexican pizza.jpg', 185, 'big', 185),
(392, 196, 7, '4565chinese pizza.jpg', 140, 'small', 140),
(393, 196, 7, '7033chinese pizza.jpg', 175, 'big', 175),
(394, 197, 7, '855onion pizza.jpg', 135, 'small', 135),
(395, 197, 7, '6494onion pizza.jpg', 170, 'big', 170),
(396, 198, 7, '1839pineapple pizza.jpg', 130, 'small', 130),
(397, 198, 7, '1622pineapple pizza.jpg', 165, 'big', 165),
(399, 199, 7, '1906cheese pizza.jpg', 160, 'big', 160),
(400, 200, 7, '8971cheese pizza.jpg', 120, 'small', 120),
(401, 200, 7, '9941cheese pizza.jpg', 155, 'big', 155),
(402, 200, 7, '4207cheese pizza.jpg', 155, 'big', 155),
(404, 45, 7, '3274panner chilli dry.jpg', 175, ' ', 175),
(405, 1004, 7, '1219spring roll.jpg', 160, ' ', 160),
(406, 587, 7, '3743triple fired rice.jpg', 150, ' ', 150),
(407, 590, 7, '1245veg lolipop.jpg', 145, ' ', 145),
(408, 592, 7, '8392dragon.jpg', 145, ' ', 145),
(409, 1012, 7, '9353veg much.jpg', 130, ' ', 130),
(410, 600, 7, '4335veg much.jpg', 125, ' ', 125),
(411, 602, 7, '2427bhel.jpg', 120, ' ', 120),
(412, 604, 7, '6014hakka.jpg', 120, ' ', 120),
(413, 607, 7, '2320mfr.jpg', 120, ' ', 120),
(414, 608, 7, '7809frn.jpg', 115, ' ', 115),
(415, 609, 7, '8767mn.jpg', 115, ' ', 115),
(416, 610, 7, '2321sfr.jpg', 110, ' ', 110),
(417, 56, 7, '3253hakka.jpg', 95, ' ', 95),
(418, 612, 7, '8913frn.jpg', 95, ' ', 95),
(419, 159, 7, '5172hts.jpg', 75, ' ', 75),
(420, 155, 7, '5773ms.jpg', 70, ' ', 70),
(421, 143, 7, '8080ts.jpg', 65, ' ', 65),
(422, 153, 7, '4697ms.jpg', 65, ' ', 65),
(423, 48, 7, '2239vcs.jpg', 65, ' ', 65),
(424, 577, 7, '9719vcs.jpg', 60, ' ', 60),
(429, 993, 7, '1805mp.jpg', 35, ' ', 35),
(432, 545, 7, '9706mj.jpg', 80, 'juice', 80),
(433, 546, 7, '6369orange.jpg', 70, 'juice', 70),
(434, 531, 7, '5438st.jpg', 160, 'thickshake', 160),
(435, 463, 7, '2829ks.jpg', 140, 'thickshake', 140),
(436, 548, 7, '5692as.jpg', 140, 'thickshake', 140),
(437, 549, 7, '5859bs.jpg', 130, 'thickshake', 130),
(438, 550, 7, '3497ktks.jpg', 130, 'thickshake', 130),
(439, 536, 7, '9556kgs.jpg', 130, 'thickshake', 130),
(440, 89, 7, '2292kp.jpg', 130, 'thickshake', 130),
(441, 532, 7, '3454kb.png', 130, 'thickshake', 130),
(442, 555, 7, '300cs.jpg', 130, 'thickshake', 130),
(443, 556, 7, '2260cs.jpg', 130, 'thickshake', 130),
(445, 557, 7, '9479two.jpg', 120, 'thickshake', 120),
(446, 558, 7, '3594fs.jpg', 120, 'thickshake', 120),
(447, 561, 7, '4453rs.jpg', 100, 'thickshake', 100),
(448, 443, 7, '9229ss.png', 100, 'thickshake', 100),
(450, 88, 7, '9524bb.jpg', 99, 'thickshake', 99),
(451, 563, 7, '5699vs.jpg', 80, 'thickshake', 80),
(453, 564, 7, '6321cc.gif', 45, 'thickshake', 45),
(454, 565, 7, '2098kck.jpg', 65, 'cold coco', 65),
(455, 566, 7, '9302kck.jpg', 50, 'cold coco', 50),
(456, 567, 7, '9994ffs.jpg', 45, 'fruit salad', 45),
(457, 567, 7, '2883fsi.jpg', 55, 'with ice cream', 55),
(458, 521, 7, '4184cms.jpg', 85, 'milk shake with ice cream', 85),
(460, 522, 7, '7115pms.jpg', 75, 'milk shake with ice cream', 75),
(461, 524, 7, '1279bms.jpeg', 70, 'milk shake with ice cream', 70),
(462, 525, 7, '3165sms.jpg', 70, 'milk shake with ice cream', 70),
(463, 526, 7, '3228smd.jpg', 60, 'mike shake', 60),
(464, 1241, 7, '1553smd.jpg', 70, 'milk shake with ice cream', 70),
(465, 467, 7, '9023ps.jpg', 50, 'mike shake', 50),
(467, 527, 7, '7248sg.jpg', 60, 'milk shake with ice cream', 60),
(468, 122, 1, '3170sddefault.jpg', 130, 'punjabi sabji', 130),
(469, 529, 7, '6906ms.jpg', 40, 'milk shake with ice cream', 40),
(470, 530, 7, '4581mfs.jpeg', 55, 'milk shake with ice cream', 55),
(471, 530, 7, '9785mfs.jpeg', 45, 'mike shake', 45),
(473, 531, 7, '8857ss.png', 140, 'dry fruit with ice cream', 140),
(474, 532, 7, '9375kbms.jpg', 120, 'dry fruit with ice cream', 120),
(475, 534, 7, '5250cs.jpg', 105, 'dry fruit with ice cream', 105),
(476, 720, 28, '8133butter.jpg', 80, ' ', 80),
(477, 677, 28, '6797pista malai.jpg', 45, '100  ml', 45),
(478, 678, 28, '2731american-dry-fruit-ice-cream-500x500.jpg', 45, '100ml', 45),
(479, 680, 28, '7307butter.jpg', 45, '100ml', 45),
(480, 681, 28, '9505brownie Ice cream.jpg', 45, '100 ml', 45),
(481, 683, 28, '6930anjeer-ice-cream.jpg', 40, '100 ml', 40),
(482, 690, 28, '3914american-dry-fruit-ice-cream-500x500.jpg', 40, '100 ml', 40),
(483, 685, 28, '5952afghan meva.jpg', 40, '100 ml', 40),
(484, 686, 28, '6944Rajasthani.jpg', 40, '100 ml', 40),
(485, 688, 28, '7285Almond honey.jpg', 40, '100 ml', 40),
(486, 89, 28, '5034kesar-pista-500x500.jpg', 40, '100 ml', 40),
(487, 694, 28, '7816brownie Ice cream.jpg', 40, '100 ml', 40),
(488, 695, 28, '1427roasted nuts.jpg', 40, '10 ml', 40),
(489, 697, 28, '851Raj-Bhog.jpg', 40, '100 ml', 40),
(490, 709, 28, '2192Paan-Ice-Cream-500x375.jpg', 40, '100 ml', 40),
(491, 700, 28, '4478jamfal.jpg', 40, '100 ml', 40),
(492, 703, 28, '5531custard apple.jpg', 40, '100 ml', 40),
(493, 705, 28, '8657m a n g o.jpg', 40, '100 ml', 40),
(494, 535, 7, '6453kks.jpg', 105, 'dry fruit with ice cream', 105),
(495, 550, 28, '5185kitkat ice cream.jpg', 40, '100', 40),
(496, 536, 7, '5930ks.jpg', 100, 'dry fruit with ice cream', 100),
(497, 539, 7, '2019ms.jpg', 70, 'dry fruit with ice cream', 70),
(498, 708, 28, '7194rose petral.jpg', 35, '100 ml', 35),
(499, 540, 7, '6479cj.jpg', 65, 'dry fruit with ice cream', 65),
(500, 731, 28, '800american.jpg', 40, '100 ml', 40),
(501, 711, 28, '6357american.jpg', 35, '100 ml', 35),
(503, 713, 28, '1042gold magic.jpg', 35, '100 ml', 35),
(504, 106, 28, '7327kaju draksh.jpg', 30, '100 ml', 30),
(506, 702, 28, '9421rose petral.jpg', 30, '100 ml', 30),
(510, 718, 28, '8391vanilla.jpg', 25, '100 ml', 25),
(512, 461, 7, '2506bv.jpg', 130, 'sheetal special', 130),
(513, 719, 28, '693vanilla.jpg', 45, '100 ml', 45),
(514, 732, 28, '4640thick shake.jpg', 120, 'Without ice-cream', 120),
(515, 734, 28, '1773thick shake.jpg', 130, 'Without ice-cream', 130),
(516, 732, 28, '6432thick shake.jpg', 130, 'With Ice-Cream', 130),
(517, 734, 28, '5306thick shake.jpg', 140, 'With Ice-Cream', 140),
(518, 728, 28, '1449sp. marwad.jpg', 120, 'Without ice-cream', 120),
(519, 1014, 7, '1437hms.jpg', 130, 'sheetal special', 130),
(520, 680, 28, '1833sp. marwad.jpg', 130, 'With Ice-Cream', 130),
(521, 1015, 7, '8206km.jpg', 145, 'sheetal special', 145),
(522, 678, 28, '9593roasted a.jpg', 120, 'Without ice-cream', 120),
(523, 678, 28, '5736roasted a.jpg', 130, 'With Ice-Cream', 130),
(524, 1016, 7, '9306kd.png', 155, 'sheetal special', 155),
(525, 1017, 28, '2099sp. marwad.jpg', 120, 'Without ice-cream', 120),
(527, 1017, 28, '1139sp. marwad.jpg', 130, 'With Ice-Cream', 130),
(528, 743, 28, '9066roasted a.jpg', 120, 'Without ice-cream', 120),
(530, 743, 28, '2073roasted a.jpg', 120, 'With Ice-Cream', 120),
(533, 536, 28, '2325kaju gulkand thickshake.jpg', 120, 'With Ice-Cream', 120),
(536, 536, 28, '425kaju gulkand thickshake.jpg', 120, 'With Ice-Cream', 120),
(538, 536, 28, '6953kaju gulkand thickshake.jpg', 120, 'Without ice-cream', 120),
(541, 745, 28, '2970roasted a.jpg', 110, 'Without ice-cream', 110),
(543, 745, 28, '3367roasted a.jpg', 120, 'Without ice-cream', 120),
(544, 745, 28, '8399roasted a.jpg', 120, 'With Ice-Cream', 120),
(546, 746, 28, '815roasted a.jpg', 110, 'Without ice-cream', 110),
(549, 746, 28, '1630roasted a.jpg', 120, 'With Ice-Cream', 120),
(550, 661, 28, '9305sp. marwad.jpg', 110, 'Without ice-cream', 110),
(551, 661, 28, '9445sp. marwad.jpg', 120, 'With Ice-Cream', 120),
(552, 89, 28, '3100Kesar-pista.jpg', 120, 'With Ice-Cream', 120),
(553, 89, 28, '1539Kesar-pista.jpg', 110, 'Without ice-cream', 110),
(554, 748, 28, '7729roasted a.jpg', 110, 'Without ice-cream', 110),
(555, 748, 28, '5701roasted a.jpg', 120, 'With Ice-Cream', 120),
(557, 686, 28, '7761sp. marwad.jpg', 110, 'Without ice-cream', 110),
(558, 686, 28, '3097sp. marwad.jpg', 120, 'With Ice-Cream', 120),
(560, 532, 28, '7024roasted a.jpg', 110, 'Without ice-cream', 110),
(562, 532, 28, '5743roasted a.jpg', 120, 'With Ice-Cream', 120),
(567, 750, 28, '987kaju-anjeer-milkshake-848x424.jpg', 120, 'With Ice-Cream', 120),
(568, 752, 28, '6858kaju-anjeer-milkshake-848x424.jpg', 100, 'Without Ice-Cream', 100),
(570, 752, 28, '4088kaju-anjeer-milkshake-848x424.jpg', 120, 'With Ice-Cream', 120),
(573, 683, 28, '7090kaju-anjeer-milkshake-848x424.jpg', 100, 'Without ice-cream', 100),
(575, 683, 28, '4914kaju-anjeer-milkshake-848x424.jpg', 110, 'With Ice-Cream', 110),
(576, 106, 28, '9617BUTTER SCOTCH.jpg', 100, 'Without ice-cream', 100),
(577, 106, 28, '9185BUTTER SCOTCH.jpg', 110, 'With Ice-Cream', 110),
(579, 548, 28, '7385download.jpg', 100, 'Without ice-cream', 100),
(580, 548, 28, '7364download.jpg', 110, 'With Ice-Cream', 110),
(582, 755, 28, '718thick shake.jpg', 100, 'Without ice-cream', 100),
(583, 755, 28, '339thick shake.jpg', 110, 'With Ice-Cream', 110),
(587, 758, 28, '8814thick shake.jpg', 120, 'Without ice-cream', 120),
(589, 758, 28, '7576thick shake.jpg', 130, 'With Ice-Cream', 130),
(590, 550, 28, '3983thick shake.jpg', 100, 'Without ice-cream', 100),
(592, 550, 28, '2770thick shake.jpg', 110, 'With Ice-Cream', 110),
(593, 751, 28, '2473download.jpg', 80, 'Without ice-cream', 80),
(595, 751, 28, '2756download.jpg', 90, 'With Ice-Cream', 90),
(598, 524, 28, '826BUTTER SCOTCH.jpg', 80, 'Without ice-cream', 80),
(599, 88, 28, '7313BUTTER SCOTCH.jpg', 90, 'With Ice-Cream', 90),
(600, 762, 28, '2751kaju gulkand thickshake.jpg', 80, 'Without Ice-Cream', 80),
(602, 762, 28, '6310kaju gulkand thickshake.jpg', 90, 'With Ice-Cream', 90),
(603, 563, 28, '5445vanilla.jpg', 70, 'Without ice-cream', 70),
(604, 563, 28, '1825vanilla.jpg', 80, 'With Ice-Cream', 80),
(605, 719, 28, '8527vanilla.jpg', 120, 'Without ice-cream', 120),
(608, 765, 28, '7476thick shake.jpg', 150, 'Thick Shake', 150),
(609, 768, 28, '6564thick shake.jpg', 150, 'Thick Shake', 150),
(610, 769, 28, '5660thick shake.jpg', 150, 'Thick Shake', 150),
(611, 758, 28, '6171thick shake.jpg', 140, 'Thick Shake', 140),
(612, 680, 28, '5791sp. marwad.jpg', 130, 'Thick Shake', 130),
(613, 711, 28, '9905download.jpg', 70, 'Lassi', 70),
(614, 771, 28, '4856roasted a.jpg', 70, 'Lassi', 70),
(615, 106, 28, '1656sp. marwad.jpg', 70, 'Lassi', 70),
(616, 440, 7, '2407ch.jpg', 60, 'ice cream scoo[', 60),
(618, 781, 28, '3573laassi choco.jpg', 60, 'Lassi', 60),
(619, 543, 28, '4316Mango-Lassi-Piping-Pot-Curry-14-500x487.jpg', 60, 'Lassi', 60),
(620, 562, 28, '7827Strawberry-Lassi-With-Cardamom.jpg', 60, 'Lassi', 60),
(622, 797, 28, '8696rose laasssi.jpg', 60, 'Lassi', 60),
(623, 634, 9, '4648Cheesy-Garlic-Bread-200x200.png', 115, 'Bread', 127),
(624, 798, 28, '3737cream.jpg', 50, ' ', 50),
(626, 566, 28, '2410cold-cocoa-shake-500x500.jpg', 60, 'coco', 60),
(628, 778, 28, '7848cold-cocoa-shake-500x500.jpg', 80, 'Coco', 80),
(629, 87, 28, '7179brownie.jpg', 150, ' ', 150),
(632, 765, 28, '6565chocolate.jpg', 50, 'Ice cream', 50),
(633, 276, 9, '7350suprem.jpg', 125, 'Bread', 138),
(635, 768, 28, '2440dark-chocolate-ice-cream-500x500.jpg', 50, 'Ice cream', 50),
(636, 458, 28, '4808brownie Ice cream.jpg', 45, 'Ice cream', 45),
(638, 780, 28, '4180red-velvet-ice-cream-1-550.jpg', 50, 'Ice cream', 50),
(640, 782, 28, '9657coconut.jpg', 45, 'Ice cream', 45),
(642, 1019, 28, '6678Raj-Bhog.jpg', 75, 'Ice cream cake', 75),
(645, 783, 28, '7575ice cream cake.jpg', 75, 'Ice cream cake', 75),
(648, 1020, 9, '1570Potato-Wedges.png', 90, 'Starter', 99),
(649, 790, 28, '2631rangoli-icecream-amreli-restaurants-s31ku755iw.jpg', 380, 'Big', 380),
(650, 1021, 9, '6868cheesy-wedges-1.png', 90, 'Starter', 99),
(651, 790, 28, '7038rangoli-icecream-amreli-restaurants-s31ku755iw.jpg', 240, 'Small', 240),
(652, 564, 28, '202cold coffee.jpg', 60, ' ', 60),
(654, 566, 28, '8812cold coffee.jpg', 70, ' ', 70),
(668, 483, 7, '6729sp.jpg', 130, 'faluda', 130),
(669, 484, 7, '4379pf.jpg', 120, 'faluda', 120),
(670, 485, 7, '2052tf.jpg', 110, 'faluda', 110),
(671, 486, 7, '9340kf.jpg', 100, 'faluda', 100),
(674, 488, 7, '1210tf.jpg', 90, 'faluda', 90),
(675, 479, 7, '4486bf.jpg', 60, 'cake & pastry', 60),
(676, 828, 27, '5878Make-Peanut-Butter-Cinnamon-Sandwich-Intro.jpg', 30, 'Plain Sandwich', 30),
(677, 480, 7, '752ccp.jpg', 60, 'cake & pastry', 60),
(678, 1025, 27, '541chutney-sandwich-recipe-1a.jpg', 30, 'Plain Sandwich', 30),
(679, 1022, 9, '8249greek.jpg', 120, 'Salad', 132),
(680, 481, 7, '9115pp.jpg', 50, 'cake & pastry', 50),
(681, 1023, 9, '1920watercresssalad.png', 120, 'Salad', 132),
(682, 362, 27, '9163download (1).jpg', 35, 'Plain Sandwich', 35),
(683, 1024, 9, '1141greek.jpg', 120, 'Salad', 132),
(684, 345, 27, '7963veg sandwich.jpg', 40, 'Plain Sandwich', 40),
(685, 482, 7, '4846sp.jpg', 50, 'cake & pastry', 50),
(686, 1026, 27, '8343Chocolate-and-Cheese-Sandwich.jpg', 40, 'Plain Sandwich', 40),
(688, 1027, 9, '9358wrap.png', 99, 'Wrap', 109),
(689, 426, 27, '210cheese.jpg', 50, 'Plain Sandwich', 50),
(691, 616, 27, '9915veg. cheese sandwich.jpg', 60, 'Plain Sandwich', 60),
(692, 615, 27, '4539jam.jpg', 60, 'Plain Sandwich', 60),
(694, 1028, 9, '3533passt.jpg', 120, 'Pasta', 132),
(696, 1031, 9, '1965cpasta.png', 120, 'Pasta', 132),
(697, 1030, 27, '4149Chocolate-and-Cheese-Sandwich.jpg', 60, 'Plain Sandwich', 60),
(698, 1033, 27, '8197aloo.jpg', 50, 'Grill sandwich', 50),
(699, 345, 27, '8885aloo.jpg', 60, 'Grill sandwich', 60),
(703, 1035, 27, '8741aloo.jpg', 80, 'Grill sandwich', 80),
(708, 81, 7, '1597si.jpg', 200, 'ice cream cake', 200),
(710, 1044, 27, '759aloo.jpg', 80, 'Grill sandwich', 80),
(711, 478, 7, '5545ssss.jpg', 120, 'ice cream cake', 120),
(713, 1037, 27, '113aloo.jpg', 80, 'Grill sandwich', 80),
(714, 1049, 27, '5492aloo.jpg', 80, 'Grill sandwich', 80),
(715, 616, 27, '1455aloo.jpg', 90, 'Grill sandwich', 90),
(716, 1062, 27, '3491aloo.jpg', 100, 'Grill sandwich', 100),
(717, 1063, 27, '5493aloo.jpg', 120, 'Grill sandwich', 120),
(718, 828, 27, '8835download (1).jpg', 15, 'Slice(Plain)', 15),
(719, 362, 27, '7788download (1).jpg', 20, 'Slice (Plain)', 20),
(720, 1069, 27, '8111download (1).jpg', 20, 'Slice (Plain)', 20),
(721, 1926, 27, '419Chocolate-and-Cheese-Sandwich.jpg', 30, 'Slice(Plain/Cheese)', 30),
(722, 842, 27, '392veggie-burger-recipe-5.jpg', 50, ' ', 50),
(723, 817, 27, '1066cheese puff.jpg', 40, ' ', 40),
(724, 806, 27, '6771dabeli-food-indian-healthy-snack-104326651.jpg', 25, 'oil', 25),
(725, 806, 27, '4876dabeli-food-indian-healthy-snack-104326651.jpg', 30, 'butter', 30),
(726, 806, 27, '302cheese dabeli.jpg', 50, 'cheese', 50),
(727, 1080, 27, '1199dabeli-food-indian-healthy-snack-104326651.jpg', 40, 'Butter', 40),
(728, 1080, 27, '3401cheese dabeli.jpg', 60, 'cheese', 60),
(729, 1081, 27, '3450dabeli-food-indian-healthy-snack-104326651.jpg', 30, 'Oil', 30),
(730, 1081, 27, '8413dabeli-food-indian-healthy-snack-104326651.jpg', 40, 'Butter', 40),
(731, 1081, 27, '5796cheese dabeli.jpg', 60, 'Cheese', 60),
(732, 325, 27, '988vadapav.jpg', 25, 'Oil', 25),
(733, 326, 27, '5453vada pav butter.jpg', 30, 'Butter', 30),
(734, 366, 27, '9320cheese-vada-pav-a.jpg', 50, 'Cheese', 50),
(735, 1083, 27, '2812vada pav butter.jpg', 40, 'Butter', 40),
(736, 1083, 27, '2878cheese-vada-pav-a.jpg', 60, 'cheese', 60),
(737, 338, 27, '8273Bhel.jpg', 40, 'Regular', 40),
(738, 340, 27, '8617cheese Bhel.jpg', 60, 'Cheese', 60),
(739, 1105, 27, '4851Bhel.jpg', 40, 'Regular', 40),
(740, 1105, 27, '2863cheese Bhel.jpg', 60, 'Cheese', 60),
(741, 1106, 27, '9185Bhel.jpg', 40, 'Regular', 40),
(742, 1106, 27, '583cheese Bhel.jpg', 60, 'Cheese', 60),
(743, 1084, 27, '7207Bhel.jpg', 40, 'Regular', 40),
(744, 1084, 27, '3492cheese Bhel.jpg', 60, 'cheese', 60),
(745, 523, 27, '9652Pizza.jpg', 100, ' ', 100),
(746, 197, 27, '3536Pizza.jpg', 100, ' ', 100),
(747, 1085, 27, '4288Pizza.jpg', 100, ' ', 100),
(748, 193, 27, '1823Pizza.jpg', 100, ' ', 100),
(749, 430, 27, '8428Pizza.jpg', 100, ' ', 100),
(750, 194, 27, '8936Pizza.jpg', 100, ' ', 100),
(751, 261, 27, '3665download (2).jpg', 100, ' ', 100),
(752, 160, 4, '2073baby corn.jpg', 110, ' ', 110),
(753, 163, 4, '5368noodl.jpg', 115, ' ', 115),
(754, 166, 4, '1667won ton.jpg', 130, ' ', 130),
(755, 165, 4, '7288mushroom s.png', 120, ' ', 120),
(756, 167, 4, '6018english.jpg', 90, ' ', 90),
(757, 169, 4, '1208palak.jpg', 95, ' ', 95),
(758, 173, 4, '4570corn4.jpg', 160, ' ', 160),
(759, 175, 4, '4845lemon corriander.png', 135, ' ', 135),
(760, 1038, 4, '6830sesame.jpg', 180, ' ', 180),
(761, 70, 4, '4399french-fries-recipe-1-1-500x500.jpg', 75, ' ', 75),
(762, 1012, 4, '7437veg-manchurian-7.jpg', 165, ' ', 165),
(763, 1040, 4, '5069gobi.jpg', 165, ' ', 165),
(764, 1042, 4, '4331paneer-manchurian-recipe.jpg', 200, ' ', 200),
(765, 45, 4, '1218paneer chill.jpg', 210, ' ', 210),
(766, 1046, 4, '2mushroom-manchurian-recipe-1a.jpg', 200, ' ', 200),
(767, 844, 17, '443cp.jpg', 50, 'only paper', 50),
(768, 1143, 17, '471pb.jpg', 60, 'only paper', 60),
(769, 871, 17, '7173cp.jpg', 70, 'only paper', 70),
(770, 380, 17, '7248md.jpg', 90, 'Masala Ka Kamal', 90),
(771, 872, 17, '7088cm.jpg', 130, 'Masala Ka Kamal', 130),
(772, 849, 17, '7842pm.jpg', 130, 'Masala Ka Kamal', 130),
(773, 845, 17, '4623lm.jpg', 110, 'Masala Ka Kamal', 110),
(774, 1145, 17, '8112mm.png', 120, 'Mysore Masala', 120),
(775, 873, 17, '9639cm.jpg', 130, 'Mysore Masala', 130),
(776, 874, 17, '2563pm.jpg', 130, 'Mysore Masala', 130),
(777, 875, 17, '8131lm.jpg', 110, 'Mysore Masala', 110),
(778, 851, 17, '8596su.jpg', 90, 'Uttapam', 90),
(779, 422, 17, '1316tu.jpg', 110, 'Uttapam', 110),
(780, 424, 17, '1570ou.jpg', 110, 'Uttapam', 110),
(781, 877, 17, '8939md.jpg', 160, 'Today S/P', 160),
(782, 1146, 17, '4453mm.png', 100, 'Utterly Butter', 100),
(783, 1145, 17, '4350mm.png', 130, 'Utterly Butter', 130),
(784, 879, 17, '5243cm.jpg', 150, 'Utterly Butter', 150),
(785, 845, 17, '7584lm.jpg', 140, 'Utterly Butter', 140),
(787, 881, 17, '1757rm.jpg', 120, 'Utterly Butter', 120),
(788, 882, 17, '549fm.jpg', 130, 'Utterly Butter', 130),
(789, 834, 17, '7591r.jpg', 90, 'ravishing rava', 90),
(790, 407, 17, '2302rm.jpg', 110, 'ravishing rava', 110),
(791, 1147, 17, '61rava my.jpg', 140, 'ravishing rava', 140),
(792, 884, 17, '6297rava paneer.jpg', 140, 'ravishing rava', 140),
(793, 1148, 17, '1110rava ly.jpg', 120, 'ravishing rava', 120),
(794, 1149, 17, '7387su.jpg', 140, 'Dosha. In special', 140),
(795, 396, 7, '9658sd.jpg', 200, 'Dosha. In special', 200),
(796, 1151, 17, '1658vo.jpg', 100, 'Dosha. In special', 100),
(797, 855, 17, '236ids.jpg', 60, 'Dosha. In special', 60),
(798, 889, 17, '630fd.jpg', 160, ' ', 160),
(799, 850, 17, '2013fmd.jpg', 120, 'fry dosa', 120),
(800, 891, 17, '8264mm.png', 130, 'fry dosa', 130),
(802, 892, 17, '6092lm.jpg', 125, 'fry dosa', 125),
(803, 893, 17, '3541cm.jpg', 140, 'fry dosa', 140),
(804, 894, 17, '3837mm.png', 160, 'fry dosa', 160),
(806, 895, 17, '5885pm.jpg', 160, 'fry dosa', 160),
(807, 896, 17, '8617pm.jpg', 160, 'fry dosa', 160),
(808, 380, 17, '4203mm.png', 270, 'faimly dosa', 270),
(810, 872, 17, '1945cm.jpg', 350, 'family dosa', 350),
(811, 849, 17, '4044pm.jpg', 340, 'family dosa', 340),
(812, 845, 17, '40lm.jpg', 330, 'family dosa', 330),
(814, 873, 17, '8370cm.jpg', 360, 'family dosa', 360),
(815, 874, 17, '6120pm.jpg', 320, 'family dosa', 320),
(816, 382, 17, '211sd.jpg', 160, ' ', 160),
(817, 1153, 17, '6802fd.jpg', 160, ' ', 160),
(818, 897, 17, '4381hd.jpg', 150, ' ', 150),
(819, 898, 18, '5559mf.jpg', 30, 'vada pav', 30),
(820, 368, 18, '7008cv.jpg', 40, 'vada pav', 40),
(821, 1047, 4, '6162baby corn much.jpg', 190, ' ', 190),
(822, 1048, 4, '3835veg-spring-roll-main.jpg', 205, ' ', 205),
(823, 1154, 4, '8755Paneer spring.jpg', 210, ' ', 210),
(824, 1050, 4, '729Mushroom-spring-rolls.jpg', 210, ' ', 210),
(825, 602, 4, '1155big_chinese_bhel_(_chinese_recipe_)-14635.jpg', 165, ' ', 165),
(826, 1155, 4, '2514veg-lollipop-recipe-1a.jpg', 200, ' ', 200),
(827, 1057, 4, '3860paneer crisp.jpg', 200, ' ', 200),
(828, 1007, 4, '312veg-crispy-2.jpg', 185, ' ', 185),
(829, 1059, 4, '3502mix crisp.jpg', 215, ' ', 215),
(830, 1060, 4, '947gold.jpg', 195, ' ', 195),
(831, 592, 4, '4142dragon.jpg', 185, ' ', 185),
(832, 1064, 4, '3520pap.jpg', 240, ' ', 240),
(833, 1065, 4, '9122tadka.jpg', 135, ' ', 135),
(834, 1066, 4, '8858Dal-Fry-Recipe-Step-By-Step-Instructions.jpg', 125, ' ', 125),
(835, 263, 4, '6395Aloo-Matar-No-Onion-Garlic jpg 1 of 5_.jpg', 155, ' ', 155),
(836, 136, 4, '1592chan.jpg', 165, ' ', 165),
(837, 260, 4, '1999mix-veg-recipe-2.jpg', 150, ' ', 150),
(838, 953, 4, '219Dum-Aloo-Recipe-Step-By-Step-Instructions.jpg', 160, ' ', 160),
(839, 1068, 4, '9519toma.jpg', 175, ' ', 175),
(840, 268, 4, '6394nargia.jpg', 175, ' ', 175),
(841, 144, 4, '720vegHandi.png', 165, ' ', 165),
(842, 107, 4, '3017palak\'.jpg', 180, ' ', 180),
(845, 147, 4, '3962vegDilruba.jpg', 160, ' ', 160),
(846, 960, 4, '5550Corn_Tomato_Bharta_3.JPG', 180, ' ', 180),
(847, 177, 4, '1245malai-kofta-recipe.jpg', 175, ' ', 175),
(848, 1072, 4, '2389mushroom masala recipe.JPG', 190, ' ', 190),
(849, 1073, 4, '2701jeera.jpg', 50, ' ', 50),
(850, 1074, 4, '3242potato-stuffed-naan-vegan-thumb-2.jpg', 80, ' ', 80),
(851, 29, 4, '5661Garlic-Naan-500x500.jpg', 85, ' ', 85),
(852, 1076, 4, '1996Cheese-Stuffed-Naan-Bread-2.jpg', 105, ' ', 105),
(853, 1077, 4, '6947cheese garlic.jpg', 115, ' ', 115),
(854, 1078, 4, '8901kashm.jpg', 125, ' ', 125),
(855, 1079, 4, '0paneer Nan.jpg', 115, ' ', 115),
(856, 36, 4, '9966butter kul.jpg', 50, ' ', 50),
(857, 1086, 4, '7057Stuffed_Veggie_Kulcha.jpg', 75, ' ', 75),
(858, 1090, 4, '4606puri.jpg', 45, ' ', 45),
(859, 38, 4, '5732cheese rot.jpg', 65, ' ', 65),
(860, 40, 4, '5864garlic-tandoori-roti-recipe-main-photo.jpg', 60, ' ', 60),
(861, 41, 4, '2122har.jpg', 80, ' ', 80),
(862, 42, 4, '3623garlic-tandoori-roti-recipe-main-photo.jpg', 55, ' ', 55),
(863, 19, 4, '4589steamed-rice_med.jpg', 75, ' ', 75),
(864, 737, 4, '1544jeera.jpg', 85, ' ', 85),
(865, 1095, 4, '7500veg-pulao-recipe-step-by-step-instructions.jpg', 95, ' ', 95),
(866, 25, 4, '5737green.jpg', 105, ' ', 105),
(867, 18, 4, '6380kashmiri.pulao.jpg', 125, ' ', 125),
(868, 1098, 4, '1478Veg-Biryani-1-2.jpg', 120, ' ', 120),
(869, 1099, 4, '4052Hyderabadi_Vegetable_Biryani_Recipe_7_400.jpg', 130, ' ', 130),
(870, 1156, 9, '330aeric.jpg', 219, 'American Meal', 219),
(871, 1157, 9, '8529combo.jpg', 274, 'American Meal', 274),
(872, 1159, 9, '8209imagescombo.jpg', 164, 'American', 164),
(873, 1158, 9, '4450imagescombo.jpg', 186, 'American', 186),
(874, 1160, 9, '1873combo.jpg', 438, 'Combo', 438),
(875, 26, 4, '7516corn biryani.jpg', 125, ' ', 125),
(876, 27, 4, '7727Fried.jpg', 130, ' ', 130),
(877, 21, 4, '6943green.jpg', 120, ' ', 120),
(878, 24, 4, '4236Masala-Khichdi.jpg', 135, ' ', 135),
(879, 23, 4, '8395corn.jpg', 135, ' ', 135),
(880, 970, 4, '6015handi.jpg', 150, ' ', 150),
(881, 22, 4, '3861Veg-Biryani-1-2.jpg', 160, ' ', 160),
(882, 985, 4, '87461c3f8ec546d060e696d305cbfe714afc.jpg', 190, ' ', 190),
(883, 1103, 4, '2296si.jpg', 200, ' ', 200),
(884, 1109, 4, '3073veg.jpg', 210, ' ', 210),
(886, 804, 4, '3773big_italian_sizzler_(_quick_recipe)-10366.jpg', 180, ' ', 180),
(887, 1111, 4, '2091c3f8ec546d060e696d305cbfe714afc.jpg', 220, ' ', 220),
(888, 1112, 4, '1477si.jpg', 240, ' ', 240),
(889, 815, 4, '8604big_italian_sizzler_(_quick_recipe)-10366.jpg', 250, ' ', 250),
(890, 989, 4, '6633s.jpg', 260, ' ', 260),
(891, 1526, 4, '6587roasted-vegetables-10.jpg', 160, ' ', 160),
(892, 1528, 4, '5433pine.jpg', 165, ' ', 165),
(894, 1528, 4, '7720pi.jpg', 180, ' ', 180),
(896, 1530, 4, '2583tom.jpg', 170, ' ', 170),
(897, 1533, 4, '3135sz.jpg', 180, ' ', 180),
(898, 1534, 4, '6074baby-corn-fry-1.jpg', 180, ' ', 180),
(899, 72, 4, '8886brownie.jpg', 200, ' ', 200),
(900, 75, 4, '9292vanilla-ice-cream-resize-9.jpg', 50, ' ', 50),
(901, 78, 4, '8485Vegan-Strawberry-Ice-Cream-14.jpg', 65, ' ', 65),
(902, 81, 4, '4590easy-chocolate-ice-cream-recipe-1945798-hero-01-45d9f26a0aaf4c1dba38d7e0a2ab51e2.jpg', 65, ' ', 65),
(903, 1525, 4, '6986sour.jpg', 135, ' ', 135),
(905, 52, 4, '7526real american.jpg', 165, ' ', 165),
(906, 1126, 4, '4748american-chop-suey_dsc0265-(29)-5-186191.jpg', 155, ' ', 155),
(907, 1127, 4, '9535Vegetables-in-hot-garlic-sauce-6.jpg', 145, ' ', 145),
(908, 55, 4, '4676fried.jpg', 175, ' ', 175),
(909, 56, 4, '5998Hakka noodles.jpg', 160, ' ', 160),
(910, 57, 4, '971schezwan-noodles-1a-500x375.jpg', 185, ' ', 185),
(911, 600, 4, '5085Gravy.jpg', 160, ' ', 160),
(912, 46, 4, '4977Chilli paneer.jpg', 185, ' ', 185),
(913, 59, 4, '6901baby corn.jpg', 170, ' ', 170),
(914, 612, 4, '7205fried rice.jpg', 160, ' ', 160),
(915, 60, 4, '2672jeera.jpg', 120, ' ', 120),
(916, 1136, 4, '3991schezwan-fried-rice-1.jpg', 180, ' ', 180),
(917, 63, 4, '9841combina.jpg', 180, ' ', 180),
(918, 61, 4, '8998triple rice.jpg', 210, ' ', 210),
(919, 1163, 18, '8792cpv.jpg', 45, 'vada pav', 45),
(920, 1924, 18, '6467bmv.JPG', 35, 'vada pav', 35),
(921, 552, 8, '7558kisspng-vegetarian-cuisine-buffet-indian-cuisine-thali-res-download-apk-for-android-android-apk-5b75d19f0466d8.828973041534448031018.jpg', 200, ' ', 200),
(923, 1166, 18, '4637rfs.jpg', 80, 'French Fries', 80),
(924, 901, 18, '540rfs.jpg', 100, 'French Fries', 100),
(925, 582, 8, '5886papa.jpg', 20, ' ', 20),
(926, 203, 6, '6986Paneer Sabji.jpg', 220, 'Paneer', 220),
(927, 992, 8, '9671fry.jpg', 25, ' ', 25),
(928, 1925, 18, '2074cg.jpg', 100, 'Garlic Bread', 100),
(929, 993, 8, '535PAPAD-FRY-MASALA.jpg', 35, ' ', 35),
(930, 110, 6, '2302tikka.jpg', 170, 'Paneer', 170),
(931, 569, 8, '2694download (2).jpg', 50, ' ', 50),
(932, 570, 8, '8299kacu.jpg', 70, ' ', 70),
(933, 903, 18, '2403cg.jpg', 110, 'Garlic Bread', 110),
(934, 593, 8, '3423lassi.jpg', 60, ' ', 60),
(935, 219, 6, '7071PAneer Buttter.jpg', 160, 'Paneer', 160),
(936, 245, 6, '653Paneer Sabji.jpg', 160, 'Paneer', 160),
(937, 915, 18, '1110pg.jpg', 120, 'Garlic Bread', 120),
(938, 204, 6, '7732Paneer Sabji.jpg', 180, 'Paneer', 180),
(939, 1167, 8, '6755lassi 2.jpg', 75, ' ', 75),
(940, 591, 8, '9919chas.jpg', 30, ' ', 30),
(941, 594, 8, '4366masala chas.jpg', 40, ' ', 40),
(942, 1168, 8, '212water.jpg', 30, ' ', 30),
(943, 205, 6, '1529Makhanwala.jpg', 160, 'Paneer', 160),
(944, 1169, 8, '445cold-drinks-hostel-11550196418vryftufxbu.png', 25, ' ', 25),
(945, 905, 18, '7777mt.jpg', 60, 'Toast Sandwich', 60),
(946, 906, 18, '6387mt.jpg', 60, 'Toast Sandwich', 60),
(947, 114, 6, '6687tikka.jpg', 160, 'Paneer', 160),
(948, 206, 6, '1394shahi-paneer-recipe-735x490.jpg', 180, 'Paneer', 180),
(949, 207, 6, '5435Paneer Sabji.jpg', 170, 'Paneer', 170),
(950, 208, 6, '5677Paneer Sabji.jpg', 180, 'Paneer', 180),
(951, 1170, 18, '4901gs.jpg', 120, 'Garlic Sandwich', 120),
(952, 912, 18, '1769gs.jpg', 100, 'Grill Sandwich', 100),
(953, 115, 6, '1994PAneer Buttter.jpg', 160, 'Paneer', 160),
(954, 913, 18, '1830hd.jpg', 75, 'hotdog', 75),
(955, 209, 6, '4562Paneer Sabji.jpg', 160, 'Paneer', 160),
(956, 914, 18, '9077hd.jpg', 85, 'hotdog', 85),
(957, 916, 18, '2335hd.jpg', 90, 'hotdog', 90),
(958, 915, 18, '6126hd.jpg', 90, 'hotdog', 90),
(959, 210, 6, '4039HAriyali.jpg', 150, 'Paneer', 150),
(960, 917, 18, '4396hd.jpg', 100, 'hotdog', 100),
(961, 307, 6, '1052Paneer Sabji.jpg', 150, 'Paneer', 150),
(962, 107, 6, '2806HAriyali.jpg', 150, 'Paneer', 150),
(963, 345, 18, '6202sw.jpg', 50, 'sandwich', 50),
(964, 828, 18, '1416sw.jpg', 30, 'sandwich', 30),
(965, 211, 6, '8153Baby-Corn-Paneer-Mushroom-Masala.jpg', 180, 'Paneer', 180),
(966, 919, 18, '3744sw.jpg', 50, 'sandwich', 50),
(967, 212, 6, '2609Baby-Corn-Paneer-Mushroom-Masala.jpg', 180, 'Paneer', 180),
(968, 1171, 8, '5742lag.jpg', 80, ' ', 80),
(969, 1029, 18, '4074sw.jpg', 60, 'sandwich', 60),
(970, 118, 6, '8537Bhurji.jpg', 180, 'Paneer', 180),
(971, 1172, 8, '7212pina.jpg', 80, ' ', 80),
(972, 571, 8, '5040boondi-raita-recipe-1-500x500.jpg', 60, ' ', 60),
(973, 921, 18, '3118sw.jpg', 120, 'sandwich', 120),
(974, 119, 6, '4864Patiyala.jpg', 170, 'Paneer', 170),
(975, 922, 18, '7129sw.jpg', 50, 'sandwich', 50),
(976, 576, 8, '7817pineapple-raita-recipe-1-500x500.jpg', 70, ' ', 70),
(977, 117, 6, '8135Paneer Sabji.jpg', 170, 'Paneer', 170),
(978, 923, 18, '1876sw.jpg', 120, 'sandwich', 120),
(979, 124, 6, '6652Patiyala.jpg', 180, 'Paneer', 180),
(980, 595, 8, '6705curd.jpg', 50, ' ', 50),
(981, 632, 18, '4274pg.jpg', 80, 'New extra', 80),
(982, 924, 18, '2870pg.jpg', 100, 'New extra', 100),
(983, 925, 18, '2335ep.jpg', 5, 'New extra', 5),
(984, 131, 6, '7371Butter MAsala.jpg', 180, 'Paneer', 180),
(985, 835, 18, '9377sw.jpg', 110, 'sandwich', 110),
(986, 130, 6, '6970Anguri.jpg', 180, 'Paneer', 180),
(987, 928, 18, '5078bg.jpg', 70, 'burger', 70),
(988, 1176, 8, '6785pasta.jpg', 120, ' ', 120),
(989, 216, 6, '7318kaju-curry-1.jpg', 180, 'Paneer', 180),
(990, 1177, 8, '6794cheese pasta.jpg', 150, ' ', 150),
(991, 299, 6, '5190kaju-curry-1.jpg', 180, 'Paneer', 180),
(992, 1174, 8, '5008roasted-vegetables-10.jpg', 160, ' ', 160),
(993, 929, 18, '6665bg.jpg', 80, 'burger', 80),
(994, 1922, 18, '3873bg.jpg', 80, 'burger', 80),
(995, 168, 6, '7728kaju paneer.jpg', 180, 'Paneer', 180),
(996, 1173, 8, '5517macr.jpg', 180, ' ', 180),
(997, 930, 18, '5350bg.jpg', 75, 'burger', 75),
(998, 143, 8, '8718tomato-soup-recipe-food-japanese-cuisine-cooking-png-clip-art.png', 80, ' ', 80),
(999, 784, 8, '605ministroam.jpg', 90, ' ', 90),
(1000, 966, 6, '1611kaju-koya-gravy-1.jpg', 180, 'Paneer', 180),
(1001, 150, 8, '2041sweet corn.png', 95, ' ', 95),
(1002, 932, 18, '483bg.jpg', 100, 'burger', 100),
(1004, 250, 6, '44Best-Kadai-Paneer.jpg', 140, 'Veg.', 140),
(1005, 931, 18, '7574bg.jpg', 65, 'burger', 65),
(1006, 577, 8, '2634soup-png-clip-art-thumbnail.png', 90, ' ', 90),
(1007, 169, 8, '6122palak\'.jpg', 90, ' ', 90),
(1008, 200, 18, '720pz.jpg', 160, 'pizza', 160),
(1009, 137, 6, '8322jaipuri.jpg', 140, 'Veg.', 140),
(1010, 789, 8, '5279manch.jpg', 100, ' ', 100),
(1012, 933, 18, '6913pz.jpg', 140, 'pizza', 140),
(1013, 193, 18, '2568pz.jpg', 170, 'pizza', 170),
(1014, 1131, 8, '3880veg-manchurian-7.jpg', 110, ' ', 110),
(1015, 794, 8, '9288cheese corn.jpg', 110, ' ', 100),
(1016, 431, 18, '2397pz.jpg', 170, 'pizza', 170),
(1017, 572, 8, '1006hot sour.jpg', 110, ' ', 110),
(1018, 259, 6, '1022Anguri.jpg', 140, 'Veg.', 140),
(1019, 175, 8, '6761lemon corriander.png', 120, ' ', 120),
(1020, 1175, 8, '7163englis.jpg', 110, ' ', 110),
(1021, 256, 6, '6588Anguri.jpg', 140, 'Veg.', 140),
(1022, 144, 6, '2295Anguri.jpg', 140, 'Veg.', 140),
(1023, 1183, 18, '3344pz.jpg', 175, 'pizza', 175),
(1024, 79, 18, '2586pz.jpg', 180, 'pizza', 180),
(1025, 227, 6, '6105Anguri.jpg', 140, 'Veg.', 140),
(1026, 936, 18, '6221pz.jpg', 200, 'pizza', 200),
(1027, 799, 8, '12381c3f8ec546d060e696d305cbfe714afc.jpg', 230, ' ', 230),
(1028, 198, 18, '7899pz.jpg', 200, 'pizza', 200),
(1029, 1185, 6, '7543Best-Kadai-Paneer.jpg', 190, 'Veg.', 190),
(1030, 293, 6, '804Makhanwala.jpg', 140, 'Veg.', 140),
(1031, 537, 18, '9666pz.jpg', 180, 'pizza', 180),
(1032, 800, 8, '1982s.jpg', 250, ' ', 250),
(1033, 938, 18, '948pz.jpg', 220, 'pizza', 220),
(1034, 290, 6, '2403Anguri.jpg', 160, 'Veg.', 160),
(1035, 801, 8, '9482veg.jpg', 260, ' ', 260),
(1036, 151, 6, '6918jaipuri.jpg', 180, 'Veg.', 180),
(1037, 803, 8, '4640si.jpg', 280, ' ', 280),
(1038, 288, 6, '6564Patiyala.jpg', 170, 'Veg.', 170),
(1039, 1110, 8, '3874big_italian_sizzler_(_quick_recipe)-10366.jpg', 300, ' ', 300);
INSERT INTO `hotel_menu` (`hm_id`, `m_id`, `h_id`, `image`, `price`, `type`, `sell_price`) VALUES
(1040, 1186, 8, '6194PANEER_SHASHLIK_SIZZLER.jpg', 320, ' ', 320),
(1041, 296, 6, '9003shahi-paneer-recipe-735x490.jpg', 180, 'Veg.', 180),
(1042, 592, 8, '9478dragon.jpg', 175, ' ', 175),
(1043, 1187, 6, '8999jaipuri.jpg', 180, 'Veg.', 180),
(1044, 237, 6, '8974Anguri.jpg', 180, 'Veg.', 180),
(1045, 136, 6, '8612chana.jpg', 140, 'Veg.', 140),
(1046, 177, 6, '4313Kofta.jpg', 160, 'Kofta', 160),
(1047, 956, 6, '1720Kofta.jpg', 160, 'Kofta', 160),
(1048, 1189, 18, '3744gs.jpg', 150, 'sandwich', 150),
(1049, 268, 6, '7103Kofta.jpg', 160, 'Kofta', 160),
(1050, 156, 6, '8713Kofta.jpg', 150, 'Kofta', 150),
(1051, 939, 2, '7597sp.jpg', 300, 'surya special', 300),
(1052, 940, 2, '7287mp.jpg', 250, 'surya special', 250),
(1053, 941, 2, '6759mp.jpg', 230, 'surya special', 230),
(1054, 1073, 6, '6966Jeera roti.jpg', 30, 'Roti', 30),
(1055, 10, 6, '3054Butter Paratha].jpg', 40, 'Roti', 40),
(1056, 36, 6, '8622Jeera roti.jpg', 50, 'Roti', 50),
(1057, 1188, 8, '9201cheese-balls-1.jpg', 190, ' ', 190),
(1058, 8, 6, '5260Jeera roti.jpg', 50, 'Roti', 50),
(1059, 1074, 6, '5527Jeera roti.jpg', 70, 'Roti', 70),
(1060, 314, 8, '7147corn-chilli-cheese-balls-890.jpg', 210, ' ', 210),
(1062, 942, 2, '363mp.jpg', 200, 'surya special', 200),
(1063, 230, 2, '1246vr.png', 250, 'surya special', 250),
(1065, 944, 2, '6924vr.png', 250, 'surya special', 250),
(1066, 1048, 8, '283Mushroom-spring-rolls.jpg', 185, ' ', 185),
(1067, 1155, 8, '2475veg-lollipop-recipe-1a.jpg', 170, ' ', 170),
(1068, 227, 2, '8065vh.jpg', 170, 'Hara bhara veg', 170),
(1069, 250, 2, '866vh.jpg', 165, 'Hara bhara veg', 165),
(1070, 335, 30, '4487dabeli-food-indian-healthy-snack-104326651.jpg', 20, 'Reguler', 20),
(1071, 602, 8, '9874big_chinese_bhel_(_chinese_recipe_)-14635.jpg', 150, ' ', 150),
(1072, 1058, 8, '4510veg-crispy-2.jpg', 165, ' ', 165),
(1073, 1196, 6, '981Jeera roti.jpg', 30, 'Roti', 30),
(1074, 322, 30, '3380cheese dabeli.jpg', 25, ' ', 25),
(1075, 1197, 6, '2582Jeera roti.jpg', 30, 'Roti', 30),
(1076, 225, 2, '4213vh.jpg', 170, 'Hara bhara veg', 170),
(1077, 323, 30, '5074cheese dabeli.jpg', 40, ' ', 40),
(1078, 1198, 6, '5674Jeera roti.jpg', 40, 'Roti', 40),
(1079, 1191, 8, '7537aloo-tikki-recipe-1.jpg', 160, ' ', 160),
(1080, 945, 2, '4687vt.jpg', 170, 'Hara bhara veg', 170),
(1081, 256, 2, '8201vt.jpg', 150, 'Hara bhara veg', 150),
(1082, 325, 30, '2345vadapav.jpg', 20, ' ', 20),
(1083, 1200, 6, '7494Jeera roti.jpg', 50, 'Roti', 50),
(1084, 293, 2, '5728vt.jpg', 160, 'Hara bhara veg', 160),
(1085, 1199, 6, '3418Jeera roti.jpg', 70, 'Roti', 70),
(1086, 59, 8, '6084baby corn.jpg', 155, ' ', 155),
(1087, 254, 2, '7165vh.jpg', 150, 'Hara bhara veg', 150),
(1088, 1066, 6, '4513Dal Fry.jpg', 90, 'Dal/ Kadi', 90),
(1089, 1193, 8, '6250hara-bhara-kabab-recipe-1-500x500.jpg', 190, ' ', 190),
(1090, 4, 6, '1887Dal Fry.jpg', 100, 'Dal/ Kadi', 100),
(1091, 811, 30, '9194masala-pav-500x500.png', 25, ' ', 25),
(1092, 65, 6, '368Dal Fry.jpg', 120, 'Dal/ Kadi', 120),
(1093, 1005, 8, '959paneer tikka.jpg', 210, ' ', 210),
(1094, 138, 2, '944vt.jpg', 170, 'Hara bhara veg', 170),
(1095, 66, 6, '6189Dal Fry.jpg', 120, 'Dal/ Kadi', 120),
(1096, 259, 2, '656vr.png', 175, 'Hara bhara veg', 175),
(1097, 326, 30, '9167vada pav butter.jpg', 30, ' ', 30),
(1098, 137, 2, '7358vr.png', 180, 'Hara bhara veg', 180),
(1099, 597, 8, '1222veg-manchurian-7.jpg', 150, ' ', 150),
(1100, 328, 30, '2139cheese-vada-pav-a.jpg', 45, ' ', 45),
(1101, 1040, 8, '1427gobi.jpg', 160, ' ', 160),
(1102, 1203, 6, '3185Panjabi Kadi.jpg', 90, 'Dal/ Kadi', 90),
(1103, 949, 2, '1858st.jpg', 140, 'Hara bhara veg', 140),
(1104, 1202, 30, '8132vadapav.jpg', 35, ' ', 35),
(1105, 45, 8, '6836paneer chill.jpg', 180, ' ', 180),
(1106, 1204, 6, '503dhaba dal.jpg', 90, 'Dal/ Kadi', 90),
(1107, 430, 30, '2540Pizza.jpg', 70, 'm', 70),
(1108, 1205, 2, '864sc.jpg', 140, 'Hara bhara veg', 140),
(1109, 430, 30, '8560Pizza.jpg', 120, 'L', 120),
(1110, 1042, 8, '1817paneer crisp.jpg', 180, ' ', 180),
(1111, 68, 6, '7204biryani.jpg', 160, 'Rice&Biryani', 160),
(1112, 1920, 6, '4693rice.jpg', 90, 'Rice&Biryani', 90),
(1113, 1928, 6, '6734jeera rice.jpg', 100, 'Rice&Biryani', 100),
(1114, 13, 6, '8908biryani.jpg', 110, 'Rice&Biryani', 110),
(1115, 193, 30, '1962aeric.jpg', 70, 'M', 70),
(1117, 1067, 2, '9178am.jpg', 140, 'Hara bhara veg', 140),
(1118, 25, 6, '8077biryani.jpg', 110, 'Rice&Biryani', 110),
(1119, 1206, 2, '4030am.jpg', 140, 'Hara bhara veg', 140),
(1120, 18, 6, '9816biryani.jpg', 130, 'Rice&Biryani', 130),
(1122, 193, 30, '8665aeric.jpg', 120, 'L', 120),
(1123, 136, 2, '8409am.jpg', 130, 'Hara bhara veg', 130),
(1124, 14, 6, '347biryani.jpg', 130, 'Rice&Biryani', 130),
(1125, 194, 30, '6446Pizza.jpg', 70, 'M', 70),
(1126, 970, 6, '5514biryani.jpg', 130, 'Rice&Biryani', 130),
(1127, 268, 2, '1921nargisi_kofta_curry.jpg', 160, 'Hara bhara veg', 160),
(1128, 194, 30, '4920Pizza.jpg', 120, 'L', 120),
(1129, 67, 6, '6817Punjabi Khichdi.jpg', 100, 'Rice&Biryani', 100),
(1130, 952, 2, '6110vr.png', 170, 'Hara bhara veg', 170),
(1131, 953, 2, '3137d.jpg', 130, 'Hara bhara veg', 130),
(1132, 1131, 6, '9112veg-manchurian-7.jpg', 150, 'Chinese', 150),
(1133, 1066, 2, '127df.jpg', 90, 'Hara bhara veg', 90),
(1134, 1065, 2, '3790dt.jpg', 100, 'Hara bhara veg', 100),
(1135, 1208, 8, '3060kashmiri.pulao.jpg', 110, ' ', 110),
(1136, 1927, 2, '4304sb.jpg', 70, 'Hara bhara veg', 70),
(1137, 602, 6, '3822chinese bhel.jpg', 150, 'Chinese', 150),
(1139, 1923, 2, '3913cp.jpg', 150, 'Hara bhara veg', 150),
(1140, 1125, 6, '7850chinese bhel.jpg', 150, 'Chinese', 150),
(1141, 114, 2, '5519paneerHandi.jpg', 190, 'Paneer me bana huva', 190),
(1143, 611, 6, '2851chinese bhel.jpg', 150, 'Chinese', 150),
(1145, 115, 2, '482paneerKadai.jpg', 185, 'Paneer me bana huva', 185),
(1146, 110, 2, '6534paneerTikkaMasala.jpg', 170, 'Paneer me bana huva', 170),
(1147, 604, 6, '9216chinese bhel.jpg', 170, 'Chinese', 170),
(1148, 62, 6, '6961chinese bhel.jpg', 150, 'Chinese', 150),
(1149, 954, 2, '1528cm.jpg', 150, 'Paneer me bana huva', 150),
(1150, 607, 6, '2990manchurian.jpg', 160, 'Chinese', 160),
(1151, 70, 8, '3391french-fries-recipe-1-1-500x500.jpg', 120, ' ', 120),
(1152, 955, 2, '7431pannerPasanda.png', 185, 'Paneer me bana huva', 185),
(1153, 816, 30, '666puff.JPG', 15, 'Puff', 15),
(1154, 610, 6, '5392manchurian.jpg', 170, 'Chinese', 170),
(1155, 817, 30, '6082Ham-And-Cheese-Puff-Pastry-Pockets-720x540.jpg', 25, 'Puff', 25),
(1156, 118, 2, '1505pb.jpg', 190, 'Paneer me bana huva', 190),
(1157, 828, 8, '2536bread.jpg', 30, ' ', 30),
(1158, 587, 6, '5067tripple.jpg', 190, 'Chinese', 190),
(1159, 219, 2, '6933paneerButterMasala.jpg', 185, 'Paneer me bana huva', 185),
(1160, 362, 8, '4592bream butter jam.jpg', 35, ' ', 35),
(1161, 819, 30, '2291veg-puff-250x250.png', 35, 'Puff', 35),
(1162, 615, 8, '4646bream butter jam.jpg', 60, ' ', 60),
(1163, 69, 6, '1848garlic sauce.jpg', 160, 'Chinese', 160),
(1164, 820, 30, '7345veg-puff-250x250.png', 40, 'Puff', 40),
(1165, 107, 2, '7072pp.jpg', 150, 'Paneer me bana huva', 150),
(1166, 1214, 6, '2877dry.jpg', 180, 'Chinese', 180),
(1167, 1215, 6, '7123veg-manchurian-7.jpg', 170, 'Chinese', 170),
(1168, 1216, 6, '6654Mushrrom.jpg', 180, 'Chinese', 180),
(1169, 113, 2, '3473paneerTikkaMasala.jpg', 190, 'Paneer me bana huva', 190),
(1170, 1225, 2, '5322pannerPasanda.png', 200, 'Paneer me bana huva', 200),
(1171, 957, 2, '4684cp.jpg', 150, 'Paneer me bana huva', 150),
(1172, 956, 2, '2779pannerPasanda.png', 190, 'Paneer me bana huva', 190),
(1173, 1221, 30, '3679mag.jpg', 30, 'Maggi', 30),
(1174, 821, 30, '2611butter-veg-maggi-500x500.png', 40, 'Maggi', 40),
(1175, 823, 30, '7834chessmage.jpg', 50, 'Maggi', 50),
(1176, 824, 30, '5260veg-masala-maggi-500x500.png', 50, 'Maggi', 50),
(1177, 1226, 30, '7110chessmage.jpg', 60, 'Maggi', 60),
(1178, 826, 30, '2978butter-veg-maggi-500x500.png', 70, 'Maggi', 70),
(1179, 1266, 30, '6495finger.png', 70, 'Chips', 70),
(1180, 345, 30, '393veg-sandwiches-500x500.jpg', 30, 'Plain', 30),
(1181, 345, 30, '5751veg-cheese-sandwich-250x250.png', 50, 'Grill', 50),
(1182, 362, 30, '383410w.jpg', 30, 'plain', 30),
(1183, 1268, 30, '2213masala-pav-500x500.png', 30, 'Plain', 30),
(1184, 1268, 30, '1219aloo-masala-grilled-sandwich-1.jpg', 50, 'Grill', 50),
(1185, 1228, 16, '3595sweet-lime-juice-recipe-1-1.jpg', 65, 'Original', 65),
(1186, 828, 30, '7217Bread-Butter-1.jpg', 30, 'Plain', 30),
(1187, 828, 30, '4811grilbutter.jpg', 50, 'Grill', 50),
(1188, 207, 2, '1381paneerButterMasala.jpg', 200, 'Paneer me bana huva', 200),
(1190, 221, 2, '2388paneerBegamBahar.jpg', 195, 'Paneer me bana huva', 195),
(1191, 1231, 16, '131shutterstock_75841147-Copy.jpg', 75, 'original', 75),
(1192, 349, 30, '3387aloo-masala-grilled-sandwich-1.jpg', 70, 'Grill', 70),
(1193, 131, 2, '2704cheeseButterMasala.jpg', 300, 'Paneer me bana huva', 300),
(1194, 958, 2, '8666kajuCurry.jpg', 210, 'Paneer me bana huva', 210),
(1195, 299, 2, '5889kajuButterMasala.png', 220, 'Paneer me bana huva', 220),
(1196, 233, 2, '1157babyConMasala.jpg', 150, 'Paneer me bana huva', 150),
(1197, 960, 2, '3980pb.jpg', 150, 'Paneer me bana huva', 150),
(1198, 830, 30, '4184bombay-masala-toast-sandwich-recipe-1a.jpg', 50, 'Plain', 50),
(1199, 124, 2, '4188paneerTikkaMasala.jpg', 210, 'Paneer me bana huva', 210),
(1200, 961, 2, '4419paneerButterMasala.jpg', 185, 'Paneer me bana huva', 185),
(1201, 830, 30, '8714aloo-masala-grilled-sandwich-1.jpg', 70, 'Grill', 70),
(1202, 962, 2, '8256kdm.jpg', 140, 'sweet sabji', 140),
(1203, 1230, 16, '6706pineapple-juice-recipe.jpg', 65, 'original', 65),
(1204, 963, 2, '3664kdm.jpg', 180, 'sweet sabji', 180),
(1205, 1232, 16, '8031pyor pineapple.jpg', 75, 'original', 75),
(1206, 964, 2, '3310ku.jpg', 150, 'sweet sabji', 150),
(1207, 1233, 16, '3830orangejuice.jpg', 65, 'original', 65),
(1208, 177, 2, '7914mk.jpg', 155, 'sweet sabji', 155),
(1209, 967, 2, '96ssp.jpg', 175, 'sweet sabji', 175),
(1210, 1093, 2, '3453sr.jpg', 70, 'Basmati ka bazar', 70),
(1211, 1928, 2, '8162jr.jpg', 80, 'Basmati ka bazar', 80),
(1212, 13, 2, '6081vp.jpg', 90, 'Basmati ka bazar', 90),
(1213, 14, 2, '4538vb.jpg', 100, 'Basmati ka bazar', 100),
(1214, 970, 2, '2631vb.jpg', 110, 'Basmati ka bazar', 110),
(1215, 1099, 2, '3722vb.jpg', 120, 'Basmati ka bazar', 120),
(1216, 18, 2, '7893vp.jpg', 140, 'Basmati ka bazar', 140),
(1217, 971, 2, '2677vp.jpg', 90, 'Basmati ka bazar', 90),
(1218, 7, 2, '1441pr.jpeg', 25, 'angare ka kamal', 25),
(1219, 6, 2, '2350pr.jpeg', 30, 'angare ka kamal', 30),
(1220, 972, 2, '4247pr.jpeg', 35, 'angare ka kamal', 35),
(1221, 974, 2, '2281pra.jpg', 40, 'angare ka kamal', 40),
(1222, 10, 2, '6749pra.jpg', 45, 'angare ka kamal', 45),
(1223, 1200, 2, '8913pra.jpg', 60, 'angare ka kamal', 60),
(1224, 977, 2, '1061pra.jpg', 70, 'angare ka kamal', 70),
(1225, 9, 2, '9890nan.jpg', 50, 'angare ka kamal', 50),
(1226, 8, 2, '916nan.jpg', 55, 'angare ka kamal', 55),
(1227, 33, 2, '3423nan.jpg', 70, 'angare ka kamal', 70),
(1228, 30, 2, '3708nan.jpg', 90, 'angare ka kamal', 90),
(1229, 29, 2, '2358nan.jpg', 60, 'angare ka kamal', 60),
(1230, 36, 2, '4520kul.jpg', 60, 'angare ka kamal', 60),
(1231, 979, 2, '9798kul.jpg', 90, 'angare ka kamal', 90),
(1232, 980, 2, '9585kul.jpg', 75, 'angare ka kamal', 75),
(1233, 981, 2, '5663puri.jpg', 30, 'angare ka kamal', 30),
(1234, 983, 2, '73bv.jpg', 220, 'continantal dees', 220),
(1235, 984, 2, '3989bv.jpg', 240, 'continantal dees', 240),
(1236, 985, 2, '9806siz.jpg', 300, 'continantal dees', 300),
(1237, 1270, 2, '4392siz.jpg', 310, 'continantal dees', 310),
(1238, 986, 2, '1958siz.jpg', 340, 'continantal dees', 340),
(1239, 987, 2, '242siz.jpg', 330, 'continantal dees', 330),
(1240, 807, 2, '1561ps.jpg', 310, 'continantal dees', 310),
(1241, 989, 2, '6069ps.jpg', 310, 'continantal dees', 310),
(1242, 568, 2, '4406salad.jpg', 60, 'chale stah-sath', 60),
(1243, 581, 2, '7663ts.jpg', 50, 'chale stah-sath', 50),
(1244, 596, 2, '456mw.jpg', 20, 'welcome drinks', 20),
(1245, 829, 30, '288788647758veg cheese sandwich.jpg', 50, 'Plain', 50),
(1246, 1169, 2, '883520.jpg', 20, '200ml soft drinks', 20),
(1247, 829, 30, '45713417174veg sandwich.jpg', 70, 'Grill', 70),
(1248, 990, 2, '5924cu.jpg', 55, 'chale stah-sath', 55),
(1249, 1929, 2, '2734fp.jpg', 25, 'chale stah-sath', 25),
(1250, 591, 2, '7455BM.jpg', 25, 'chale stah-sath', 25),
(1251, 1271, 30, '12812674sandwich.jpg', 50, 'Plain', 50),
(1252, 594, 2, '6531BM.jpg', 30, 'chale stah-sath', 30),
(1253, 1271, 30, '42169974masala veg toast sandwich.jpg', 70, 'Grill', 70),
(1254, 996, 2, '4095sl.jpg', 100, 'chale stah-sath', 100),
(1255, 997, 2, '4184sl.jpg', 60, 'chale stah-sath', 60),
(1256, 998, 2, '4223sl.jpg', 70, 'chale stah-sath', 70),
(1257, 841, 30, '24701416sw.jpg', 50, 'Plain', 50),
(1258, 576, 2, '4539ri.jpg', 70, 'chale stah-sath', 70),
(1259, 1001, 2, '6846ri.jpg', 60, 'chale stah-sath', 60),
(1260, 1002, 2, '4090ri.jpg', 60, 'chale stah-sath', 60),
(1261, 835, 30, '86139915veg. cheese sandwich.jpg', 70, 'Grill', 70),
(1262, 43, 2, '1328md.jpg', 160, 'starters', 160),
(1263, 45, 2, '7701pcd.jpg', 190, 'starters', 190),
(1264, 1004, 2, '9323spr.jpg', 150, 'starters', 150),
(1265, 110, 2, '4964pcd.jpg', 250, 'Dry', 250),
(1266, 1007, 2, '3981vc.jpg', 180, 'starters', 180),
(1267, 1273, 30, '5070veg-cheese-sandwich-250x250.png', 90, 'Grill', 90),
(1268, 1006, 2, '5473kab.jpg', 160, 'starters', 160),
(1269, 928, 30, '7151392veggie-burger-recipe-5.jpg', 50, ' ', 50),
(1270, 1008, 2, '1982pcp.jpg', 170, 'starters', 170),
(1271, 1010, 2, '1171lp.jpg', 150, 'starters', 150),
(1272, 843, 30, '169483bg.jpg', 70, ' ', 70),
(1273, 852, 30, '6607instant-coffee_med.jpg', 30, 'Coffee', 30),
(1274, 858, 30, '5014300cs.jpg', 30, 'Coffee', 30),
(1275, 857, 30, '5831FILE_5ba37060d3e361.jpg', 30, 'Coffee', 30),
(1276, 1274, 20, '8112khamand-dhokla-250x250.jpg', 20, ' ', 20),
(1277, 1275, 20, '6445patra.jpg', 20, ' ', 20),
(1278, 1276, 20, '4433savekhami.jpg', 20, ' ', 20),
(1279, 631, 20, '41samosa-recipe.jpg', 20, ' ', 20),
(1280, 1278, 20, '9308katkasamosa.jpg', 20, ' ', 20),
(1281, 1279, 20, '7759khandvi-500x500.png', 20, ' ', 20),
(1282, 1280, 20, '4092mini-idli.jpg', 20, ' ', 20),
(1283, 372, 20, '7115smbha idali.jpg', 20, ' ', 20),
(1284, 816, 20, '4463puff.JPG', 15, ' ', 15),
(1285, 817, 20, '2275chespuff.jpg', 35, ' ', 35),
(1286, 1282, 20, '3106veg-puff-250x250.png', 30, ' ', 30),
(1287, 1366, 20, '8040chespuff.jpg', 50, ' ', 50),
(1288, 329, 20, '7455pavtukda.jpg', 30, ' ', 30),
(1289, 330, 20, '9703chpavtuk.jpg', 50, ' ', 50),
(1290, 325, 20, '19322345vadapav.jpg', 20, ' ', 20),
(1291, 326, 20, '99879167vada pav butter.jpg', 35, ' ', 35),
(1292, 368, 20, '89132139cheese-vada-pav-a.jpg', 40, ' ', 40),
(1293, 328, 20, '32082139chessvada.jpg', 50, ' ', 50),
(1294, 335, 20, '5996298md_dabeli.png', 30, ' ', 30),
(1295, 322, 20, '26889167vada pav butter.jpg', 30, ' ', 30),
(1296, 327, 20, '87136454cheese kadak dabali.jpg', 40, ' ', 40),
(1297, 323, 20, '58793401cheese dabeli.jpg', 50, ' ', 50),
(1298, 338, 20, '40695814mix bhel.jpg', 20, ' ', 20),
(1299, 340, 20, '3575583cheese Bhel.jpg', 45, ' ', 45),
(1300, 402, 11, '7805dahi-vada-recipe-1.jpg', 50, ' ', 50),
(1301, 855, 11, '2358mini-idli.jpg', 40, NULL, 40),
(1302, 856, 11, '1189medu-vada-sambar.jpg', 40, ' ', 40),
(1303, 380, 11, '93171193masala dosa.jpg', 60, ' ', 60),
(1304, 378, 11, '4202668maysore dosa.jpg', 70, ' ', 70),
(1305, 422, 11, '24982334tomato corm uttpam.jpg', 70, ' ', 70),
(1306, 854, 11, '7989mix.jpg', 70, ' ', 70),
(1307, 424, 11, '6844onion.jpg', 70, ' ', 70),
(1308, 853, 11, '3993masalutp.jpg', 90, ' ', 90),
(1309, 850, 11, '4351fry.jpg', 80, ' ', 80),
(1339, 1367, 7, '5138rf.png', 10, 'Ripple Special(80ml)', 10),
(1425, 81, 7, '6217download (8).jpg', 200, 'Cake (400ml)', 200),
(1427, 783, 7, '1626download (9).jpg', 400, 'Cake (1lt)', 400),
(1428, 1318, 7, '6111download (10).jpg', 400, 'Cake (1lt)', 400),
(1429, 1297, 7, '1538download (11).jpg', 170, 'Premium Tub', 170),
(1430, 1345, 7, '979i.jpg', 170, 'Premium Tub', 170),
(1431, 1299, 7, '437i.jpg', 230, 'Premium Tub', 230),
(1432, 765, 7, '2582i.jpg', 200, 'Premium Tub', 200),
(1433, 1300, 7, '7862i.jpg', 250, 'Premium Tub', 250),
(1434, 441, 7, '6385i.jpg', 250, 'Premium Tub', 250),
(1480, 1377, 23, '88265a4a2f39bf694b79198fb4f057df23c5.jpg', 70, 'Pastry', 70),
(1482, 1399, 23, '7750bf.jpg', 70, 'Pastry', 70),
(1485, 1377, 23, '24665a4a2f39bf694b79198fb4f057df23c5.jpg', 350, '500 GM', 350),
(1486, 1227, 8, '526cho.jpg', 70, ' ', 70),
(1489, 1377, 23, '28595a4a2f39bf694b79198fb4f057df23c5.jpg', 700, '1 Kg', 700),
(1491, 1399, 23, '2909bf.jpg', 350, '500 GM', 350),
(1493, 1399, 23, '3552bf.jpg', 700, '1 Kg', 700),
(1494, 345, 8, '2623sandwich-recipe-20-500x500.jpg', 50, ' ', 50),
(1498, 350, 8, '4389veg-grilled-sandwich-recipe-1.jpg', 70, ' ', 70),
(1502, 616, 8, '3994only cheezsew.jpg', 70, ' ', 70),
(1504, 349, 8, '3311cheese.jpg', 90, ' ', 90),
(1509, 1379, 23, '45665a4a2f39bf694b79198fb4f057df23c5.jpg', 70, 'Pastry', 70),
(1512, 1379, 23, '5565a4a2f39bf694b79198fb4f057df23c5.jpg', 350, '500 GM', 350),
(1513, 1379, 23, '11475a4a2f39bf694b79198fb4f057df23c5.jpg', 700, '1 Kg', 700),
(1515, 1380, 23, '33415a4a2f39bf694b79198fb4f057df23c5.jpg', 75, 'Pastry', 75),
(1516, 912, 8, '4595only cheezsew.jpg', 70, ' ', 70),
(1517, 1380, 23, '71845a4a2f39bf694b79198fb4f057df23c5.jpg', 380, '500 GM', 380),
(1518, 1380, 23, '87495a4a2f39bf694b79198fb4f057df23c5.jpg', 760, '1 Kg', 760),
(1519, 1392, 8, '1070Grilled-Club-sandwiches-720x540.jpg', 100, ' ', 100),
(1520, 1382, 23, '54025a4a2f39bf694b79198fb4f057df23c5.jpg', 75, 'Pastry', 75),
(1521, 1382, 23, '3985a4a2f39bf694b79198fb4f057df23c5.jpg', 380, '500 GM', 380),
(1522, 1382, 23, '94035a4a2f39bf694b79198fb4f057df23c5.jpg', 760, '1 Kg', 760),
(1523, 1381, 23, '60355a4a2f39bf694b79198fb4f057df23c5.jpg', 75, 'Pastry', 75),
(1524, 1381, 23, '55265a4a2f39bf694b79198fb4f057df23c5.jpg', 380, '500 GM', 380),
(1525, 1381, 23, '32485a4a2f39bf694b79198fb4f057df23c5.jpg', 760, '1 Kg', 760),
(1526, 1383, 23, '2078choco-chips-cake.png', 80, 'Pastry', 80),
(1527, 1383, 23, '271choco-chips-cake.png', 400, '500 GM', 400),
(1528, 1383, 23, '570choco-chips-cake.png', 800, '1 Kg', 800),
(1529, 1384, 23, '35785a4a2f39bf694b79198fb4f057df23c5.jpg', 80, 'Pastry', 80),
(1530, 1384, 23, '15275a4a2f39bf694b79198fb4f057df23c5.jpg', 400, '500 GM', 400),
(1531, 1384, 23, '30215a4a2f39bf694b79198fb4f057df23c5.jpg', 800, '1 Kg', 800),
(1532, 1385, 23, '27265a4a2f39bf694b79198fb4f057df23c5.jpg', 85, 'Pastry', 85),
(1533, 267, 8, '1902images.jpg', 160, ' ', 160),
(1534, 1385, 23, '5255a4a2f39bf694b79198fb4f057df23c5.jpg', 430, '500 GM', 430),
(1535, 269, 8, '9259spic.jpg', 160, ' ', 160),
(1536, 1385, 23, '46855a4a2f39bf694b79198fb4f057df23c5.jpg', 860, '1 Kg', 860),
(1537, 1389, 23, '64335a4a2f39bf694b79198fb4f057df23c5.jpg', 85, 'Pastry', 85),
(1538, 523, 8, '9326marg.jpg', 140, ' ', 140),
(1539, 1389, 23, '34745a4a2f39bf694b79198fb4f057df23c5.jpg', 430, '500 GM', 430),
(1540, 1395, 8, '6861fresh.jpg', 160, ' ', 160),
(1541, 1389, 23, '36755a4a2f39bf694b79198fb4f057df23c5.jpg', 860, '1 Kg', 860),
(1542, 1393, 8, '9914italian.jpg', 180, ' ', 180),
(1543, 1390, 23, '9855a4a2f39bf694b79198fb4f057df23c5.jpg', 90, 'Pastry', 90),
(1544, 274, 8, '6284delight veg pizza.jpg', 200, ' ', 200),
(1545, 1390, 23, '51745a4a2f39bf694b79198fb4f057df23c5.jpg', 450, '500 GM', 450),
(1546, 275, 8, '1146cheesy-garlic-bread7-srgb..jpg', 110, ' ', 110),
(1547, 1390, 23, '75475a4a2f39bf694b79198fb4f057df23c5.jpg', 900, '1 kg', 900),
(1548, 1386, 23, '595rv.jpg', 450, '500 GM', 450),
(1549, 276, 8, '2053superem.jpg', 90, ' ', 90),
(1550, 1386, 23, '1570rv.jpg', 90, 'Pastry', 90),
(1551, 277, 8, '5887paneer chilly.jpg', 140, ' ', 140),
(1552, 1386, 23, '2610rv.jpg', 900, '1 Kg', 900),
(1553, 1391, 23, '1545a4a2f39bf694b79198fb4f057df23c5.jpg', 90, 'Pastry', 90),
(1554, 1391, 23, '18265a4a2f39bf694b79198fb4f057df23c5.jpg', 450, '500 GM', 450),
(1555, 625, 8, '4529pani puri.jpg', 30, ' ', 30),
(1556, 1391, 23, '70125a4a2f39bf694b79198fb4f057df23c5.jpg', 900, '1 Kg', 900),
(1557, 1387, 23, '71615a4a2f39bf694b79198fb4f057df23c5.jpg', 250, '300 GM', 250),
(1558, 336, 8, '2061sev puri.jpg', 50, ' ', 50),
(1559, 1388, 23, '44985a4a2f39bf694b79198fb4f057df23c5.jpg', 1100, '1 Kg', 1100),
(1560, 626, 8, '1192big_dahi_puri-14061.jpg', 50, ' ', 50),
(1561, 338, 8, '5329Bhel-Puri-Recipe-Step-By-Step-Instructions.jpg', 50, ' ', 50),
(1563, 1396, 8, '996delhi chat.jpg', 50, ' ', 50),
(1564, 278, 8, '5861vegMakhanwaka.png', 280, ' ', 280),
(1565, 279, 8, '5592mixed-vegetable-subzi_dsc4191-(32)-23-185878.jpg', 220, ' ', 220),
(1566, 281, 8, '8932veg-tiranga-with-colors-of-india-flag-white-orange-and-green-2AX89T7.jpg', 300, ' ', 300),
(1567, 256, 8, '821mixed-vegetable-subzi_dsc4191-(32)-23-185878.jpg', 150, ' ', 150),
(1568, 144, 8, '5541navratan-korma.jpg', 150, ' ', 150),
(1571, 246, 8, '1188Veg_Handi.jpg', 155, ' ', 155),
(1572, 1161, 9, '1684imagescombo.jpg', 494, 'Combo', 494),
(1573, 1162, 9, '216aeric.jpg', 798, 'Combo', 798),
(1574, 816, 24, '9926puff.JPG', 15, ' ', 15),
(1575, 1282, 24, '3541veg-puff-250x250.png', 25, ' ', 25),
(1576, 1366, 24, '7373chespuff.jpg', 45, ' ', 45),
(1577, 325, 24, '7788632Vada-Pav-500x500.jpg', 20, ' ', 20),
(1578, 326, 24, '79512812vada pav butter.jpg', 25, ' ', 25),
(1579, 368, 24, '36362139cheese-vada-pav-a.jpg', 40, ' ', 40),
(1580, 328, 24, '62297008cv.jpg', 45, ' ', 45),
(1581, 335, 24, '4464298md_dabeli.png', 20, ' ', 20),
(1582, 322, 24, '80841199dabeli-food-indian-healthy-snack-104326651.jpg', 25, ' ', 25),
(1584, 323, 24, '4529302cheese dabeli.jpg', 40, ' ', 40),
(1586, 141, 8, '6706mixed-vegetable-subzi_dsc4191-(32)-23-185878.jpg', 155, ' ', 155),
(1587, 226, 8, '1891toofani.jpg', 170, ' ', 170),
(1588, 259, 8, '1713vegHandi.png', 170, ' ', 170),
(1589, 288, 8, '7674vegTufani.png', 165, ' ', 165),
(1590, 290, 8, '3828veg-kolhapuri.jpg', 190, ' ', 190),
(1591, 291, 8, '5550vegRajwadi.jpg', 165, ' ', 165),
(1592, 293, 8, '2146makhanwala.jpg', 165, ' ', 165),
(1593, 237, 8, '3130navratan-korma.jpg', 150, ' ', 150),
(1594, 294, 8, '2138dum-aloo.jpg', 180, ' ', 180),
(1595, 296, 8, '4728Methi-Matar-Malai-17.jpg', 140, ' ', 140),
(1596, 260, 8, '6684Mix-Veg-Recipe-Step-By-Step-Instructions.jpg', 140, ' ', 140),
(1597, 297, 8, '8819aloo-palak.jpg', 140, ' ', 140),
(1598, 329, 24, '4544pavtukda.jpg', 25, ' ', 25),
(1599, 263, 8, '820matter.jpg', 140, ' ', 140),
(1600, 298, 8, '5439kajuCurry.jpg', 185, ' ', 185),
(1601, 958, 8, '7988kajuCurry.jpg', 205, ' ', 205),
(1602, 299, 8, '279kajuButterMasala.png', 220, ' ', 220),
(1603, 168, 8, '8211kaju-masala-recipe-1a.jpg', 220, ' ', 220),
(1604, 177, 8, '2770malai-kofta-recipe.jpg', 155, ' ', 155),
(1605, 1220, 6, '3530chinese bhel.jpg', 160, 'Chinese', 160),
(1606, 265, 8, '5137Banana-Cheese-Kofta.jpg', 195, ' ', 195),
(1607, 268, 8, '6993nargia.jpg', 165, ' ', 165),
(1609, 1218, 6, '9466chinese bhel.jpg', 150, 'Chinese', 150),
(1610, 266, 8, '2246veg-kofta-curry-recipe-7-500x375.jpg', 145, ' ', 145),
(1611, 1217, 6, '6782chinese bhel.jpg', 150, 'Chinese', 150),
(1612, 239, 8, '1087Kashmiri.jpg', 155, ' ', 155),
(1613, 209, 8, '9577paneer-pakwangali_061319061918.jpg', 180, ' ', 180),
(1614, 1401, 6, '4426tea.jpg', 30, 'Beverages', 30),
(1615, 1169, 6, '9111beverages.jpg', 24, 'Beverages', 24),
(1616, 302, 8, '8393Modify.jpg', 240, ' ', 240),
(1617, 1402, 6, '5390hot sweet milk.jpg', 50, 'Beverages', 50),
(1618, 303, 8, '7236vegHandi.png', 250, ' ', 250),
(1619, 852, 6, '2280cup-coffee-png-5a3a6deba4d610.9401698715137786676752.jpg', 40, 'Beverages', 40),
(1620, 564, 6, '248cold coffee.jpg', 90, 'Beverages', 90),
(1621, 110, 8, '1582paneerTikkaMasala.jpg', 190, ' ', 190),
(1622, 119, 8, '6835PANEER-PASANDA-500x500.png', 190, ' ', 190),
(1623, 84, 6, '5413single sunday.jpg', 110, 'Desert', 110),
(1624, 205, 8, '627makhanwala.jpg', 170, ' ', 170),
(1625, 85, 6, '6123american.jpg', 120, 'Desert', 120),
(1626, 87, 6, '4204brownie.jpg', 180, 'Desert', 180),
(1627, 244, 8, '860laziz.jpg', 180, ' ', 180),
(1628, 88, 6, '664butter.jpg', 60, 'Desert', 60),
(1629, 207, 8, '6014paneerBegamBahar.jpg', 195, ' ', 195),
(1630, 118, 8, '4390Paneer-Bhurji.jpg', 195, ' ', 195),
(1631, 89, 6, '5997kesar-pista-500x500.jpg', 60, 'Desert', 60),
(1632, 113, 8, '9566toofani.jpg', 190, ' ', 190),
(1633, 1405, 6, '9005Gulab Jamun.png', 60, 'Sweet', 60),
(1634, 92, 6, '7049Raj-Bhog.jpg', 70, 'Desert', 70),
(1635, 124, 8, '2875mixed-vegetable-subzi_dsc4191-(32)-23-185878.jpg', 185, ' ', 185),
(1636, 115, 8, '8527paneerKadai.jpg', 180, ' ', 180),
(1637, 1406, 6, '2011milk shake.jpg', 100, 'Sweet', 100),
(1638, 114, 8, '1663paneerHandi.jpg', 180, ' ', 180),
(1639, 93, 6, '7504cherry Berry.jpg', 50, 'Desert', 50),
(1640, 304, 8, '1520estop capsicum.jpg', 180, ' ', 180),
(1641, 1407, 6, '1339milk shake.jpg', 120, 'Sweet', 120),
(1642, 305, 8, '1558matka paneer.jpg', 170, ' ', 170),
(1643, 563, 6, '5258vanilla.jpg', 50, 'Desert', 50),
(1644, 562, 6, '4838straw.jpg', 50, 'Desert', 50),
(1645, 781, 6, '7943chocolate.jpg', 60, 'Desert', 60),
(1646, 106, 6, '9255kaju draksh.jpg', 60, 'Desert', 60),
(1647, 307, 8, '9648Matar-Paneer-sabzi-recipe-without-onion-garlic.png', 170, ' ', 170),
(1648, 309, 8, '5593Corn_Tomato_Bharta_3.JPG', 190, ' ', 190),
(1650, 311, 8, '1222pannerPasanda.png', 190, ' ', 190),
(1651, 200, 6, '7557ve cheese pizza.jpg', 160, 'Pizza', 160),
(1652, 312, 8, '8127paneer-pakwangali_061319061918.jpg', 180, ' ', 180),
(1653, 199, 6, '9841cheese Pizza.jpg', 170, 'Pizza', 170),
(1654, 313, 8, '7180paneerBegamBahar.jpg', 190, ' ', 190),
(1655, 345, 6, '4032veg sandwich.jpg', 70, 'Sandwich', 70),
(1656, 107, 8, '7069Palak-Paneer-5-500x500.jpg', 165, ' ', 165),
(1657, 219, 8, '5072cheeseButterMasala.jpg', 190, ' ', 190),
(1659, 131, 8, '9173cheeseButterMasala.jpg', 220, ' ', 220),
(1660, 350, 6, '1348aloo.jpg', 90, 'Sandwich', 90),
(1661, 235, 8, '9901vegHandi.png', 220, ' ', 220),
(1662, 426, 6, '9585cheese San.jpg', 80, 'Sandwich', 80),
(1663, 314, 8, '945cheeseAngoori.jpg', 210, ' ', 210),
(1664, 1063, 6, '9200club.jpg', 110, 'Sandwich', 110),
(1665, 7, 8, '8737jeera.jpg', 25, ' ', 25),
(1666, 193, 6, '2760Pizza.jpg', 170, 'Pizza', 170),
(1667, 6, 8, '368butter-tawa-roti-e1590213822367.jpg', 30, ' ', 30),
(1668, 195, 6, '2568Pizza.jpg', 170, 'Pizza', 170),
(1669, 1197, 8, '2578jeera.jpg', 50, ' ', 50),
(1670, 920, 6, '3068aloo.jpg', 90, 'Sandwich', 90),
(1671, 9, 8, '7339nan.jpg', 50, ' ', 50),
(1672, 1408, 6, '5453Jal-Jeera-with-Soda.jpg', 50, 'Appetizer', 50),
(1673, 8, 8, '4375nan.jpg', 25, ' ', 25),
(1674, 1074, 8, '9665Cheese-Stuffed-Naan-Bread-2.jpg', 70, ' ', 70),
(1675, 1409, 6, '4022juice-fresh-lime-water-ice-cubes_600x338-mm-90.jpg', 30, 'Appetizer', 30),
(1676, 1075, 8, '9813garlic-tandoori-roti-recipe-main-photo.jpg', 65, ' ', 65),
(1677, 1410, 6, '953soda.jpg', 50, 'Appetizer', 50),
(1678, 70, 3, '2894download (36).jpg', 65, 'French Fries', 65),
(1679, 71, 3, '7459download (37).jpg', 90, 'pasta', 90),
(1680, 1411, 6, '5889water Botttle.jpg', 28, 'Appetizer', 28),
(1681, 74, 3, '8417White-Cheddar-Broccoli-Shells.jpg', 90, 'pasta', 90),
(1682, 1076, 8, '2307Cheese-Stuffed-Naan-Bread-2.jpg', 65, ' ', 65),
(1683, 1077, 8, '2341cheese garlic.jpg', 95, ' ', 95),
(1684, 76, 3, '6218unnamed.png', 90, 'Noddles', 90),
(1685, 1078, 8, '6787kashm.jpg', 95, ' ', 95),
(1686, 1412, 6, '1070branded soda.jpg', 45, 'Appetizer', 45),
(1687, 77, 3, '4747download (39).jpg', 100, 'salad', 100),
(1689, 1413, 6, '9997Onion.jpg', 90, 'Snacks', 90),
(1690, 79, 3, '2130download (40).jpg', 100, 'chinese', 100),
(1691, 1414, 6, '2764paneer-pakoda-500x500.jpg', 100, 'Snacks', 100),
(1693, 974, 8, '6441big_parathas,__plain_paratha,_basic_paratha_recipe-14036.jpg', 40, ' ', 40),
(1694, 1415, 6, '1329cheese-pakoda-recipe-2.jpg', 120, 'Snacks', 120),
(1696, 10, 8, '1761par bu.jpg', 45, ' ', 45),
(1697, 1416, 6, '6463Mix Veg Bhajiya.jpg', 100, 'Sancks', 100),
(1698, 1200, 8, '4092paneer Nan.jpg', 60, ' ', 60),
(1699, 1417, 6, '5832cutlet_PNG51.png', 90, 'Sancks', 90),
(1700, 1198, 8, '5423lachha-paratha-recipe.jpg', 65, ' ', 65),
(1701, 70, 6, '8039French.jpg', 80, 'Snacks', 80),
(1703, 1419, 6, '1446Pizza.jpg', 160, 'Pizza', 160),
(1704, 1420, 6, '1384cheese Pizza.jpg', 160, 'Pizza', 160),
(1706, 1421, 6, '3102cheese Pizza.jpg', 170, 'Pizza', 170),
(1707, 1427, 8, '5081butter kul.jpg', 45, ' ', 45),
(1709, 36, 8, '8648butter kul.jpg', 50, ' ', 50),
(1710, 1422, 6, '1787baby pizza.jpg', 170, 'Pizza', 170),
(1711, 1086, 8, '5605Garlic-Naan-500x500.jpg', 65, ' ', 65),
(1713, 1423, 6, '608garlic t.jpg', 100, ' ', 100),
(1714, 1424, 6, '8506cheese chili.png', 110, ' ', 110),
(1715, 620, 6, '4853pav bhaji.jpg', 90, ' ', 90),
(1716, 924, 6, '9700pav bhaji.jpg', 100, ' ', 100),
(1717, 330, 24, '8142chpavtuk.jpg', 45, ' ', 45),
(1718, 523, 3, '72001416867304309.jpeg', 59, 'small', 59),
(1719, 523, 3, '35381416867304309.jpeg', 140, 'medium', 140),
(1720, 1066, 8, '4131Dhaba-Style-Dal-Fry-3-1.jpg', 120, ' ', 120),
(1721, 1429, 6, '571cheese pav bhaji.png', 110, ' ', 110),
(1722, 523, 3, '92781416867304309.jpeg', 175, 'large', 175),
(1723, 1065, 8, '6466Dal-tadka-5.jpg', 130, ' ', 130),
(1724, 86, 3, '5813new_double_cheese_margherita.jpg', 90, 'small', 90),
(1725, 1425, 6, '9310Tawa pulav.jpg', 120, ' ', 120),
(1726, 86, 3, '6531new_double_cheese_margherita.jpg', 185, 'medium', 185),
(1727, 66, 8, '6784dal-palak-500x375.jpg', 130, ' ', 130),
(1728, 345, 24, '1909735sw.jpg', 25, ' ', 25),
(1729, 86, 3, '1735new_double_cheese_margherita.jpg', 240, 'large', 240),
(1730, 925, 6, '591Pav.png', 15, ' ', 15),
(1731, 143, 6, '8072tomato soup.jpg', 70, ' ', 70),
(1732, 91, 3, '5413download (41).jpg', 80, 'small', 80),
(1733, 150, 6, '7520sweet corn.jpg', 70, ' ', 70),
(1734, 91, 3, '2415download (41).jpg', 145, 'medium', 145),
(1735, 1430, 8, '7462Moong-Dal-Khichdi-recipe_1-500x500.jpg', 150, ' ', 150),
(1736, 91, 3, '3288download (41).jpg', 180, 'large', 180),
(1737, 426, 24, '96282469veg cheese sandwich.jpg', 40, ' ', 40),
(1738, 1093, 8, '2500steamed-rice_med.jpg', 70, ' ', 70),
(1739, 155, 6, '730manchow-soup-500x500.jpg', 80, ' ', 80),
(1740, 1094, 8, '2010jeera.jpg', 80, ' ', 80),
(1741, 1095, 8, '1153veg-pulao-recipe-step-by-step-instructions.jpg', 100, ' ', 100),
(1742, 94, 3, '540w.jpg', 80, 'small', 80),
(1743, 94, 3, '8044w.jpg', 145, 'medium', 145),
(1744, 827, 24, '63972213masala-pav-500x500.png', 15, ' ', 15),
(1745, 153, 6, '766manchow-soup-500x500.jpg', 80, ' ', 80),
(1746, 94, 3, '259w.jpg', 180, 'large', 180),
(1747, 18, 8, '683kashmiri.pulao.jpg', 120, ' ', 120),
(1748, 1431, 6, '9397sweet corn.jpg', 70, ' ', 70),
(1749, 25, 8, '6153green.jpg', 100, ' ', 100),
(1750, 95, 3, '2723te.jpg', 85, 'small', 85),
(1751, 95, 3, '7605te.jpg', 155, 'medium', 155),
(1752, 1432, 6, '4051Minestrone.jpg', 80, ' ', 80),
(1753, 95, 3, '3268te.jpg', 190, 'large', 190),
(1754, 1098, 8, '2298vegetable-dum-biryani-recipe-1.jpg', 120, ' ', 120),
(1755, 338, 24, '17324851Bhel.jpg', 25, ' ', 25),
(1756, 159, 6, '6519manchow-soup-500x500.jpg', 80, ' ', 80),
(1757, 96, 3, '649spicy-veggie-pizza-500x500.png', 90, 'small', 90),
(1758, 175, 6, '9056sweet corn.jpg', 70, ' ', 70),
(1759, 96, 3, '8968spicy-veggie-pizza-500x500.png', 155, 'medium', 155),
(1760, 96, 3, '1618spicy-veggie-pizza-500x500.png', 190, 'large', 190),
(1761, 97, 3, '4998download (42).jpg', 80, 'small', 80),
(1762, 1099, 8, '1912Hyderabadi_Vegetable_Biryani_Recipe_7_400.jpg', 130, ' ', 130),
(1763, 15, 8, '1404handi.jpg', 140, ' ', 140),
(1764, 98, 3, '78471480957269088.jpeg', 80, 'small', 80),
(1766, 1435, 6, '2532tomato soup.jpg', 70, ' ', 70),
(1767, 56, 8, '5623Hakka noodles.jpg', 150, ' ', 150),
(1768, 1005, 6, '7316Panner Tka.jpg', 160, ' ', 160),
(1769, 57, 8, '8614schezwan-noodles-1a-500x375.jpg', 160, ' ', 160),
(1770, 45, 6, '2318chilly dry.jpg', 180, ' ', 180),
(1771, 1436, 3, '8131te.jpg', 339, 'Limited combo offer', 339),
(1772, 609, 8, '547big_chinese_bhel_(_chinese_recipe_)-14635.jpg', 160, ' ', 160),
(1773, 1437, 6, '5449chilly dry.jpg', 180, ' ', 180),
(1775, 1439, 24, '7616bombay bhel.jpg', 25, ' ', 25),
(1776, 1006, 6, '1927Hara-Bhara-Kebab.jpg', 150, ' ', 150),
(1777, 1440, 24, '9137bombychess.jpg', 40, ' ', 40),
(1778, 100, 3, '877pizza-point.jpg', 449, 'Limited combo offer', 449),
(1779, 43, 6, '9446Manchurian dry.jpg', 150, ' ', 150),
(1780, 1445, 3, '841img-20161230-wa0009-largejpg.jpg', 229, 'Limited combo offer', 229),
(1782, 102, 3, '5923unnamed (1).png', 55, 'Choice of bread', 55),
(1783, 103, 3, '4139download (43).jpg', 70, 'Choice of bread', 70),
(1784, 105, 3, '1707cheese-garlic-bread-recipe-1.jpg', 80, 'Choice of bread', 80),
(1785, 104, 3, '1991unnamed (1).png', 80, 'Choice of bread', 80),
(1786, 108, 3, '41369b53b3dff914666d2cc281c584c73c89.jpg', 80, 'Choice of bread', 80),
(1787, 111, 3, '81940828c2f3d5198fc3ca13fe17a64dd493.jpg', 90, 'Choice of bread', 90),
(1788, 121, 3, '37780828c2f3d5198fc3ca13fe17a64dd493.jpg', 90, 'Choice of bread', 90),
(1789, 126, 3, '7195090415215333534174.jpg', 70, 'Stuffed Panini', 70),
(1790, 101, 3, '1817feg.jpg', 80, 'Stuffed Panini', 80),
(1791, 140, 3, '6792a4ef9b417b71f0b495fc00d7cf8f3f7f.png', 90, 'Stuffed Panini', 90),
(1792, 149, 3, '5698de.jpg', 90, 'Stuffed Panini', 90),
(1793, 158, 3, '769410866923_10203034687979480_2095375102_n.jpg', 90, 'Stuffed Panini', 90),
(1794, 162, 3, '14191416331590068.jpeg', 90, 'Stuffed Panini', 90),
(1795, 325, 19, '4593632Vada-Pav-500x500.jpg', 20, ' ', 20),
(1796, 326, 19, '68512812vada pav butter.jpg', 30, ' ', 30),
(1797, 164, 3, '629486af9c199d72be362085d88e8df2cd36.jpg', 95, 'small', 95),
(1798, 328, 19, '49751568cheese butter vadapav.jpg', 45, ' ', 45),
(1799, 164, 3, '822286af9c199d72be362085d88e8df2cd36.jpg', 165, 'medium', 165),
(1801, 164, 3, '141686af9c199d72be362085d88e8df2cd36.jpg', 205, 'large', 205),
(1802, 172, 3, '9483fer.jpg', 95, 'small', 95),
(1803, 172, 3, '5746fer.jpg', 165, 'medium', 165),
(1804, 172, 3, '901fer.jpg', 205, 'large', 205),
(1805, 179, 3, '4903ddd.jpg', 95, 'small', 95),
(1806, 179, 3, '9391ddd.jpg', 165, 'medium', 165),
(1807, 179, 3, '8362ddd.jpg', 205, 'large', 205),
(1808, 1448, 19, '18samosa-recipe.jpg', 30, NULL, 30),
(1809, 180, 3, '4118a4c2679b95c59e35cc5203e0f204b68a_1494867696.jpg', 95, 'small', 95),
(1810, 180, 3, '3693a4c2679b95c59e35cc5203e0f204b68a_1494867696.jpg', 165, 'medium', 165),
(1811, 1449, 19, '13samosa-pav-250x250.png', 30, ' ', 30),
(1812, 180, 3, '4393a4c2679b95c59e35cc5203e0f204b68a_1494867696.jpg', 205, 'large', 205),
(1813, 1450, 19, '2994Schezwan-cheese-vada-pav.jpg', 50, NULL, 50),
(1814, 181, 3, '2561download (44).jpg', 95, 'small', 95),
(1815, 70, 19, '9720finger.png', 60, NULL, 60),
(1816, 181, 3, '6126download (44).jpg', 165, 'medium', 165),
(1817, 181, 3, '5058download (44).jpg', 205, 'large', 205),
(1818, 182, 3, '281076481989.jpg', 105, 'small', 105),
(1819, 182, 3, '743076481989.jpg', 175, 'medium', 175),
(1820, 182, 3, '495876481989.jpg', 225, 'large', 225),
(1821, 183, 3, '6482download (45).jpg', 105, 'small', 105),
(1822, 183, 3, '9379download (45).jpg', 175, 'medium', 175),
(1823, 183, 3, '8350download (45).jpg', 225, 'large', 225),
(1825, 1451, 19, '9583pripari.jpg', 70, NULL, 70),
(1826, 158, 3, '7419download (46).jpg', 115, 'small', 115),
(1827, 1452, 19, '6449chesspri.jpg', 90, NULL, 90),
(1828, 158, 3, '9520download (46).jpg', 185, 'medium', 185),
(1829, 158, 3, '5754download (46).jpg', 235, 'large', 235),
(1831, 625, 19, '1797pani.jpg', 15, ' ', 15),
(1832, 626, 19, '7745dahipuri.jpg', 40, NULL, 40),
(1833, 336, 19, '4205Sev-Puri-2B-480x360.jpg', 30, ' ', 30),
(1834, 338, 19, '2186bombay bhel.jpg', 30, ' ', 30),
(1835, 1396, 19, '4721delhi_chaat_img.png', 40, NULL, 40),
(1836, 928, 19, '7009392veggie-burger-recipe-5.jpg', 55, NULL, 55),
(1837, 843, 19, '3463483bg.jpg', 65, NULL, 65),
(1838, 592, 6, '5117chilly dry.jpg', 140, ' ', 140),
(1839, 1058, 6, '9621crispy vg.jpg', 140, ' ', 140),
(1840, 1444, 6, '5739chilli-baby-corn-recipe-1.jpg', 160, ' ', 160),
(1841, 1446, 6, '7904Manchurian dry.jpg', 150, ' ', 150),
(1842, 1447, 6, '4288baby mashroom.jpg', 180, ' ', 180),
(1843, 1004, 6, '1632Spring-Rolls-500x500.jpg', 140, ' ', 140),
(1844, 1453, 19, '5366mayoburger.png', 70, NULL, 70),
(1845, 1454, 19, '964mexican-cheese-burgers-2.jpg', 120, NULL, 120),
(1846, 1459, 6, '2018Mushrrom.jpg', 180, ' ', 180),
(1847, 1455, 19, '6268mexican-cheese-burgers-2.jpg', 80, ' ', 80),
(1848, 1456, 19, '5493mayoburger.png', 80, ' ', 80),
(1849, 1460, 6, '1416veg bullet.jpg', 110, ' ', 110),
(1850, 1457, 19, '8615392veggie-burger-recipe-5.jpg', 80, ' ', 80),
(1851, 1461, 6, '7967veg gold coin.jpg', 110, ' ', 110),
(1852, 1458, 19, '6541483bg.jpg', 80, ' ', 80),
(1853, 625, 6, '9606pani Puri.jpg', 50, ' ', 50),
(1854, 336, 6, '6038sev Puri.jpg', 50, ' ', 50),
(1855, 1434, 6, '7249bombay.jpg', 50, ' ', 50),
(1856, 1462, 6, '7225aloo_chana_chaat.jpg', 100, ' ', 100),
(1857, 1464, 6, '5404chana chat.png', 100, ' ', 100),
(1858, 1463, 19, '56462403cg.jpg', 75, NULL, 75),
(1859, 1467, 6, '7208peanut.jpg', 90, ' ', 90),
(1860, 571, 6, '3297boondi.jpg', 70, ' ', 70),
(1861, 1465, 19, '4201suprem.jpg', 85, NULL, 85),
(1862, 1466, 19, '8226exotic garlic bread  fb.jpg', 95, NULL, 95),
(1863, 576, 6, '9190boondi.jpg', 70, ' ', 70),
(1864, 1001, 6, '8626boondi.jpg', 60, ' ', 60),
(1865, 523, 19, '5323330aeric.jpg', 90, 'R', 90),
(1866, 1469, 6, '9306boondi.jpg', 80, ' ', 80),
(1867, 1470, 6, '1328boondi.jpg', 60, ' ', 60),
(1868, 568, 6, '6929green salad.jpg', 45, ' ', 45),
(1869, 523, 19, '8930330aeric.jpg', 160, 'L', 160),
(1870, 581, 6, '6821tomato salad.jpg', 45, ' ', 45),
(1871, 1471, 19, '5119422pizza.jpg', 100, 'R', 100),
(1872, 1234, 16, '7611chicku shake.jpg', 40, 'milk shake', 40),
(1873, 570, 6, '5510kachumber-salad-recipe-2.jpg', 40, ' ', 40),
(1874, 1471, 19, '13422pizza.jpg', 180, 'L', 180),
(1875, 1930, 6, '5082roasted papad.jpg', 20, NULL, 20),
(1876, 1235, 16, '1272chicku with ice cream.jpg', 50, 'milk shake', 50),
(1877, 193, 19, '7356yum.jpg', 110, 'R', 110),
(1878, 993, 6, '1760masala papd.jpg', 30, ' ', 30),
(1879, 185, 3, '1894images (3).jpg', 185, 'medium', 185),
(1880, 193, 19, '2507yum.jpg', 190, 'L', 190),
(1881, 185, 3, '3074images (3).jpg', 235, 'large', 235),
(1882, 185, 3, '6259images (3).jpg', 115, 'small', 115),
(1883, 186, 3, '7270download (47).jpg', 115, 'small', 115),
(1884, 186, 3, '8350download (47).jpg', 185, 'medium', 185),
(1885, 591, 6, '9481Butter Milk.jpg', 25, ' ', 25),
(1886, 267, 19, '3988cheese Brust.jpg', 110, 'R', 110),
(1887, 186, 3, '6860download (47).jpg', 235, 'large', 235),
(1888, 267, 19, '8248cheese Brust.jpg', 190, 'L', 190),
(1889, 121, 3, '8853unnamed.jpg', 120, 'small', 120),
(1890, 121, 3, '2607unnamed.jpg', 190, 'medium', 190),
(1891, 121, 3, '9634unnamed.jpg', 250, 'large', 250),
(1892, 1238, 16, '9021sitalfal milk shake.jpg', 65, 'sizanal', 65),
(1893, 1239, 16, '8731sitafal with ice.jpg', 75, 'sizanal', 75),
(1894, 594, 6, '8769Butter Milk.jpg', 30, ' ', 30),
(1895, 593, 6, '1157png.jpg', 50, ' ', 50),
(1896, 718, 19, '1231download (48).jpg', 25, 'scoop', 25),
(1897, 1474, 19, '5723Tandori panner.jpg', 120, 'R', 120),
(1898, 466, 19, '6696Butterscotch-Ice-Cream.jpg', 30, 'scoop', 30),
(1899, 1476, 6, '3024Plain Curd.jpg', 50, ' ', 50),
(1900, 1474, 19, '2806Tandori panner.jpg', 210, 'L', 210),
(1901, 777, 19, '1823dddw.jpg', 30, 'scoop', 30),
(1902, 1475, 19, '3099images.jpg', 110, 'R', 110),
(1903, 1478, 6, '7601Bean.jpg', 110, ' ', 110),
(1904, 1024, 6, '1683russian-salad.jpg', 120, ' ', 120),
(1905, 467, 19, '4825download (49).jpg', 35, 'scoop', 35),
(1907, 1475, 19, '6452images.jpg', 190, 'L', 190),
(1908, 1477, 19, '9875chatpatta.jpg', 140, 'R', 140),
(1909, 1174, 6, '9493bak.jpg', 180, ' ', 180),
(1910, 1477, 19, '7228chatpatta.jpg', 240, 'L', 240),
(1912, 1240, 16, '4189apple-milkshake-500x500.jpg', 65, 'shake', 65),
(1913, 1479, 19, '3400er.jpg', 35, 'scoop', 35),
(1914, 646, 19, '72910.jpg', 35, 'scoop', 35),
(1915, 1480, 6, '6967marconi.jpg', 180, ' ', 180),
(1916, 451, 19, '8521download (50).jpg', 40, 'scoop', 40),
(1917, 1481, 6, '5913spaghetti.jpg', 190, ' ', 190),
(1918, 1482, 6, '2829pineapple.jpg', 190, ' ', 190),
(1919, 1483, 19, '8971Digital_Veggie_Paradise_olo_266x265.jpg', 150, 'R', 150),
(1920, 985, 6, '6931veg sis.jpg', 240, ' ', 240),
(1921, 1483, 19, '63Digital_Veggie_Paradise_olo_266x265.jpg', 260, 'L', 260),
(1922, 1484, 19, '7702download (51).jpg', 40, 'scoop', 40),
(1923, 801, 6, '613chinese sizzler.JPG', 260, ' ', 260),
(1924, 1485, 19, '9287gour.jpg', 140, 'R', 140),
(1926, 989, 6, '7051paneer.sizzler.jpg', 280, ' ', 280),
(1927, 1486, 19, '2725Digital_Veggie_Paradise_olo_266x265.jpg', 160, 'R', 160),
(1928, 750, 19, '8769download (53).jpg', 40, 'scoop', 40),
(1929, 859, 6, '8157hawaaiin.jpg', 250, ' ', 250),
(1930, 1486, 19, '8646Digital_Veggie_Paradise_olo_266x265.jpg', 280, 'L', 280),
(1931, 548, 19, '6170download (54).jpg', 40, 'scoop', 40),
(1932, 1485, 19, '8600gour.jpg', 240, 'L', 240),
(1933, 89, 19, '182Royal-Kesar-Pista-Scoop.jpg', 45, 'scoop', 45),
(1934, 1491, 6, '983veg sis.jpg', 290, ' ', 290),
(1936, 661, 19, '8776dewd.jpg', 50, 'scoop', 50),
(1937, 1487, 19, '2758gujarati treat.jpg', 140, 'R', 140),
(1938, 1487, 19, '6672gujarati treat.jpg', 240, 'L', 240),
(1939, 1039, 19, '1696image.jpg', 50, 'scoop', 50),
(1940, 1488, 19, '5606Mexican.jpg', 130, 'R', 130),
(1941, 1492, 19, '7548dq.jpg', 55, 'scoop', 55),
(1942, 1488, 19, '6532Mexican.jpg', 210, 'L', 210),
(1944, 1248, 16, '942fruit lassi.jpg', 40, 'loose', 40),
(1946, 1250, 16, '4487chocolassi.png', 40, 'loose', 40),
(1948, 1493, 19, '9441images (4).jpg', 55, 'scoop', 55),
(1949, 543, 16, '231mango lassi.jpg', 35, 'loose', 35),
(1950, 460, 19, '3136images (4).jpg', 60, 'scoop', 60),
(1951, 544, 16, '6370pineapple lassi.jpg', 35, 'loose', 35),
(1952, 1253, 16, '9856rose.jpg', 35, 'loose', 35),
(1953, 1287, 10, '6658download (55).jpg', 15, 'ice crean', 15),
(1954, 1494, 10, '6636dop.jpg', 20, 'ice cream', 20),
(1955, 1496, 10, '745afw54xtdunxak23tzwrf (1).jpg', 20, 'ice cream', 20),
(1956, 106, 10, '1088Kaju-Draksh.jpg', 20, 'ice cream', 20),
(1957, 533, 10, '6469Fig-Ice-Cream.jpg', 25, 'ice cream', 25),
(1958, 88, 10, '7540butterscotch-scoop-500x500.jpg', 25, 'ice cream', 25),
(1959, 1300, 10, '3066images (5).jpg', 30, 'ice cream', 30),
(1960, 1497, 8, '4761minithali.png', 99, ' ', 99),
(1961, 661, 10, '8658Rajbhog Ice Cream Recipe - Homemade Ice Cream - Priya R - Magic of Indian Rasoi (1).JPG', 35, 'ice cream', 35),
(1962, 536, 10, '2549Kaju-Gulkand-Ice-Cream_Fotor.jpg', 30, 'ice cream', 30),
(1963, 646, 10, '7005choco-chips-single-scoop-500x500.png', 35, 'ice cream', 35),
(1964, 1499, 8, '1762punjabi-thali-png-2.png', 150, ' ', 150),
(1966, 1500, 19, '5989periclub.JPG', 130, NULL, 130),
(1967, 1501, 19, '2869veg-club-500x500.png', 130, NULL, 130),
(1968, 1613, 19, '5717club-grilled-sandwich-250x250.png', 120, NULL, 120),
(1969, 1442, 8, '6575big_chinese_bhel_(_chinese_recipe_)-14635.jpg', 150, ' ', 150),
(1970, 52, 8, '1236american-chop-suey_dsc0265-(29)-5-186191.jpg', 150, ' ', 150),
(1971, 607, 8, '6707maxresdefault.jpg', 160, ' ', 160),
(1972, 612, 8, '2393combina.jpg', 160, ' ', 160),
(1973, 610, 8, '5497schezwan-fried-rice-1.jpg', 160, ' ', 160),
(1974, 587, 8, '3804triple rice.jpg', 210, ' ', 210),
(1975, 1504, 8, '2471surti-undhiyu-recipe-1a.jpg', 100, ' ', 100),
(1976, 1505, 8, '3391dh.jpg', 90, ' ', 90),
(1977, 1506, 8, '2422ring.jpg', 80, ' ', 80),
(1978, 1507, 8, '2526Baingan-Bharta.jpg', 90, ' ', 90),
(1979, 1508, 8, '2332suki.jpg', 80, ' ', 80),
(1980, 1509, 8, '7331SevTametaNuShaak_Wb.jpg', 70, ' ', 70),
(1981, 1510, 8, '8676papad.jpg', 90, ' ', 90),
(1982, 1511, 8, '7747tik.jpg', 80, ' ', 80),
(1983, 1512, 8, '3748rotl.jpg', 90, ' ', 90),
(1984, 1513, 8, '3905vaghareli-khichdi.jpg', 90, ' ', 90),
(1985, 1514, 8, '9564khichdi-recipe-500x500.jpg', 60, ' ', 60),
(1987, 1515, 8, '6557khichdi-recipe.jpg', 80, ' ', 80),
(1988, 1516, 8, '6093Rajasthani_Kadhi_Recipe_4.jpg', 40, ' ', 40),
(1989, 1517, 8, '5226chu.jpg', 90, ' ', 90),
(1990, 1518, 8, '4511masala bhakhari-18.JPG', 30, ' ', 30),
(1991, 1519, 8, '4847fulka.jpg', 15, ' ', 15),
(1992, 710, 8, '7248rotlo.jpg', 30, ' ', 30),
(1993, 1521, 8, '5091Plain_Tawa_Paratha_Recipe-3.jpg', 25, ' ', 25),
(1994, 1522, 8, '5056big_methi_thepla,_gujarati_methi_thepla_recipe-14510.jpg', 15, ' ', 15),
(1995, 1404, 8, '2739gulab-jamun-recipe.jpg', 60, ' ', 60),
(1996, 1523, 8, '5141ras.jpg', 60, ' ', 60),
(1997, 75, 8, '5581vanilla-ice-cream-resize-9.jpg', 50, ' ', 50),
(1998, 78, 8, '5711Vegan-Strawberry-Ice-Cream-14.jpg', 60, ' ', 60),
(1999, 81, 8, '9560Death-by-Chocolate-Ice-Cream-02.jpg', 60, ' ', 60),
(2000, 72, 8, '6878brownie.jpg', 180, ' ', 180),
(2001, 1527, 10, '9136download (56).jpg', 35, 'scoop', 35),
(2002, 1529, 10, '8128download (57).jpg', 35, 'scoop', 35),
(2003, 1531, 10, '1144download (58).jpg', 40, 'scoop', 40),
(2004, 1532, 10, '7536download (59).jpg', 40, 'scoop', 40),
(2005, 1535, 10, '1397s.jpg', 25, 'Sunday k funday', 25),
(2006, 1536, 4, '5099mac.jpg', 160, ' ', 160),
(2007, 641, 10, '2229download (60).jpg', 30, 'Sunday k funday', 30),
(2008, 512, 10, '3113images (6).jpg', 45, 'Sunday k funday', 45),
(2009, 1538, 10, '3365inna6czet32gownp7yb8.jpg', 60, 'Sunday k funday', 60),
(2010, 1539, 10, '9023gopal-ice-cream-station-road-amreli-amreli-ice-cream-retailers-1oyc2sgcj0.jpg', 25, 'Novelties', 25),
(2011, 1540, 10, '7662neeru-gupta220170713193659827.jpg', 30, 'Novelties', 30),
(2012, 1262, 16, '5629badam shake.jpg', 110, 'original', 110),
(2013, 1264, 16, '8842p-3119-limbu-sarbat.jpg', 20, 'sarabat', 20),
(2015, 542, 16, '1999Sweet Lassi_thumb[6].jpg', 30, 'loose', 30),
(2016, 1247, 16, '9386lassi with icecream.png', 40, 'loose', 40),
(2032, 1553, 10, '2372falooda-ice-cream-500x500.jpg', 50, 'faluda', 50),
(2033, 1554, 10, '6485download (61).jpg', 60, 'faluda', 60),
(2034, 1557, 10, '457cp.jpg', 60, 'faluda', 60),
(2035, 1558, 10, '428rose-falooda-500x500.png', 70, 'faluda', 70),
(2036, 529, 10, '9599istockphoto-1224212638-170667a.jpg', 20, 'plain cold drinks', 20),
(2037, 529, 10, '9212istockphoto-1224212638-170667a.jpg', 30, 'cold drinks with ice cream', 30),
(2038, 1593, 10, '86305a054ed15f1503000b918a63.jpg', 20, 'plain cold drinks', 20),
(2039, 1593, 10, '19945a054ed15f1503000b918a63.jpg', 30, 'cold drinks with ice cream', 30),
(2040, 1561, 10, '7269download (62).jpg', 20, 'plain cold drinks', 20),
(2041, 1561, 10, '3903download (62).jpg', 30, 'cold drinks with ice cream', 30),
(2042, 1013, 10, '9548fresh-pineapple-soft-drink-concentrate-flavours-500x500.jpg', 20, 'plain cold drinks', 20),
(2043, 1013, 10, '4278fresh-pineapple-soft-drink-concentrate-flavours-500x500.jpg', 30, 'cold drinks with ice cream', 30),
(2044, 1562, 10, '81392651bd474b645ffbfe161523ab988016.jpg', 20, 'plain cold drinks', 20),
(2045, 1562, 10, '18002651bd474b645ffbfe161523ab988016.jpg', 30, 'cold drinks with ice cream', 30),
(2046, 88, 10, '870download (63).jpg', 30, 'cold drinks with ice cream', 30),
(2047, 88, 10, '6491download (63).jpg', 20, 'plain cold drinks', 20),
(2048, 661, 10, '1983download (64).jpg', 20, 'plain cold drinks', 20),
(2049, 661, 10, '420download (64).jpg', 30, 'cold drinks with ice cream', 30),
(2050, 1264, 10, '7951download (65).jpg', 20, 'sarbat', 20),
(2051, 1565, 10, '4793images (12).jpg', 20, 'sarbat', 20),
(2052, 1013, 10, '9933maxresdefault.jpg', 20, 'sarbat', 20),
(2053, 1566, 10, '8268images (13).jpg', 60, 'plain dryfruit milkshake', 60),
(2054, 1566, 10, '4988images (13).jpg', 70, 'dryfruit milkeshake with ice cream', 70),
(2055, 106, 10, '4130kaju-thick-shake-250x250.png', 60, 'plain dryfruit milkshake', 60),
(2056, 106, 10, '1801kaju-thick-shake-250x250.png', 70, 'dryfruit milkeshake with ice cream', 70),
(2058, 532, 10, '3927download (66).jpg', 80, 'dryfruit milkeshake with ice cream', 80),
(2059, 752, 10, '8320kaju-anjir-thick-shake-500x500.png', 70, 'plain dryfruit milkshake', 70),
(2060, 533, 10, '5621kaju-anjir-thick-shake-500x500.png', 80, 'dryfruit milkeshake with ice cream', 80),
(2061, 752, 10, '531dfe.png', 80, 'dryfruit milkeshake with ice cream', 80),
(2063, 533, 10, '2580kaju-anjir-thick-shake-500x500.png', 80, 'dryfruit milkeshake with ice cream', 80),
(2064, 533, 10, '2381kaju-anjir-thick-shake-500x500.png', 70, 'plain dryfruit milkshake', 70),
(2065, 1568, 10, '7109download (67).jpg', 80, 'plain dryfruit milkshake', 80),
(2066, 1568, 10, '3298download (67).jpg', 90, 'dryfruit milkeshake with ice cream', 90),
(2067, 748, 10, '158download (68).jpg', 80, 'plain dryfruit milkshake', 80),
(2068, 748, 10, '2473download (68).jpg', 90, 'dryfruit milkeshake with ice cream', 90),
(2069, 1569, 10, '4805dry-fruits-milkshake.jpg', 1001, 'plain dryfruit milkshake', 100),
(2070, 1569, 10, '3985dry-fruits-milkshake.jpg', 110, 'dryfruit milkeshake with ice cream', 110),
(2071, 1287, 10, '8243Milk11.jpg', 40, 'milkshake', 40),
(2072, 1287, 10, '857Milk11.jpg', 50, 'milks with ice cream', 50),
(2073, 646, 10, '2407chocolate-milkshake-recipe-4.jpg', 50, 'milkshake', 50),
(2074, 646, 10, '3476chocolate-milkshake-recipe-4.jpg', 60, 'milks with ice cream', 60),
(2075, 1595, 10, '4323Bournvita.png', 60, 'milkshake', 60),
(2076, 1595, 10, '6049Bournvita.png', 70, 'milks with ice cream', 70),
(2077, 556, 10, '608453652065.jpg', 90, 'milkshake', 90),
(2078, 556, 10, '389553652065.jpg', 100, 'milks with ice cream', 100),
(2079, 550, 10, '2905KitKat-Milkshake.jpg', 100, 'milkshake', 100),
(2080, 550, 10, '7078KitKat-Milkshake.jpg', 110, 'milks with ice cream', 110),
(2081, 529, 10, '9993mango-juice-recipe-mango-drink-500x500.jpg', 50, 'juice', 50),
(2082, 1013, 10, '1130pineapple-juice-recipe.jpg', 50, 'juice', 50),
(2083, 546, 10, '9792download (69).jpg', 50, 'juice', 50),
(2084, 546, 10, '2023download (69).jpg', 50, 'juice', 50),
(2085, 1575, 10, '2920Ganga-Jamuna.jpg', 50, 'juice', 50),
(2086, 1574, 10, '32700c976856de37c17a262db42b2d8e700c.jpg', 50, 'juice', 50),
(2087, 1576, 10, '9558images (14).jpg', 25, 'special', 25),
(2088, 542, 10, '2924download (70).jpg', 12, 'lassi', 12),
(2089, 543, 10, '2702download (71).jpg', 15, 'lassi', 15),
(2090, 1577, 10, '6896Indian-Mango-Lassi-Recipe-310x310.jpg', 15, 'lassi', 15),
(2091, 542, 10, '9768download (72).jpg', 30, 'plain lassi', 30),
(2092, 542, 10, '2099download (72).jpg', 40, 'lassi with ice cream', 40),
(2093, 1596, 10, '8812siwctsdlwj49tivb5etw.jpg', 40, 'plain lassi', 40),
(2094, 1578, 10, '939siwctsdlwj49tivb5etw.jpg', 50, 'lassi with ice cream', 50),
(2095, 1579, 10, '6811download (73).jpg', 40, 'plain lassi', 40),
(2096, 1579, 10, '3609download (73).jpg', 50, 'lassi with ice cream', 50),
(2097, 1580, 10, '4198download (74).jpg', 40, 'plain lassi', 40),
(2098, 1580, 10, '7281download (74).jpg', 50, 'lassi with ice cream', 50),
(2099, 1301, 10, '9115download (75).jpg', 50, 'plain lassi', 50),
(2100, 1301, 10, '286download (75).jpg', 60, 'lassi with ice cream', 60),
(2101, 1582, 10, '6765cm.jpg', 30, 'plain milkshake', 30),
(2102, 528, 10, '8903cm.jpg', 40, 'milks with ice cream', 40),
(2103, 828, 19, '3880Bread-Butter-1.jpg', 20, ' ', 20),
(2104, 362, 19, '6360410w.jpg', 30, ' ', 30),
(2105, 345, 19, '7193veg-sandwiches-500x500.jpg', 35, ' ', 35),
(2106, 616, 19, '8957veg-club-500x500.png', 55, ' ', 55),
(2108, 357, 19, '9201veg-cheese-sandwich-250x250.png', 65, ' ', 65),
(2109, 1601, 19, '5460174veg sandwich.jpg', 50, ' ', 50),
(2110, 529, 10, '3495mango-milkshake-recipe.jpg', 30, 'plain milkshake', 30);
INSERT INTO `hotel_menu` (`hm_id`, `m_id`, `h_id`, `image`, `price`, `type`, `sell_price`) VALUES
(2111, 529, 10, '1994mango-milkshake-recipe.jpg', 40, 'milkshake with ice cream', 40),
(2112, 1013, 10, '7985pineapple-milkshake-recipe.jpg', 30, 'plain milkshake', 30),
(2113, 467, 10, '1957pineapple-milkshake-recipe.jpg', 40, 'milkshake with ice cream', 40),
(2114, 795, 10, '8399strawberry-milkshake-recipe-1.jpg', 35, 'plain milkshake', 35),
(2115, 1602, 19, '966866veg grilled sandwich.jpg', 65, ' ', 65),
(2116, 562, 10, '5368strawberry-milkshake-recipe-1.jpg', 45, 'milkshake with ice cream', 45),
(2117, 526, 10, '9767apple.jpg', 40, 'milkshake with ice cream', 40),
(2118, 1603, 19, '6828samosa sandwich.jpg', 60, NULL, 60),
(2119, 526, 10, '4222apple.jpg', 50, 'milkshake with ice cream', 50),
(2120, 443, 10, '9976sit.jpg', 40, 'plain milkshake', 40),
(2121, 1238, 10, '6379sit.jpg', 50, 'milkshake with ice cream', 50),
(2122, 1604, 19, '1970CHeese Samosa.jpg', 75, NULL, 75),
(2123, 1605, 19, '3679aloo-masala-grilled-sandwich-1.jpg', 80, NULL, 80),
(2124, 1606, 19, '2172panner Sandwich.jpg', 80, NULL, 80),
(2125, 1607, 19, '3049Cheese Chilly Grill.jpg', 80, NULL, 80),
(2126, 1608, 19, '722corn-capsicum-sandwich-recipe-1.jpg', 80, NULL, 80),
(2127, 718, 10, '2128v.jpg', 50, 'parcel(500ml)', 50),
(2128, 1609, 19, '1334Veg supreme.jpg', 85, ' ', 85),
(2129, 563, 10, '2343v.jpg', 70, 'parcel(750ml)', 70),
(2132, 1611, 10, '6download (4).jpg', 55, 'parcel(500ml)', 55),
(2133, 1584, 10, '4360download (4).jpg', 75, 'parcel(750ml)', 75),
(2136, 1370, 10, '2598dw.jpg', 70, 'parcel(500ml)', 70),
(2137, 1370, 10, '5696dw.jpg', 100, 'parcel(750ml)', 100),
(2139, 1612, 19, '9149Vegetable-grilled-sandwich.jpg', 65, ' ', 65),
(2141, 106, 10, '3790dw.jpg', 100, 'parcel(750ml)', 100),
(2142, 106, 10, '3199dw.jpg', 70, 'parcel(500ml)', 70),
(2143, 88, 10, '5544Cf-mR8bWwAA1gbl.jpg', 70, 'parcel(500ml)', 70),
(2144, 1614, 20, '2992khamand-dhokla-250x250.jpg', 100, '1kg', 100),
(2145, 88, 10, '5391Cf-mR8bWwAA1gbl.jpg', 100, 'parcel(750ml)', 100),
(2146, 1276, 20, '6604savekhami.jpg', 140, '1kg', 140),
(2147, 533, 10, '4094ak.jpg', 110, 'parcel(750ml)', 110),
(2148, 533, 10, '8668ak.jpg', 80, 'parcel(500ml)', 80),
(2149, 1275, 20, '4780patra.jpg', 140, '1kg', 140),
(2150, 89, 10, '7874images.jpg', 120, 'parcel(750ml)', 120),
(2151, 89, 10, '3136images.jpg', 85, 'parcel(500ml)', 85),
(2152, 1615, 20, '1382patra.jpg', 120, '1kg', 120),
(2153, 711, 10, '4025american-dry-fruit-ice-cream-500x500.jpg', 85, 'parcel(500ml)', 85),
(2154, 631, 20, '1285samosa-recipe.jpg', 160, '1kg', 160),
(2155, 767, 10, '5013american-dry-fruit-ice-cream-500x500.jpg', 120, 'parcel(750ml)', 120),
(2156, 1585, 10, '3949images (1).jpg', 125, 'parcel(750ml)', 125),
(2157, 661, 10, '7579rb.jpg', 90, 'parcel(500ml)', 90),
(2158, 661, 10, '4068rb.jpg', 130, 'parcel(750ml)', 130),
(2159, 462, 10, '1877pm.jpg', 130, 'parcel(750ml)', 130),
(2160, 462, 10, '4902pm.jpg', 90, 'parcel(500ml)', 90),
(2161, 1616, 20, '4522sandwich-dhokla-recipe-480x270.jpg', 120, '1kg', 120),
(2162, 1566, 10, '1326gk.jpg', 120, 'parcel(500ml)', 120),
(2163, 1566, 10, '4372gk.jpg', 200, 'parcel(1L)', 200),
(2164, 1279, 20, '2283khandvi-500x500.png', 140, '1kg', 140),
(2165, 1617, 10, '280rk.jpg', 120, 'parcel(500ml)', 120),
(2166, 1617, 10, '2977rk.jpg', 200, 'parcel(1L)', 200),
(2167, 646, 10, '8631ck.jpg', 140, 'parcel(500ml)', 140),
(2168, 646, 10, '8906ck.jpg', 240, 'parcel(1L)', 240),
(2169, 1527, 10, '8832pista malai.jpg', 140, 'parcel(500ml)', 140),
(2170, 1527, 10, '5681pg.jpg', 140, 'parcel(500ml)', 140),
(2171, 1527, 10, '2774pg.jpg', 140, 'parcel(500ml)', 140),
(2172, 1527, 10, '420pg.jpg', 240, 'parcel(1L)', 240),
(2173, 1529, 10, '8619ra.jpg', 140, 'parcel(500ml)', 140),
(2174, 1529, 10, '1692ra.jpg', 2402, 'parcel(1L)', 240),
(2175, 644, 10, '4471df.jpg', 160, 'parcel(500ml)', 160),
(2176, 644, 10, '7544df.jpg', 280, 'parcel(1L)', 280),
(2177, 1588, 10, '9986sg.jpg', 180, 'parcel(500ml)', 180),
(2178, 1558, 10, '3251sg.jpg', 280, 'parcel(1L)', 280),
(2179, 1589, 10, '4383vc.jpg', 25, 'ice cream container pack(200ml)', 25),
(2180, 106, 10, '9804vc.jpg', 30, 'ice cream container pack(200ml)', 30),
(2181, 194, 4, '9578vegetarian.jpg', 170, ' ', 170),
(2182, 525, 10, '3673straw.jpg', 30, 'ice cream container pack(200ml)', 30),
(2183, 650, 10, '2996butter.jpg', 30, '200 ML', 30),
(2184, 1585, 10, '4931chocolate p.png', 40, '200 ML', 40),
(2185, 771, 10, '3636mava-badam-ice-cream-500x500.jpg', 40, '200 ML', 40),
(2186, 661, 10, '4528Raj-Bhog.jpg', 45, '200 ML', 45),
(2187, 563, 10, '9432Vanilla Family.jpg', 130, 'Combo Pack (750+750)=1litre', 130),
(2188, 1591, 10, '3856mango-ice-cream-1200.jpg', 160, 'Combo Pack (750+750)=1litre', 160),
(2189, 1611, 10, '8342straw bery.jpg', 160, 'Combo Pack (750+750)=1litre', 160),
(2190, 1370, 10, '8099FAMILY.jpg', 200, 'Combo Pack (750+750)=1litre', 200),
(2191, 106, 10, '276kaju draksh.jpg', 200, 'Combo Pack (750+750)=1litre', 200),
(2192, 88, 10, '1280butterscotch-ice-cream-family-pack-500x500.jpg', 210, 'Combo Pack (750+750)=1litre', 210),
(2193, 563, 10, '1416vanilla.jpg', 25, 'Sugar Free Ice-Cream', 25),
(2194, 661, 10, '9769Rj.jpg', 35, 'Sugar Free Ice-Cream', 35),
(2195, 547, 7, '4881Saffron-Pista-Almond-Cardamom-Milkshake.png', 140, 'thickshake', 140),
(2196, 551, 7, '6650anjir-Thick-Shake.jpg', 130, 'thickshake', 130),
(2197, 535, 7, '27dry-fruits-milkshake-1.jpg', 120, 'thickshake', 120),
(2198, 647, 14, '6390cm.jpg', 70, ' ', 70),
(2199, 1658, 14, '6519cs.jpg', 60, ' ', 60),
(2200, 649, 14, '2552b.jpg', 70, ' ', 70),
(2201, 1666, 4, '5870Mini Thali.jpg', 150, 'Gujarati', 150),
(2203, 651, 14, '293ctf.jpg', 80, ' ', 80),
(2204, 652, 14, '47cd.jpg', 100, ' ', 100),
(2205, 1674, 4, '63951719kisspng-vegetarian-cuisine-buffet-indian-cuisine-thali-res-download-apk-for-android-android-apk-5b75d19f0466d8.828973041534448031018.jpg', 200, 'Punjabi', 200),
(2206, 654, 14, '1422sd.jpg', 50, ' ', 50),
(2207, 1688, 14, '2701mm.jpg', 80, ' ', 80),
(2208, 1691, 14, '9457sc.jpg', 80, ' ', 80),
(2209, 1692, 14, '1205unnamed.jpg', 60, ' ', 60),
(2210, 523, 13, '1976images.jpg', 90, 'Pizza', 90),
(2212, 668, 14, '410mutton-keema-recipe.jpg', 60, ' ', 60),
(2213, 194, 13, '4171gujarati treat.jpg', 120, 'Pizza', 120),
(2214, 1393, 13, '4143Bhalle_bhalle.jpg', 120, 'Pizza', 120),
(2215, 671, 14, '1451kd.jpg', 50, ' ', 50),
(2216, 676, 14, '2227bhejo.jpg', 50, ' ', 50),
(2217, 218, 13, '9868Tandori panner.jpg', 130, 'Pizza', 130),
(2218, 248, 13, '9869Mexican.jpg', 130, 'Pizza', 130),
(2219, 249, 13, '1890yum.jpg', 140, 'Pizza', 140),
(2220, 1448, 13, '9839samosa-recipe.jpg', 40, 'Samosa', 40),
(2221, 822, 13, '2295mag.jpg', 40, 'Maggie', 40),
(2222, 823, 13, '7708butter-veg-maggi-500x500.png', 70, 'Maggi', 70),
(2223, 668, 14, '5920khe.jpg', 60, ' ', 60),
(2224, 842, 13, '1248392veggie-burger-recipe-5.jpg', 80, 'Burger', 80),
(2225, 648, 14, '7792chicken butter.jpg', 80, ' ', 80),
(2226, 1455, 13, '9988483bg.jpg', 90, 'Burger', 90),
(2227, 665, 14, '5973bheja masala.jpg', 60, ' ', 60),
(2228, 679, 14, '230mutton khemo.jpg', 50, ' ', 50),
(2229, 1695, 13, '3552392veggie-burger-recipe-5.jpg', 90, 'Burger', 90),
(2230, 1696, 13, '7586483bg.jpg', 90, 'Burger', 90),
(2231, 1694, 13, '4418392veggie-burger-recipe-5.jpg', 90, 'Burger', 90),
(2232, 1697, 13, '1136483bg.jpg', 80, 'Burger', 80),
(2233, 682, 14, '7304maxresdefault.jpg', 100, ' ', 100),
(2234, 736, 14, '8962jhinga masala.jpg', 100, ' ', 100),
(2235, 687, 14, '6680egg curry.jpg', 40, ' ', 40),
(2236, 739, 14, '6752egg khima masala.jpg', 40, ' ', 40),
(2237, 691, 14, '2741omlet.jpg', 20, ' ', 20),
(2238, 1698, 14, '5466omlet.jpg', 30, ' ', 30),
(2239, 696, 14, '6406egg half fry.jpg', 20, ' ', 20),
(2240, 698, 14, '767egg half fry.jpg', 30, ' ', 30),
(2241, 701, 14, '8253be.jpg', 10, ' ', 10),
(2242, 727, 14, '5563ff.jpg', 100, ' ', 100),
(2243, 1699, 14, '4543pr.png', 20, ' ', 20),
(2244, 1700, 14, '3079jr.jpg', 30, ' ', 30),
(2245, 1701, 14, '6275wr.jpg', 6, ' ', 6),
(2246, 1702, 14, '7256bajra no rotlp.jpg', 20, ' ', 20),
(2247, 1703, 14, '3595papad.jpg', 10, ' ', 10),
(2248, 1704, 14, '975chas.jpg', 15, ' ', 15),
(2250, 1259, 16, '2102kaju anjir shake.jpg', 120, 'original', 120),
(2251, 1263, 16, '193dryfruit-milk-shake.jpg', 100, 'original', 100),
(2255, 1658, 31, '3074chicken.jpg', 70, ' ', 70),
(2256, 647, 31, '9615cm.jpg', 80, ' ', 80),
(2257, 1705, 31, '2866cg.jpg', 100, ' ', 100),
(2258, 1261, 16, '2288KAJU BADAM.jpg', 120, 'ORIGINAL', 120),
(2259, 716, 31, '713chicken tikka.jpg', 110, ' ', 110),
(2260, 717, 31, '8382chilli-chicken.jpg', 100, ' ', 100),
(2261, 721, 31, '917chicken leg masala.jpg', 140, ' ', 140),
(2262, 723, 31, '7114l.jpeg', 70, ' ', 70),
(2263, 649, 31, '6765download (5).jpg', 100, ' ', 100),
(2264, 652, 31, '8806a0f177449c9b12574bae61e58707932c.jpg', 100, ' ', 100),
(2265, 1260, 16, '1792KAJU SHAKE.jpg', 120, 'ORIGINAL', 120),
(2266, 725, 31, '3494download (6).jpg', 80, ' ', 80),
(2267, 682, 31, '8579download (7).jpg', 100, ' ', 100),
(2268, 1258, 16, '8875ANJIR SJHKE.jpg', 110, 'ORIGINAL', 110),
(2269, 727, 31, '4224fr.jpg', 90, ' ', 90),
(2270, 730, 31, '238g.jpg', 170, ' ', 170),
(2271, 733, 31, '5656d.jpg', 190, ' ', 190),
(2272, 736, 31, '4260download (8).jpg', 190, ' ', 190),
(2273, 1256, 16, '6394KAJU LASSI.jpg', 75, 'LOOSE', 75),
(2274, 1254, 16, '5252GULKAND LASSI.jpg', 65, 'loose', 65),
(2275, 1249, 16, '6058BUTERR SCOCH.jpg', 35, 'LOOSE', 35),
(2276, 1249, 16, '1039BUTERR SCOCH.jpg', 35, 'LOOSE', 35),
(2278, 1699, 31, '6617f.jpg', 30, ' ', 30),
(2280, 1700, 31, '6903Jeera-Rice-Recipe-500x375.jpg', 50, ' ', 50),
(2281, 1706, 31, '3695download (9).jpg', 90, ' ', 90),
(2282, 1707, 31, '1460hqdefault.jpg', 50, ' ', 50),
(2283, 1244, 16, '4450KAJU GULKAND SHAKE.jpg', 110, 'shake', 110),
(2284, 691, 31, '3507clean-eating-one-egg-omelet-v-.jpg', 40, ' ', 40),
(2285, 1708, 16, '3529GULAKAND SHAKE.jpg', 70, 'shake', 70),
(2286, 1236, 16, '3157chicku kaju.jpg', 75, 'milk shake', 75),
(2288, 1709, 13, '3774american-corn-cheese-balls-500x500.png', 50, ' ', 50),
(2289, 1710, 13, '1380corn-cheese-balls.jpg', 90, ' ', 90),
(2290, 1619, 13, '4401244bv.jpg', 60, 'Fruity Funda', 60),
(2291, 1621, 13, '4455mg.jpg', 80, 'Fruity Funda', 80),
(2292, 1622, 13, '1541str.jpg', 75, 'Fruity Funda', 75),
(2293, 1623, 13, '8959mstr.jpg', 90, 'Fruity Funda', 90),
(2294, 1624, 13, '7073gaint.jpg', 70, 'Fruity Funda', 70),
(2295, 1625, 13, '1622lich.jpg', 75, 'Fruity Funda', 75),
(2296, 1626, 13, '3083jambun.jpg', 80, 'Fruity Funda', 80),
(2297, 1627, 13, '9662brland.jpg', 70, 'Fruity Funda', 70),
(2298, 1628, 13, '1921mg.jpg', 75, 'Fruity Funda', 75),
(2299, 1629, 13, '6554lich.jpg', 90, 'Fruity Funda', 90),
(2300, 687, 31, '1608download (76).jpg', 50, ' ', 50),
(2301, 701, 31, '569download (77).jpg', 10, ' ', 10),
(2302, 1711, 31, '5337hqdefault.jpg', 90, ' ', 90),
(2303, 1688, 31, '3040mutton-curry-thumb.jpg', 110, ' ', 110),
(2304, 1712, 31, '2283hqdefault (1).jpg', 120, ' ', 120),
(2305, 1713, 31, '9927hqdefault (2).jpg', 120, ' ', 120),
(2306, 1714, 31, '23852702221.jpg', 140, ' ', 140),
(2307, 1715, 31, '7192hqdefault (3).jpg', 80, ' ', 80),
(2308, 760, 31, '7264meow-paapu20180130141205445.jpg', 60, ' ', 60),
(2309, 1716, 31, '5881download (78).jpg', 90, ' ', 90),
(2310, 763, 31, '738download (79).jpg', 130, ' ', 130),
(2311, 764, 31, '4181a.jpg', 80, ' ', 80),
(2312, 1701, 31, '3302q.jpg', 6, ' ', 6),
(2313, 1702, 31, '4623big_rotla_(_gujarati_recipe)-10330.jpg', 25, ' ', 25),
(2314, 1703, 31, '5124padad.jpg', 10, ' ', 10),
(2315, 1704, 31, '1300maxresdefault (1).jpg', 15, ' ', 15),
(2322, 1630, 13, '5971cc.jpg', 70, 'Chocolate Concept', 70),
(2323, 1631, 13, '8144mr.coffe.jpg', 65, 'Chocolate Concept', 65),
(2324, 1632, 13, '4803choco.jpg', 50, 'Chocolate Concept', 50),
(2325, 1634, 13, '3661oreashot.jpg', 70, 'Chocolate Concept', 70),
(2326, 1635, 13, '7074megical.jpg', 75, 'Chocolate Concept', 75),
(2327, 699, 13, '1948537c.jpg', 75, 'Chocolate Concept', 75),
(2328, 1637, 13, '669cc.jpg', 75, 'Chocolate Concept', 75),
(2329, 123, 1, '9833download - 2020-09-30T133552.465.jpg', 175, 'punjabi sabji', 175),
(2330, 124, 1, '6565download - 2020-09-30T133648.095.jpg', 145, 'punjabi sabji', 145),
(2331, 125, 1, '283images (16).jpg', 130, 'punjabi sabji', 130),
(2332, 127, 1, '1699download - 2020-09-30T134034.138.jpg', 145, 'punjabi sabji', 145),
(2333, 129, 1, '8834download - 2020-09-30T134217.620.jpg', 170, 'punjabi sabji', 170),
(2334, 130, 1, '8403download - 2020-09-30T134354.938.jpg', 145, 'punjabi sabji', 145),
(2335, 131, 1, '3641Paneer-Butter-Masala-Recipe-1-500x500.jpg', 175, 'punjabi sabji', 175),
(2336, 132, 1, '2037stuffed-tomato-step-by-step-recipe.jpg', 135, 'punjabi sabji', 135),
(2337, 133, 1, '7396capsicum-masala-curry.jpg', 140, 'punjabi sabji', 140),
(2338, 135, 1, '5596download - 2020-09-30T134933.635.jpg', 120, 'punjabi sabji', 120),
(2339, 136, 1, '5879download - 2020-09-30T134933.635.jpg', 110, 'punjabi sabji', 110),
(2340, 137, 1, '9615download - 2020-09-30T135205.382.jpg', 110, 'punjabi sabji', 110),
(2341, 138, 1, '2213veg tufani.jpg', 125, 'punjabi sabji', 125),
(2342, 227, 1, '5148veg handi.jpg', 125, 'punjabi sabji', 125),
(2343, 227, 1, '902veg handi.jpg', 125, 'punjabi sabji', 125),
(2344, 141, 1, '5361veg kadai.jpg', 125, 'punjabi sabji', 125),
(2345, 142, 1, '2202veg kadai.jpg', 130, 'punjabi sabji', 130),
(2346, 254, 1, '4836veg kolhapuri.jpg', 120, 'punjabi sabji', 120),
(2347, 256, 1, '5814veg jaipuri.jpg', 120, 'punjabi sabji', 120),
(2348, 123, 1, '4896veg jwala.jpg', 145, 'punjabi sabji', 145),
(2349, 374, 1, '7145veg angara.jpg', 145, 'punjabi sabji', 145),
(2350, 154, 1, '5281veg angara.jpg', 130, 'punjabi sabji', 130),
(2351, 266, 1, '2011veg kofta.jpg', 125, 'punjabi sabji', 125),
(2352, 375, 1, '7765aksar sp.jpg', 230, 'punjabi sabji', 230),
(2353, 581, 1, '8493cherry-tomato-salad-2-500x500.jpg', 30, 'salad', 30),
(2354, 568, 1, '5671download - 2020-09-30T141132.056.jpg', 40, 'salad', 40),
(2355, 300, 1, '5251kaju paneer.jpg', 160, 'kaju sabji', 160),
(2356, 170, 1, '9838kaju kuri.jpg', 160, 'kaju sabji', 160),
(2357, 298, 1, '146khoya kaju.jpg', 160, 'kaju sabji', 160),
(2358, 178, 1, '9411cheese kaju butter.jpg', 170, 'kaju sabji', 170),
(2359, 7, 1, '5160roti.jpg', 22, 'punjabi roti', 22),
(2360, 6, 1, '331butter roti.jpg', 27, 'punjabi roti', 27),
(2361, 9, 1, '6243plain nan.jpg', 32, 'punjabi roti', 32),
(2362, 8, 1, '2490butter nan.jpg', 40, 'punjabi roti', 40),
(2363, 1066, 1, '6423dal fry.jpg', 90, 'punjabi rice', 90),
(2364, 1065, 1, '7383dal tadka.jpg', 110, 'punjabi rice', 110),
(2365, 66, 1, '4183dal palak.jpg', 105, 'punjabi rice', 105),
(2366, 16, 1, '6305butter dal fry.jpg', 115, 'punjabi rice', 115),
(2367, 704, 1, '2669plain rice.jpg', 60, 'punjabi rice', 60),
(2368, 737, 1, '250jeera rice.jpg', 80, 'punjabi rice', 80),
(2369, 13, 1, '1753veg pulao.jpg', 110, 'punjabi rice', 110),
(2370, 14, 1, '5456veg briyani.jpg', 115, 'punjabi rice', 115),
(2371, 1099, 1, '2969hy.jpg', 135, 'punjabi rice', 135),
(2372, 17, 1, '585veg akshar bri.jpg', 145, 'punjabi rice', 145),
(2373, 43, 1, '726vmd.jpg', 100, 'chinese', 100),
(2374, 44, 1, '1211mg.jpg', 105, 'chinese', 105),
(2375, 45, 1, '2080pcd.jpg', 125, 'chinese', 125),
(2376, 46, 1, '4230pcg.jpg', 130, 'chinese', 130),
(2377, 607, 1, '2317mfr.jpg', 110, 'chinese', 110),
(2378, 47, 1, '6900ms.jpg', 80, 'chinese', 80),
(2379, 1743, 1, '7158ts.jpg', 70, 'chinese', 70),
(2380, 1638, 13, '9481dairmilkl.jpg', 75, 'Chocolate Concept', 75),
(2381, 1639, 13, '6118choco.jpg', 80, 'Chocolate Concept', 80),
(2382, 1640, 13, '3189str.jpg', 90, 'Chocolate Concept', 90),
(2383, 1641, 13, '7380lich.jpg', 90, 'Chocolate Concept', 90),
(2384, 1642, 13, '403cc.jpg', 90, 'Chocolate Concept', 90),
(2385, 1643, 13, '9641brownie-with-ice-cream-500x500.png', 90, 'Chocolate Concept', 90),
(2386, 1644, 13, '3665fude.jpg', 120, 'Chocolate Concept', 120),
(2387, 1645, 13, '261str.jpg', 160, 'Chocolate Concept', 160),
(2388, 1742, 1, '8865download.jpg', 15, 'sweet', 15),
(2390, 1745, 1, '9578shrikhand-recipe-2-500x375.jpg', 30, 'sweet', 30),
(2392, 598, 1, '949692cdbd5055fa29886cf82842f55b375b.jpg', 15, 'sweet', 15),
(2393, 596, 1, '5088download (2).jpg', 20, ' ', 20),
(2394, 1646, 13, '3769ice.png', 50, 'Truly Traditional', 50),
(2395, 1647, 13, '1181tutty-fruity-ice-cream-500x500.jpg', 55, 'Truly Traditional', 55),
(2396, 1289, 13, '2178jelly.jpeg', 60, 'Truly Traditional', 60),
(2397, 1648, 13, '1678brland.jpg', 60, 'Truly Traditional', 60),
(2398, 1650, 13, '5290pan-masala-ice-cream-500x500.jpg', 75, 'Truly Traditional', 75),
(2399, 1651, 13, '2897megical.jpg', 80, 'Truly Traditional', 80),
(2400, 89, 13, '5658mg.jpg', 90, 'Truly Traditional', 90),
(2401, 1653, 13, '1702pina.jpg', 100, 'Truly Traditional', 100),
(2402, 1654, 13, '9211gaint.jpg', 110, 'Truly Traditional', 110),
(2403, 1655, 13, '6102mg.jpg', 90, 'Truly Traditional', 90),
(2404, 1657, 13, '2148choco.jpg', 80, 'Truly Traditional', 80),
(2405, 1659, 13, '725pina.jpg', 120, 'Truly Traditional', 120),
(2406, 685, 13, '9534tutty-fruity-ice-cream-500x500.jpg', 90, 'Truly Traditional', 90),
(2407, 1660, 13, '9926fude.jpg', 90, 'Sweet', 90),
(2408, 1404, 13, '3247gulab.jpg', 80, 'Sweet', 80),
(2409, 1662, 13, '638gaint.jpg', 100, 'Sweet', 100),
(2410, 1663, 13, '1612lich.jpg', 100, 'Sweet', 100),
(2411, 1665, 13, '1507mg.jpg', 90, 'Cheesy Chaska', 90),
(2412, 1667, 13, '7658pina.jpg', 90, 'Cheesy Chaska', 90),
(2413, 1668, 13, '1115str.jpg', 90, 'Cheesy Chaska', 90),
(2414, 1669, 13, '3286cc.jpg', 90, 'Cheesy Chaska', 90),
(2415, 1671, 13, '7050FILE_5ba37060d3e361.jpg', 60, 'chocalate Milkshake', 60),
(2416, 1672, 13, '8290ccs.jpg', 70, 'chocalate Milkshake', 70),
(2417, 1748, 33, '2906bread toast.jpg', 15, ' ', 15),
(2418, 1749, 33, '6butter toast.jpg', 25, ' ', 25),
(2419, 1750, 33, '6556cheese toast.jpg', 25, ' ', 25),
(2420, 1761, 13, '5536FILE_5ba37060d3e361.jpg', 60, 'chocalate Milkshake', 60),
(2421, 1762, 13, '9494chickoo-milkshake-recipe-3.jpg', 65, 'chocalate Milkshake', 65),
(2422, 1751, 33, '8415butter cheese toast.jpg', 30, ' ', 30),
(2423, 1752, 33, '9480plain sandwich.png', 25, ' ', 25),
(2425, 426, 33, '3912cheese sandwich.jpg', 35, ' ', 35),
(2426, 1753, 33, '996butter sandwich.jpg', 35, ' ', 35),
(2427, 1758, 33, '3045jam cheese sandwich.jpg', 353, ' ', 35),
(2428, 1754, 33, '6944jam sandwich.jpg', 25, ' ', 25),
(2429, 1755, 33, '285butter bread.jpg', 20, ' ', 20),
(2430, 1756, 33, '3268jam bread.jpg', 20, ' ', 20),
(2431, 1757, 33, '852butter cheese bread.jpg', 20, ' ', 20),
(2432, 1758, 33, '8742jam cheese bread.jpg', 20, ' ', 20),
(2434, 1759, 33, '6558jam butter bread.jpg', 20, ' ', 20),
(2435, 1760, 33, '1746bombay sev puri.jpg', 40, ' ', 40),
(2436, 1439, 33, '8552bombay cheese sev pur.jpg', 50, ' ', 50),
(2437, 806, 26, '7752regular d.jpg', 20, 'oil', 20),
(2438, 806, 26, '5417regular d.jpg', 25, 'butter', 25),
(2439, 806, 26, '3664regular d.jpg', 45, 'cheese', 45),
(2440, 364, 26, '8159download (3).jpg', 30, 'oil', 30),
(2441, 1081, 26, '7383download (3).jpg', 35, 'butter', 35),
(2442, 1081, 26, '3205download (3).jpg', 55, 'cheese', 55),
(2443, 1764, 26, '6816maxresdefault.jpg', 40, 'oil', 40),
(2444, 1764, 26, '1508maxresdefault.jpg', 60, 'cheese', 60),
(2445, 1765, 26, '6730a7a805b92a747159cf0e49c7a644d9ad_featured_v2.jpg', 40, 'oil', 40),
(2446, 828, 26, '2311vc3wjodosay8bg67sc7q.jpg', 25, 'normal sandwich', 25),
(2447, 828, 26, '7365vc3wjodosay8bg67sc7q.jpg', 40, 'grilled sandwich', 40),
(2448, 1767, 26, '3677chutney-sandwich-recipe-1a.jpg', 25, 'normal sandwich', 25),
(2449, 1767, 26, '8527chutney-sandwich-recipe-1a.jpg', 40, 'grilled sandwich', 40),
(2450, 1267, 26, '1846download (4).jpg', 25, 'normal sandwich', 25),
(2451, 1267, 26, '2862download (4).jpg', 40, 'grilled sandwich', 40),
(2452, 345, 26, '108060057435.jpg', 35, 'normal sandwich', 35),
(2453, 345, 26, '882760057435.jpg', 65, 'grilled sandwich', 65),
(2454, 1769, 26, '4606Fit_Foodie_Mumbai_masala_Oats_Aloo_POtato_Sandwich_Recipe-1.jpg', 65, 'grilled sandwich', 65),
(2455, 1769, 26, '8949Fit_Foodie_Mumbai_masala_Oats_Aloo_POtato_Sandwich_Recipe-1.jpg', 40, 'normal sandwich', 40),
(2456, 1026, 26, '8082cs.jpg', 40, 'normal sandwich', 40),
(2457, 1026, 26, '1863cs.jpg', 65, 'grilled sandwich', 65),
(2460, 1772, 26, '651204-2-320x190.jpg', 60, 'normal sandwich', 60),
(2461, 1772, 26, '591104-2-320x190.jpg', 85, 'grilled sandwich', 85),
(2462, 426, 26, '2765The-Best-Ever-Grilled-Cheese-Sandwich_EXPS_THSO18_222725_D03_06_4b.jpg', 50, 'normal sandwich', 50),
(2463, 426, 26, '6811The-Best-Ever-Grilled-Cheese-Sandwich_EXPS_THSO18_222725_D03_06_4b.jpg', 85, 'grilled sandwich', 85),
(2464, 1774, 26, '660download (6).jpg', 60, 'normal sandwich', 60),
(2465, 1774, 26, '7456download (6).jpg', 90, 'grilled sandwich', 90),
(2466, 615, 26, '20391366d52a69d2d483806b2341cc29c11f.jpg', 60, 'normal sandwich', 60),
(2467, 615, 26, '57181366d52a69d2d483806b2341cc29c11f.jpg', 90, 'grilled sandwich', 90),
(2468, 1775, 26, '9375sandwich-620.jpg', 60, 'normal sandwich', 60),
(2469, 1775, 26, '3399sandwich-620.jpg', 90, 'grilled sandwich', 90),
(2470, 1036, 26, '98671-27.jpg', 50, 'normal sandwich', 50),
(2471, 1036, 26, '11211-27.jpg', 90, 'grilled sandwich', 90),
(2472, 900, 26, '4166download (7).jpg', 40, 'garlic bread', 40),
(2473, 275, 26, '3905download (8).jpg', 70, 'garlic bread', 70),
(2474, 276, 26, '6942download (9).jpg', 70, 'garlic bread', 70),
(2475, 1776, 26, '769sddefault.jpg', 25, 'oil', 25),
(2476, 1776, 26, '7225sddefault.jpg', 30, 'butter', 30),
(2477, 1777, 26, '7499Mayonnaise-Vada-Pav.jpg', 55, 'cheese', 55),
(2478, 1777, 26, '2533Mayonnaise-Vada-Pav.jpg', 35, 'cheese', 35),
(2479, 1778, 26, '4884dharmistha-kholiya020171112095242622.jpg', 45, 'cheese', 45),
(2480, 1778, 26, '9435dharmistha-kholiya020171112095242622.jpg', 25, 'butter', 25),
(2481, 811, 26, '9388download (10).jpg', 15, 'oil', 15),
(2482, 811, 26, '6831download (10).jpg', 25, 'butter', 25),
(2483, 811, 26, '9426download (10).jpg', 40, 'cheese', 40),
(2484, 1779, 26, '1943batata-vada-recipe-11.jpg', 30, 'oil', 30),
(2485, 193, 26, '366download (11).jpg', 100, 'double cheese', 100),
(2486, 193, 26, '210download (11).jpg', 90, 'single chees', 90),
(2487, 430, 26, '3515download (12).jpg', 90, 'single chees', 90),
(2488, 430, 26, '325download (12).jpg', 100, 'double cheese', 100),
(2489, 194, 26, '1142download (13).jpg', 90, 'single chees', 90),
(2490, 194, 26, '6153download (13).jpg', 100, 'double cheese', 100),
(2491, 261, 26, '8454237341.jpg', 100, 'single chees', 100),
(2492, 261, 26, '8949237341.jpg', 110, 'double cheese', 110),
(2493, 3, 26, '5602237341.jpg', 110, 'double cheese', 110),
(2494, 933, 26, '6160veg-grilled-sandwich-recipe-1-500x375.jpg', 85, 'grilled sandwich', 85),
(2495, 1780, 26, '4476download (14).jpg', 65, 'grilled sandwich', 65),
(2496, 929, 26, '5340download (15).jpg', 90, 'grilled sandwich', 90),
(2497, 1037, 26, '3012italian-grilled-cheese-sandwich-1.jpg', 90, 'grilled sandwich', 90),
(2498, 1036, 26, '6282download (16).jpg', 90, 'grilled sandwich', 90),
(2499, 1063, 26, '4201club-sandwich-recipe.jpg', 100, 'grilled sandwich', 100),
(2502, 1765, 26, '4529a7a805b92a747159cf0e49c7a644d9ad_featured_v2.jpg', 60, 'cheese', 60),
(2504, 1062, 26, '1231images.jpg', 100, ' ', 100),
(2505, 523, 26, '7828download (19).jpg', 100, 'single chees', 100),
(2506, 523, 26, '5507download (19).jpg', 110, 'double cheese', 110),
(2507, 197, 26, '4081download (20).jpg', 100, 'single chees', 100),
(2508, 197, 26, '3561download (20).jpg', 110, 'double cheese', 110),
(2509, 1085, 26, '9395Onion-Capsicum-Tomato.jpg', 100, 'single chees', 100),
(2510, 1085, 26, '3038Onion-Capsicum-Tomato.jpg', 110, 'double cheese', 110),
(2511, 1088, 26, '939962846529.jpg', 100, 'single chees', 100),
(2512, 1088, 26, '216062846529.jpg', 110, 'double cheese', 110),
(2513, 1782, 26, '8681sb.jpg', 40, 'bhel', 40),
(2514, 340, 26, '9844cb.jpg', 60, 'bhel', 60),
(2516, 1105, 26, '6455jb.jpg', 40, 'bhel', 40),
(2517, 1106, 26, '4579fb.jpg', 40, 'bhel', 40),
(2518, 1784, 26, '2415impossible-whopper-burger-king.jpg', 45, 'burger', 45),
(2519, 1757, 26, '9308download (21).jpg', 60, 'burger', 60),
(2521, 600, 5, '973Gravy.jpg', 140, ' ', 140),
(2522, 45, 5, '901paneer chill.jpg', 185, ' ', 185),
(2523, 43, 5, '2222manchurian-recipe-a.jpg', 140, ' ', 140),
(2524, 46, 5, '4214Chilli-Paneer-Recipe.jpg', 185, ' ', 185),
(2525, 1058, 5, '9638veg-crispy-2.jpg', 160, ' ', 160),
(2526, 592, 5, '6323dragon.jpg', 170, ' ', 170),
(2527, 1045, 5, '6056paneer crisp.jpg', 175, 'Chinese', 175),
(2528, 568, 5, '178salad.jpg', 80, ' ', 80),
(2529, 1930, 5, '3535papa.jpg', 20, NULL, 20),
(2530, 583, 5, '5929fry.jpg', 25, ' ', 25),
(2531, 7, 5, '8361jeera.jpg', 20, ' ', 20),
(2532, 6, 5, '3558butter-tawa-roti-e1590213822367.jpg', 25, ' ', 25),
(2533, 1793, 5, '3822indian-nepali-plain-naan-cooked-tandoor-white-background-perfect-restaurant-menu-plain-naan-103120604.jpg', 40, ' ', 40),
(2534, 8, 5, '9564Naan5.jpg', 45, ' ', 45),
(2535, 253, 13, '9327d.jpg', 150, 'pizza', 150),
(2536, 1802, 13, '287chickoo changa.jpg', 60, 'Fruity Funda', 60),
(2537, 1803, 13, '4935coconut crush.jpg', 50, 'Fruity Funda', 50),
(2538, 1804, 13, '5283monkey bussiness.jpg', 50, 'Fruity Funda', 50),
(2539, 1761, 13, '5152download.jpg', 60, 'Chocolate Milkshake', 60),
(2540, 1761, 13, '5154download.jpg', 60, 'Chocolate Milkshake', 60),
(2541, 1810, 13, '224download (1).jpg', 65, 'Chocolate Milkshake', 65),
(2542, 1673, 13, '5527dairymilk.jpg', 65, 'Chocolate Milkshake', 65),
(2543, 1673, 13, '3831dairymilk.jpg', 65, 'Chocolate Milkshake', 65),
(2544, 1811, 13, '9143images.jpg', 80, 'Chocolate Milkshake', 80),
(2545, 1676, 13, '2626download (2).jpg', 75, 'Chocolate Milkshake', 75),
(2546, 1677, 13, '4427Sharjah-Shake-0-750x500.jpg', 85, 'Chocolate Milkshake', 85),
(2547, 1678, 13, '9975yueccf3yyknrftxndy6j.jpg', 90, 'Chocolate Milkshake', 90),
(2548, 1679, 13, '7241download (3).jpg', 90, 'Chocolate Milkshake', 90),
(2549, 1681, 13, '6981download (4).jpg', 90, 'Chocolate Milkshake', 90),
(2550, 1682, 13, '259unnamed.png', 90, 'Chocolate Milkshake', 90),
(2551, 1812, 13, '3947Plain-Fries.jpg', 60, 'French Fires', 60),
(2552, 1813, 13, '6192maxresdefault.jpg', 70, 'French Fires', 70),
(2553, 1814, 13, '7359download (5).jpg', 70, 'French Fires', 70),
(2554, 1815, 13, '6321maxresdefault (1).jpg', 100, 'French Fires', 100),
(2555, 1816, 13, '53901459549453565.jpeg', 100, 'French Fires', 100),
(2556, 1817, 13, '3952download (6).jpg', 90, 'French Fires', 90),
(2557, 1818, 13, '8071download (7).jpg', 70, 'French Fires', 70),
(2558, 1819, 13, '3108download (8).jpg', 90, 'French Fires', 90),
(2559, 1820, 13, '1357download (9).jpg', 100, 'French Fires', 100),
(2560, 1821, 13, '7235images (1).jpg', 100, 'French Fires', 100),
(2561, 1822, 13, '4391download (10).jpg', 100, 'French Fires', 100),
(2562, 1823, 13, '1056maxresdefault (2).jpg', 110, 'French Fires', 110),
(2563, 1825, 13, '65105b9df4a49095650f11a67bb9_1537078436078.jpg', 100, 'French Fires', 100),
(2564, 1826, 13, '959download (11).jpg', 60, 'garlic bread', 60),
(2565, 1827, 13, '3564download (12).jpg', 60, 'tippy', 60),
(2566, 1828, 13, '5621anjeer kaju badam.jpg', 120, 'Traditional Thickshake', 120),
(2567, 1829, 13, '9541royal rajbhog.jpg', 120, 'Traditional Thickshake', 120),
(2568, 1830, 13, '3954kaju mango.jpg', 110, 'Traditional Thickshake', 110),
(2569, 1832, 13, '5711kesar pista.jpg', 125, 'Traditional Thickshake', 125),
(2570, 1833, 13, '7401kaju gulkand.jpg', 100, 'Traditional Thickshake', 100),
(2571, 1834, 13, '2873kaju gulkand.jpg', 110, 'Traditional Thickshake', 110),
(2572, 1835, 13, '3620pan e gahar.jpg', 90, 'Traditional Thickshake', 90),
(2573, 1836, 13, '5144cofee macha.jpg', 80, 'Traditional Thickshake', 80),
(2574, 1837, 13, '1739nutty.jpg', 90, 'Traditional Thickshake', 90),
(2575, 1838, 13, '4217gulkand rose.jpg', 85, 'Traditional Thickshake', 85),
(2576, 1839, 13, '464732ec03ccf4be038926e4871c321341a5.jpg', 100, 'Shots', 100),
(2577, 1780, 13, '1127veg-grilled-sandwich-recipe-1-500x375.jpg', 50, 'Grill Sandwich', 50),
(2578, 920, 13, '9294download (13).jpg', 60, 'Grill Sandwich', 60),
(2579, 1840, 13, '1914maxresdefault (3).jpg', 50, 'Grill Sandwich', 50),
(2580, 1841, 13, '7201coleslaw-sandwich.jpg', 40, 'Grill Sandwich', 40),
(2581, 1842, 13, '6677download (14).jpg', 60, 'Grill Sandwich', 60),
(2582, 1843, 13, '8657download (15).jpg', 60, 'Grill Sandwich', 60),
(2583, 1844, 13, '4082download (16).jpg', 60, 'Grill Sandwich', 60),
(2584, 1845, 13, '3796download (17).jpg', 70, 'Grill Sandwich', 70),
(2585, 1846, 13, '77891-4.jpg', 70, 'Grill Sandwich', 70),
(2586, 1847, 13, '5519download (15).jpg', 60, 'Grill Sandwich', 60),
(2587, 901, 13, '4291maxresdefault (4).jpg', 40, 'Grill Sandwich', 40),
(2588, 36, 5, '9124butter kul.jpg', 45, ' ', 45),
(2589, 1848, 13, '7752Britannia_Four_Pepper_Tango_Grilled_Cheese_Pineapple_Sandwich-10.jpg', 70, 'Grill Sandwich', 70),
(2590, 1075, 5, '1785cheese garlic.jpg', 75, ' ', 75),
(2591, 1849, 13, '5933cc.jpg', 70, 'Grill Sandwich', 70),
(2592, 1076, 5, '9897Garlic-Naan-500x500.jpg', 90, ' ', 90),
(2593, 1850, 13, '5106download (18).jpg', 70, 'Grill Sandwich', 70),
(2594, 1200, 5, '9687potato-stuffed-naan-vegan-thumb-2.jpg', 75, ' ', 75),
(2595, 1851, 13, '5062maxresdefault (5).jpg', 80, 'Grill Sandwich', 80),
(2596, 1852, 13, '9860corn-capsicum-sandwich-recipe-1.jpg', 90, 'Grill Sandwich', 90),
(2597, 1086, 5, '7503butter kul.jpg', 70, ' ', 70),
(2598, 1853, 13, '3273download (19).jpg', 90, 'Grill Sandwich', 90),
(2599, 41, 5, '3591har.jpg', 80, ' ', 80),
(2600, 1836, 13, '199download (20).jpg', 70, 'Traditional Milkshake', 70),
(2601, 1794, 5, '8171par bu.jpg', 80, ' ', 80),
(2602, 1854, 13, '7326download (21).jpg', 70, 'Traditional Milkshake', 70),
(2603, 1198, 5, '545lachha-paratha-recipe.jpg', 60, ' ', 60),
(2604, 1837, 13, '3841big_fruit-and-nut-milkshake-(-protein-rich-recipes-)-2017.jpg', 70, 'Traditional Milkshake', 70),
(2605, 1066, 5, '5966Dhaba-Style-Dal-Fry-3-1.jpg', 110, ' ', 110),
(2606, 1650, 13, '4458pan e gahar.jpg', 70, 'Traditional Milkshake', 70),
(2607, 1065, 5, '651Dal-tadka-5.jpg', 120, ' ', 120),
(2608, 89, 13, '4863kesar pista.jpg', 80, 'Traditional Milkshake', 80),
(2609, 66, 5, '9183dal-palak-500x375.jpg', 130, ' ', 130),
(2610, 1094, 5, '3607jeera.jpg', 80, ' ', 80),
(2611, 536, 13, '9448hqdefault.jpg', 75, 'Traditional Milkshake', 75),
(2612, 532, 13, '8449kaju badam.jpg', 80, 'Traditional Milkshake', 80),
(2613, 62, 5, '8606fried rice.jpg', 135, ' ', 135),
(2614, 1350, 13, '8079kaju mango.jpg', 80, 'Traditional Milkshake', 80),
(2615, 1831, 13, '1150hqdefault (1).jpg', 90, 'Traditional Milkshake', 90),
(2616, 607, 5, '5440big_chinese_bhel_(_chinese_recipe_)-14635.jpg', 190, ' ', 190),
(2617, 445, 13, '165royal rajbhog.jpg', 90, 'Traditional Milkshake', 90),
(2618, 610, 5, '6313schezwan-fried-rice-1.jpg', 160, ' ', 160),
(2619, 1654, 13, '1755anjeer kaju badam.jpg', 100, 'Traditional Milkshake', 100),
(2620, 1910, 5, '9206combina.jpg', 180, ' ', 180),
(2621, 56, 5, '4737Hakka noodles.jpg', 150, ' ', 150),
(2622, 529, 13, '4404mago.jpg', 90, 'Smoothies', 90),
(2623, 607, 5, '5806one-pan-veg-noodle-and-manchurian-stir-fry-indo-chinese-recipe.1024x1024-3.jpg', 160, ' ', 160),
(2624, 1857, 13, '5517st.jpg', 90, 'Smoothies', 90),
(2625, 1799, 5, '5896real american.jpg', 155, ' ', 155),
(2626, 1855, 13, '1357pine.jpg', 90, 'Smoothies', 90),
(2627, 1856, 13, '4297green.jpg', 90, 'Smoothies', 90),
(2628, 1858, 13, '9726kiwi.jpg', 100, 'Smoothies', 100),
(2629, 57, 5, '1914schezwan-noodles-1a-500x375.jpg', 160, ' ', 160),
(2630, 1859, 13, '1235download (22).jpg', 100, 'Smoothies', 100),
(2631, 523, 5, '3954cheesemargheritapizza_1pack.jpg', 190, ' ', 190),
(2632, 430, 5, '7883default-pizza-outlets-9-jpg-500x500.jpg', 160, ' ', 160),
(2633, 646, 13, '381download (23).jpg', 80, 'Chocolate Thickshake', 80),
(2634, 1860, 13, '303download (24).jpg', 65, 'Chocolate Thickshake', 65),
(2635, 1474, 5, '3906paneer pizza.jpg', 180, ' ', 180),
(2636, 1572, 13, '3592download (25).jpg', 100, 'Chocolate Thickshake', 100),
(2637, 195, 5, '2188mexican-pizza-7723-3-042316-500x375.jpg', 160, ' ', 160),
(2638, 1861, 13, '4221Cashew-Milkshake-4-500x375.jpg', 100, 'Chocolate Thickshake', 100),
(2639, 70, 5, '7884french-fries-recipe-1-1-500x500.jpg', 60, ' ', 60),
(2640, 345, 5, '4855veg_sandwich.jpg', 105, ' ', 105),
(2642, 350, 5, '431veg-grilled-sandwich-recipe-1.jpg', 110, ' ', 110),
(2643, 618, 5, '4625only cheezsew.jpg', 80, ' ', 80),
(2644, 1800, 5, '4541big_veg_pakora,_mixed_vegetable_pakoda-13334.jpg', 100, ' ', 100),
(2645, 1801, 5, '1771edit1-breadpakora-810.jpg', 120, ' ', 120),
(2646, 1863, 13, '7910download (26).jpg', 90, 'Chocolate Thickshake', 90),
(2647, 1864, 13, '9880download (27).jpg', 70, 'Chocolate Thickshake', 70),
(2648, 1638, 13, '9651dairymilk.jpg', 100, 'Chocolate Thickshake', 100),
(2649, 591, 5, '3304chas.jpg', 30, ' ', 30),
(2650, 594, 5, '9688masala chas.jpg', 30, ' ', 30),
(2651, 997, 5, '5162lassi.jpg', 60, ' ', 60),
(2652, 998, 5, '8998lassi 2.jpg', 60, ' ', 60),
(2653, 1093, 5, '2742steamed-rice_med.jpg', 70, ' ', 70),
(2655, 1865, 13, '7871download (29).jpg', 100, 'Chocolate Milkshake', 100),
(2656, 1657, 13, '3837images (2).jpg', 100, 'Chocolate Milkshake', 100),
(2657, 1858, 13, '8970download (30).jpg', 100, 'Fruit Thickshake', 100),
(2658, 562, 13, '3566download (31).jpg', 100, 'Fruit Thickshake', 100),
(2659, 1867, 13, '4348download (32).jpg', 90, 'Fruit Thickshake', 90),
(2660, 529, 13, '5549download (33).jpg', 90, 'Fruit Thickshake', 90),
(2661, 1559, 13, '8897mago.jpg', 100, 'Fruit Thickshake', 100),
(2662, 1855, 13, '9013pine.jpg', 90, 'Fruit Thickshake', 90),
(2663, 1855, 13, '3271pine.jpg', 90, 'Fruit Thickshake', 90),
(2664, 1855, 13, '5496pine.jpg', 90, 'Fruit Thickshake', 90),
(2665, 1869, 13, '1844chikoo milkshake.JPG', 80, 'Fruit Thickshake', 80),
(2666, 1351, 13, '5682download (34).jpg', 90, 'Fruit Thickshake', 90),
(2667, 1856, 13, '3450green.jpg', 90, 'Fruit Thickshake', 90),
(2668, 1858, 13, '534kiwi.jpg', 65, 'Fruit Milkshake', 65),
(2669, 1857, 13, '6024st.jpg', 65, 'Fruit Milkshake', 65),
(2670, 1867, 13, '2490download (34).jpg', 70, 'Fruit Milkshake', 70),
(2671, 1868, 13, '5705mango tango.jpg', 80, 'Fruit Milkshake', 80),
(2672, 529, 13, '9249download (35).jpg', 90, 'Fruit Milkshake', 90),
(2673, 1855, 13, '5441pine.jpg', 65, 'Fruit Milkshake', 65),
(2674, 1869, 13, '9265images (3).jpg', 80, 'Fruit Milkshake', 80),
(2675, 1351, 13, '6854download (32).jpg', 65, 'Fruit Milkshake', 65),
(2676, 1856, 13, '5880green.jpg', 75, 'Fruit Milkshake', 75),
(2677, 1783, 26, '728download (36).jpg', 60, 'Bhel', 60),
(2678, 822, 26, '7409photo.jpg', 50, 'oil', 50),
(2679, 821, 26, '2657download (37).jpg', 60, 'Butter', 60),
(2680, 823, 26, '3185photo (1).jpg', 80, 'cheese', 80),
(2681, 1787, 26, '6439maxresdefault (6).jpg', 20, 'butter', 20),
(2682, 1788, 26, '1403download (38).jpg', 25, 'butter jam', 25),
(2683, 1789, 26, '6477download (39).jpg', 35, 'chocolate', 35),
(2684, 1790, 26, '61158d2f88224e42ec976708167cd0726713.jpg', 50, 'cheese', 50),
(2685, 1791, 26, '4428bun-maska-l.jpg', 50, 'cheese jam', 50),
(2686, 1878, 19, '9546download (40).jpg', 70, 'Thickshake with ice cream', 70),
(2687, 1879, 19, '5448coconut-lychee-colada-50381-480x480.jpg', 70, 'thickshake', 70),
(2688, 753, 19, '69creamix-thick-shake-premix-butterscotch-1-kg-500x500.jpg', 80, 'Thickshake with ice cream', 80),
(2689, 529, 19, '2414download (41).jpg', 80, 'Thickshake with ice cream', 80),
(2690, 1857, 19, '2641st.jpg', 80, 'Thickshake with ice cream', 80),
(2691, 635, 19, '3160download (42).jpg', 90, 'Thickshake with ice cream', 90),
(2692, 1880, 19, '4845download (43).jpg', 100, 'Thickshake with ice cream', 100),
(2693, 536, 19, '9467download (44).jpg', 120, 'Thickshake with ice cream', 120),
(2694, 1350, 19, '5917mango-milkshake-6-700px.jpg', 110, 'Thickshake with ice cream', 110),
(2695, 750, 19, '8069download (45).jpg', 120, 'Thickshake with ice cream', 120),
(2696, 1881, 19, '3093havmor-thick-shakes-labbipet-vijayawada-ice-cream-parlours-ob0ky5abkg.jpg', 130, 'Thickshake with ice cream', 130),
(2698, 646, 19, '6528download (46).jpg', 75, 'Chocolate Thickshake with ice cream', 75),
(2699, 1882, 19, '1393download (47).jpg', 85, 'Chocolate Thickshake with ice cream', 85),
(2700, 1883, 19, '8224chocolatemilkshake-5c6e0b9e46e0fb0001e6e84d.jpg', 90, 'Chocolate Thickshake with ice cream', 90),
(2701, 1864, 19, '7229maxresdefault (7).jpg', 90, 'Chocolate Thickshake with ice cream', 90),
(2702, 550, 19, '3662maxresdefault (8).jpg', 100, 'Chocolate Thickshake with ice cream', 100),
(2703, 1861, 19, '8627download (48).jpg', 100, 'Chocolate Thickshake with ice cream', 100),
(2704, 1885, 19, '1676oreo shot.jpg', 100, 'Chocolate Thickshake with ice cream', 100),
(2705, 1886, 19, '8327download (49).jpg', 110, 'Chocolate Thickshake with ice cream', 110),
(2707, 1887, 19, '6330download (50).jpg', 120, 'Chocolate Thickshake with ice cream', 120),
(2708, 1888, 19, '424kevinandamanda-ultimate-brownie-crazy-slutty-milkshake-freakshake-05a.jpg', 120, 'Chocolate Thickshake with ice cream', 120),
(2709, 1889, 19, '9752download (51).jpg', 140, 'Chocolate Thickshake with ice cream', 140),
(2710, 1890, 19, '7393maxresdefault (9).jpg', 150, 'Chocolate Thickshake with ice cream', 150),
(2711, 1891, 29, '1221download.jpg', 25, ' ', 25),
(2712, 1892, 29, '1640maxresdefault.jpg', 25, ' ', 25),
(2713, 1893, 29, '8359152741d618a9b9e5ea5375485f1a1e38.jpg', 25, ' ', 25),
(2714, 1894, 29, '5094download (1).jpg', 35, ' ', 35),
(2715, 1728, 29, '7588Spinach-Dal-in-instant-pot-1.jpg', 20, NULL, 20),
(2716, 704, 29, '875900RICEGUIDE8-articleLarge.jpg', 20, NULL, 20),
(2717, 1895, 29, '9663bansi-raiyarela20180926212501924.jpg', 40, ' ', 40),
(2718, 1516, 29, '7549Punjabi_Kadhi_Pakora_Recipe-0803.jpg', 20, ' ', 20),
(2719, 1729, 29, '5412photo.jpg', 35, ' ', 35),
(2720, 712, 29, '9176download (2).jpg', 5, ' ', 5),
(2721, 1896, 29, '6659ghee-250x250.png', 15, ' ', 15),
(2722, 1519, 29, '6828download (3).jpg', 5, ' ', 5),
(2723, 1740, 29, '276whole-wheat-bhakri_dsc3441-(4)-12-186277.jpg', 6, ' ', 6),
(2724, 1520, 29, '7851download (4).jpg', 20, ' ', 20),
(2725, 1897, 29, '6831??????-?????makai-rotlo-recipe-in-gujarati-??????-?????-????.jpg', 20, ' ', 20),
(2726, 1919, 29, '605plain-paratha-recipe-1-500x375.jpg', 10, NULL, 10),
(2727, 1898, 29, '6786methi-thepla-recipe.jpg', 6, ' ', 6),
(2728, 1899, 29, '5693aloo-paratha-recipe-2-500x500.jpg', 15, ' ', 15),
(2729, 772, 29, '3841main-qimg-2017bd84c75c7f13f061c1f34493e934.png', 15, NULL, 15),
(2730, 1900, 29, '2416basundi-recipe-1a-500x375.jpg', 30, ' ', 30),
(2731, 1901, 29, '4606download (5).jpg', 30, ' ', 30),
(2732, 1902, 29, '6971cardamom-milk-recipe.jpg', 20, ' ', 20),
(2733, 337, 12, '26731199dabeli-food-indian-healthy-snack-104326651.jpg', 30, ' ', 30),
(2734, 1903, 12, '35222139cheese-vada-pav-a.jpg', 50, ' ', 50),
(2735, 327, 24, '57013401cheese dabeli.jpg', 35, ' ', 35),
(2736, 828, 24, '6844410w.jpg', 10, ' ', 10),
(2737, 362, 24, '6536410w.jpg', 15, ' ', 15),
(2739, 481, 23, '6892piii.jpg', 350, '500gm', 350),
(2740, 481, 23, '6423piii.jpg', 700, '1kg', 700),
(2741, 481, 23, '3829piii.jpg', 70, 'Pastry', 70),
(2742, 1904, 23, '110cho.jpg', 80, 'Pastry', 80),
(2743, 1904, 23, '1201cho.jpg', 400, '500gm', 400),
(2744, 1904, 23, '2463cho.jpg', 800, '1kg', 800),
(2745, 346, 30, '7983veg-club-500x500.png', 50, ' ', 50),
(2746, 416, 17, '8850uttapam.jpg', 120, ' ', 120),
(2747, 1601, 33, '855154714340.jpg', 30, 'Grill Sandwich', 30),
(2748, 887, 17, '799740lm.jpg', 150, ' ', 150),
(2749, 1601, 33, '9877veg-grill-sandwich-420x434.jpg', 50, 'Cheese Grill Sandwich', 50),
(2750, 648, 14, '1409Butter-chicken.jpg', 80, ' ', 80),
(2751, 620, 18, '5005bhaji.png', 80, ' ', 80),
(2752, 1905, 31, '7976download.jpg', 100, ' ', 100),
(2753, 1905, 31, '45download.jpg', 110, ' ', 110),
(2754, 328, 18, '84252139cheese-vada-pav-a.jpg', 45, ' ', 45),
(2755, 908, 18, '591280veg cheese sandwich.jpg', 100, ' ', 100),
(2756, 1906, 31, '268download (1).jpg', 100, ' ', 100),
(2757, 909, 18, '8178bombay-masala-toast-sandwich-recipe-1a.jpg', 80, ' ', 80),
(2758, 910, 18, '759080veg cheese sandwich.jpg', 70, ' ', 70),
(2759, 362, 18, '530410w.jpg', 35, ' ', 35),
(2760, 927, 18, '2354Cheese Chilly Grill.jpg', 120, 'Sandwitch', 120),
(2761, 1280, 20, '1974DSC_0205_00005-1024x685.jpg', 140, '1 kg', 140),
(2762, 937, 18, '2365Mexican.jpg', 210, ' ', 210),
(2763, 1280, 20, '8764DSC_0205_00005-1024x685.jpg', 140, '1 kg', 140),
(2764, 846, 27, '8223download (2).jpg', 70, 'Cheese Burger', 70),
(2765, 959, 2, '2062113paneer-pakwangali_061319061918.jpg', 200, ' ', 200),
(2766, 1907, 27, '3066veg-puff-recipe-2.jpg', 20, ' ', 20),
(2767, 966, 2, '1519804Makhanwala.jpg', 190, ' ', 190),
(2768, 128, 2, '5894981Jeera roti.jpg', 35, ' ', 35),
(2769, 1088, 27, '7318easy-pepperoni-pizza-lead-4.jpg', 100, ' ', 100),
(2770, 582, 2, '7852pad.png', 20, ' ', 20),
(2771, 586, 2, '7371mpad.jpg', 30, ' ', 30),
(2772, 595, 2, '3086curd.jpg', 50, ' ', 50),
(2773, 137, 2, '55344Best-Kadai-Paneer.jpg', 150, ' ', 150),
(2774, 828, 27, '5908download (3).jpg', 25, 'slice (Cheese)', 25),
(2775, 362, 27, '809817520944-two-tasty-slices-of-bread-with-jam-and-butter.jpg', 30, 'slice (Cheese)', 30),
(2776, 1069, 27, '2189download (4).jpg', 30, 'slice (Cheese)', 30),
(2777, 828, 4, '633410w.jpg', 40, ' ', 40),
(2778, 1874, 27, '930chocolate-bread-slice.jpg', 40, 'slice (Cheese)\\', 40),
(2779, 1119, 4, '62052mushroom-manchurian-recipe-1a.jpg', 180, ' ', 180),
(2780, 1908, 6, '2476Matar-Pulao-4.jpg', 110, 'Punjabi', 110),
(2781, 1099, 6, '7863download (5).jpg', 140, ' ', 140),
(2782, 1473, 6, '2604masala-vegetable-papad-500x500.jpg', 40, ' ', 40),
(2783, 1911, 5, '9352manchurian-noodles-500x500.png', 160, ' ', 160),
(2784, 1797, 5, '8384paneer-65-recipe-2.jpg', 185, ' ', 185),
(2785, 1798, 5, '9504gobi-fry-fi-500x500.jpg', 140, ' ', 140),
(2786, 266, 5, '9038download (6).jpg', 155, ' ', 155),
(2787, 810, 5, '2888download (7).jpg', 280, 'Sizzler', 280),
(2788, 1912, 5, '5568download (7).jpg', 330, 'Sizzler', 330),
(2789, 801, 5, '9944download (8).jpg', 299, 'Sizzler', 299),
(2790, 804, 5, '3221ItalianSizzler.jpg', 320, 'Sizzler', 320),
(2791, 13, 5, '1007download (9).jpg', 110, 'Briyani Dishes', 110),
(2792, 14, 5, '4127vegetable.biryani.jpg', 130, 'Briyani Dishes', 130),
(2793, 1913, 5, '9257oetragcaffeah_bigger.jpg', 150, 'Briyani Dishes', 150),
(2794, 1099, 5, '1452Veg-Biryani-1-3-500x375.jpg', 150, 'Briyani Dishes', 150),
(2795, 970, 5, '5792big_biryani-10300.jpg', 140, 'Briyani Dishes', 140),
(2796, 67, 5, '6096Punjabi Vegetable Biryani  Recipe.jpg', 130, 'Briyani Dishes', 130),
(2797, 1005, 5, '2549download (10).jpg', 160, 'Tandoor Stater', 160),
(2798, 210, 5, '758hariyali-paneer-tikka-500x500.jpg', 160, 'Tandoor Stater', 160),
(2799, 1006, 5, '8846hara-bhara-kabab.jpg', 140, 'Tandoor Stater', 140),
(2800, 155, 5, '4738veg-manchow-soup-recipe-10-500x500.jpg', 80, 'Chinese Stater', 80),
(2801, 1914, 5, '3596hot-and-sour-soup.jpg', 105, 'Chinese Stater', 105),
(2802, 175, 5, '2482lemon-coriander-soup-recipe-500x375.jpg', 80, 'Chinese Stater', 80),
(2803, 1915, 5, '9173tomato-soup-recipes-500x375.jpg', 80, 'Chinese Stater', 80),
(2804, 1916, 1, '916kamal-thakkar20181026150209387.jpg', 40, ' ', 40),
(2805, 1917, 1, '9923Undhiyu.png', 40, ' ', 40),
(2806, 335, 15, '6203Kutchi-Dabeli-H1.jpg', 20, 'Oil', 20),
(2807, 322, 15, '1180Kutchi-Dabeli-H1.jpg', 30, ' ', 30),
(2808, 1921, 29, '3047Gujarat_Thali.jpg', 90, NULL, 90),
(2809, 1944, 34, '57410010692_black-forest-cake.jpeg', 200, '250gm', 200),
(2810, 1944, 34, '51030010692_black-forest-cake.jpeg', 350, '500gm', 350),
(2811, 1944, 34, '33730010692_black-forest-cake.jpeg', 650, '1kg', 650),
(2812, 1945, 34, '3549Re-Shoot-Cake-11-A.jpg', 200, '250gm', 200),
(2813, 1945, 34, '7897Re-Shoot-Cake-11-A.jpg', 350, '500gm', 350),
(2814, 1945, 34, '4546Re-Shoot-Cake-11-A.jpg', 650, '1 kg', 650),
(2815, 1946, 34, '8395Strawberry-Round-Shape-Cake-01-A.jpeg', 200, '250gm', 200),
(2816, 1946, 34, '1748Strawberry-Round-Shape-Cake-01-A.jpeg', 350, '500gm', 350),
(2817, 1946, 34, '8363Strawberry-Round-Shape-Cake-01-A.jpeg', 650, '1 kg', 650),
(2818, 1947, 34, '6340download (12).jpg', 200, '250gm', 200),
(2819, 1947, 34, '2574download (12).jpg', 350, '500gm', 350),
(2820, 1947, 34, '2805download (12).jpg', 650, '1 kg', 650),
(2821, 1948, 34, '7678blueberry-fresh-cake.jpg', 200, '250gm', 200),
(2822, 1948, 34, '2134blueberry-fresh-cake.jpg', 350, '500gm', 350),
(2823, 1948, 34, '6109blueberry-fresh-cake.jpg', 650, '1 kg', 650),
(2824, 1943, 34, '5683white-forest-pastry-2810-pcs-29-500x500.png', 40, '1', 40),
(2825, 1942, 34, '9209milk-bread.jpg', 30, '400gm', 30),
(2826, 1942, 34, '5757milk-bread.jpg', 40, '600gm', 40),
(2827, 1941, 34, '6301dabeli-buns-1533636458-4172364.jpeg', 35, '9', 35),
(2828, 1940, 34, '4769dabeli-buns-1533636458-4172364.jpeg', 30, '12', 30),
(2829, 1937, 34, '2785download (13).jpg', 240, '1 kg', 240),
(2830, 1938, 34, '5311til-nankhatai-in-pressure-cooker-recipe-main-photo.jpg', 240, '1 kg', 240),
(2831, 1939, 34, '1266download (14).jpg', 240, '1 kg', 240),
(2832, 1936, 34, '6942fruit-cake-rusk-500x500.jpg', 250, '1 kg', 250),
(2833, 1935, 34, '2471download (15).jpg', 160, '1 kg', 160),
(2834, 1934, 34, '2999download (16).jpg', 160, '1 kg', 160),
(2835, 1933, 34, '4022Milk-Toast-Recipe-Breakfast (1).jpg', 160, '1 kg', 160),
(2836, 1932, 34, '2570product-jpeg-500x500 (1).jpg', 200, '1 kg', 200),
(2837, 1949, 21, '2387step-11.jpg', 60, '250gm', 60),
(2838, 1949, 21, '2644step-11.jpg', 120, '500gm', 120),
(2839, 1949, 21, '1545step-11.jpg', 240, '1 kg', 240),
(2840, 920, 25, '8488veg-club-500x500.png', 30, NULL, 30),
(2841, 909, 25, '67521769gs.jpg', 45, 'Rosted', 45),
(2842, 371, 25, '5500usal.webp', 60, NULL, 60),
(2843, 372, 25, '9799mini-idli.jpg', 30, NULL, 30),
(2844, 1472, 19, '9406pizza.png', 100, 'R', 100),
(2845, 1472, 19, '2541pizza.png', 180, 'L', 180),
(2846, 1599, 19, '1268choco.jpg', 65, NULL, 65),
(2847, 1598, 19, '1068samosa.jpg', 60, NULL, 60),
(2848, 828, 25, '6432bread butter.jpg', 15, NULL, 15),
(2853, 360, 25, '7673bread butter.jpg', 30, NULL, 30),
(2854, 362, 25, '9195jam.jpg', 20, NULL, 20),
(2855, 1758, 25, '5969jam.jpg', 30, NULL, 30),
(2856, 363, 25, '8103cheese pineapple butter jam.jpg', 30, NULL, 30),
(2857, 1766, 26, '100ksipduvdefu6hhkdmxxx.jpg', 35, 'Butter', 35),
(2858, 1766, 26, '6483ksipduvdefu6hhkdmxxx.jpg', 55, 'cheese', 55),
(2859, 809, 26, '8886download.jpg', 55, 'cheese', 55),
(2860, 3, 26, '3814download (1).jpg', 100, 'Single Cheese', 100),
(2861, 1871, 26, '9631istockphoto-503226847-1024x1024.jpg', 15, NULL, 15),
(2862, 1872, 26, '1802bread-slice-butter-jam-29496036.jpg', 15, NULL, 15),
(2863, 1873, 26, '6891download (2).jpg', 20, NULL, 20),
(2864, 1874, 26, '316339148313-two-slices-of-bread-with-chocolate-hazelnut-spread.jpg', 20, NULL, 20),
(2865, 1875, 26, '328DSCN0026.jpg', 25, NULL, 25),
(2866, 1876, 26, '5925download (3).jpg', 25, NULL, 25),
(2867, 1877, 26, '4036chocolate-slices.jpg', 30, NULL, 30),
(2868, 1, 8, '8233rotifulka.webp', 5, NULL, 5),
(2869, 1950, 35, '7353Gujarati-Food-1.jpg', 150, '1', 150),
(2870, 1951, 35, '6522IMG_9759-001.JPG', 100, '1', 100),
(2871, 712, 35, '3830unnamed.jpg', 10, '1', 10),
(2872, 591, 35, '5415jpg.jpg', 15, '1', 15),
(2873, 1895, 35, '7711gujaratidal-2499-2.jpg', 40, '1', 40),
(2874, 1728, 35, '4325gujarati-dal-recipe.jpg', 20, '1', 20),
(2875, 704, 35, '1908Gujarati_Biraj_Recipe_Saffron_Flavored_Sweet_Lentil_Rice_With_Dry_Fruits_and_Coconut-1.jpg', 20, '1', 20),
(2876, 1725, 35, '6463download.jpg', 10, '1', 10),
(2877, 1952, 35, '3328indian-vegan-main-course-mixed-vegetable-undhiyoo-served-fried-puri-flatbread-gujarati-vegetarian-meal-undhiyu-poori-125773579.jpg', 40, '1', 40),
(2878, 1952, 35, '1187indian-vegan-main-course-mixed-vegetable-undhiyoo-served-fried-puri-flatbread-gujarati-vegetarian-meal-undhiyu-poori-125773579.jpg', 100, '500gm', 100),
(2879, 1952, 35, '6284indian-vegan-main-course-mixed-vegetable-undhiyoo-served-fried-puri-flatbread-gujarati-vegetarian-meal-undhiyu-poori-125773579.jpg', 200, '1Kg', 200),
(2880, 1954, 1, '8564download (1).jpg', 40, '1', 40),
(2881, 1954, 35, '778download (1).jpg', 90, '500gm', 90),
(2882, 1954, 35, '2435download (1).jpg', 180, '1kg', 180),
(2883, 1742, 35, '3350churma-ladoo-recipe-festival-sweet.jpg', 15, '1', 15),
(2884, 1742, 35, '1869churma-ladoo-recipe-festival-sweet.jpg', 150, '500gm', 150),
(2885, 1742, 35, '1463churma-ladoo-recipe-festival-sweet.jpg', 300, '1Kg', 300),
(2886, 1954, 35, '2314download (1).jpg', 40, '1', 40),
(2889, 1956, 36, '1651garlic-bhakarwadi-food-250x250.jpg', 30, '1(plate)', 30),
(2891, 372, 36, '1563Idli-sambar.jpg', 25, '1(plate)', 25),
(2892, 402, 36, '6780maxresdefault.jpg', 40, '1(plate)', 40),
(2893, 631, 36, '5234OIP (1).jpg', 20, '1(plate)', 20),
(2895, 1957, 36, '6730OIP (3).jpg', 30, '1(plate)', 30),
(2896, 1956, 36, '6585garlic-bhakarwadi-food-250x250.jpg', 130, '500gm', 130),
(2897, 1956, 36, '6631garlic-bhakarwadi-food-250x250.jpg', 250, '1kg', 250),
(2898, 1958, 37, '6238candiesMain.png', 20, '50ml', 20),
(2899, 1959, 37, '6396Chocobar-Bar.jpg', 20, '50ml', 20),
(2900, 1960, 37, '6673images (1) (2).jpeg', 20, '50ml', 20),
(2901, 1961, 37, '5850images (1) (5).jpeg', 25, '50ml', 25),
(2902, 1962, 37, '1009images (1) (8).jpeg', 30, '50ml', 30),
(2903, 1963, 37, '4962Special-Khushboo-Bar.jpg', 30, '50ml', 30),
(2904, 1965, 37, '4870Kudoz4_2.png', 15, '100ml', 15),
(2905, 1966, 37, '6571Kudoz4_2.png', 15, '100ml', 15),
(2906, 1967, 37, '5169images (1) (6).jpeg', 20, '100ml', 20),
(2907, 1968, 37, '9016Kudoz4_2.png', 20, '100ml', 20),
(2908, 1969, 37, '6138Kudoz4_2.png', 50, '140ml', 50),
(2909, 1971, 37, '8338images (1) (8).jpeg', 40, '55ml', 40),
(2910, 1972, 37, '4996cupsMain.png', 20, '100ml', 20),
(2911, 1973, 37, '1125cupsMain.png', 20, '100ml', 20),
(2912, 1974, 37, '1177cupsMain.png', 25, '100ml', 25);

-- --------------------------------------------------------

--
-- Table structure for table `hotel_time`
--

CREATE TABLE `hotel_time` (
  `ht_id` int(11) NOT NULL,
  `h_id` int(11) NOT NULL,
  `open_at` time NOT NULL,
  `close_at` time NOT NULL
) ENGINE=MyISAM DEFAULT CHARSET=latin1;

--
-- Dumping data for table `hotel_time`
--

INSERT INTO `hotel_time` (`ht_id`, `h_id`, `open_at`, `close_at`) VALUES
(118, 3, '11:00:00', '22:00:00'),
(186, 1, '18:30:00', '22:00:00'),
(185, 1, '11:30:00', '15:00:00'),
(165, 4, '19:00:00', '22:00:00'),
(164, 4, '11:00:00', '15:00:00'),
(147, 5, '19:00:00', '22:00:00'),
(146, 5, '11:00:00', '15:00:00'),
(179, 35, '19:00:00', '21:00:00'),
(144, 9, '11:30:00', '22:00:00'),
(178, 35, '11:00:00', '15:00:00'),
(157, 6, '11:00:00', '22:00:00'),
(149, 34, '10:00:00', '21:00:00'),
(190, 7, '10:00:00', '22:00:00'),
(17, 13, '11:30:00', '13:00:00'),
(18, 13, '13:00:00', '22:00:00'),
(115, 10, '10:00:00', '22:00:00'),
(192, 8, '11:00:00', '15:00:00'),
(23, 14, '11:30:00', '15:00:00'),
(24, 14, '18:30:00', '22:00:00'),
(142, 33, '16:00:00', '20:00:00'),
(169, 15, '10:00:00', '20:00:00'),
(116, 16, '10:00:00', '22:00:00'),
(140, 2, '18:00:00', '22:00:00'),
(139, 2, '11:00:00', '15:00:00'),
(193, 8, '19:00:00', '22:00:00'),
(127, 17, '15:00:00', '22:00:00'),
(189, 37, '11:00:00', '22:00:00'),
(128, 18, '15:00:00', '22:00:00'),
(184, 19, '11:00:00', '21:30:00'),
(194, 12, '15:00:00', '20:00:00'),
(119, 20, '11:00:00', '20:00:00'),
(51, 22, '11:00:00', '13:00:00'),
(113, 31, '19:00:00', '22:00:00'),
(54, 22, '13:00:00', '20:00:00'),
(114, 21, '16:00:00', '20:00:00'),
(141, 23, '10:00:00', '21:00:00'),
(117, 24, '12:00:00', '20:30:00'),
(151, 25, '10:00:00', '22:00:00'),
(188, 36, '11:00:00', '21:00:00'),
(112, 31, '12:00:00', '15:00:00'),
(111, 27, '11:30:00', '21:00:00'),
(143, 26, '11:00:00', '22:00:00'),
(182, 28, '10:00:00', '22:00:00'),
(161, 29, '19:00:00', '22:00:00'),
(160, 29, '11:00:00', '15:00:00'),
(181, 11, '17:00:00', '22:00:00'),
(155, 32, '10:00:00', '13:00:00'),
(131, 30, '10:00:00', '22:00:00'),
(154, 32, '13:00:00', '17:00:00');

-- --------------------------------------------------------

--
-- Table structure for table `menu`
--

CREATE TABLE `menu` (
  `m_id` int(11) NOT NULL,
  `c_id` int(11) NOT NULL,
  `name` varchar(300) NOT NULL
) ENGINE=InnoDB DEFAULT CHARSET=latin1;

--
-- Dumping data for table `menu`
--

INSERT INTO `menu` (`m_id`, `c_id`, `name`) VALUES
(1, 1, 'Fulka'),
(2, 2, 'Pulav'),
(3, 10, 'Stuff Pizaa'),
(4, 1, 'DalTadka'),
(5, 1, 'Dalfry'),
(6, 1, 'Butter Roti'),
(7, 1, 'plan Roti'),
(8, 1, 'Butter Nan'),
(9, 1, 'Plan nan'),
(10, 1, 'Butter Paratha'),
(11, 1, 'Plan Rice'),
(12, 1, 'Jira Rice'),
(13, 1, 'Veg Pulav'),
(14, 1, 'Veg Biriyani'),
(15, 1, 'Veg Handi Biriyani'),
(16, 1, 'Butter DalFry'),
(17, 1, 'Veg Akshar Biriyani'),
(18, 1, 'Kashmiri Pulav'),
(19, 1, 'Stem Rice'),
(20, 1, 'Stem Rice'),
(21, 1, 'Green Pulav'),
(22, 1, 'Dum Biriyani'),
(23, 1, 'Corn Veg Biriyani'),
(24, 1, 'Masala Khichadi'),
(25, 1, 'Green Peas Pulav'),
(26, 1, 'Corn Noodles Biriyani'),
(27, 1, 'Fried Noodles Biriyani'),
(28, 1, 'Staff nan'),
(29, 1, 'Garlic nan'),
(30, 1, 'Cheese nan'),
(31, 1, 'Cheese Garlic nan'),
(32, 1, 'Cheese Garlic nan'),
(33, 1, 'Kashmiri Nan(Swit)'),
(34, 1, 'Paneer nan'),
(35, 1, 'Paneer nan'),
(36, 1, 'Butter Kulcha'),
(37, 1, 'Staff Kulcha'),
(38, 1, 'Cheese Roti'),
(39, 1, 'Panjabi Puri'),
(40, 1, 'Garlic Roti'),
(41, 1, 'Hariyali nan'),
(42, 1, 'Hariyali Roti'),
(43, 2, 'Manchurian Dry'),
(44, 2, 'Manchurian Grevy'),
(45, 2, 'Paneer Chilli Dry'),
(46, 2, 'Paneer Chilli Gravy'),
(47, 2, 'Manchurian Sup'),
(48, 2, 'Veg Sweet & Soup'),
(52, 2, 'Veg American Chopsey'),
(53, 2, 'Veg Italian Chopsey'),
(54, 2, 'Veg In Hot Garlic Sauce'),
(55, 2, 'Veg Fried Masala Noodles'),
(56, 2, 'Veg Hakka Noodles'),
(57, 2, 'Veg Szechwan Noodles'),
(58, 2, 'Veg Szechwan Noodles'),
(59, 2, 'Baby Corn With Chilly Sauce'),
(60, 2, 'Jeera Fried Rice'),
(61, 2, 'Veg Triple Rice'),
(62, 2, 'Veg Fried Rice'),
(63, 2, 'Veg Combination Rice'),
(64, 2, 'Veg Szechwan Rice'),
(65, 1, 'Dal kolhapuri'),
(66, 1, 'Dal Palak'),
(67, 1, 'Punjabi Khichadi'),
(68, 1, 'Angel Sp.Biriyani'),
(69, 2, 'Veg Ball In Hot Garlic Sauce'),
(70, 10, 'French Fries'),
(71, 10, 'Red Spicy Pasta'),
(72, 7, 'Sizzling Chocolate Brownie'),
(73, 10, 'Red Spicy Pasta'),
(74, 10, 'White Cheesy Pasta(sweet)'),
(75, 7, 'Vanilla Ice Cream'),
(76, 10, 'Hot Noodles'),
(77, 10, 'Salad Bowl'),
(78, 7, 'Strawberry Ice Cream'),
(79, 10, 'Manchurian'),
(80, 10, 'Unlimited Salad'),
(81, 7, 'Chocolate Ice Cream'),
(82, 7, 'Chocolate Ice Cream'),
(83, 10, 'Margherita Cheesy'),
(84, 7, 'Mini Sunday'),
(85, 7, 'Supper Sunday'),
(86, 10, 'Double Cheesy Margherita'),
(87, 7, 'Sizzling Brownie'),
(88, 7, 'Butter scotch'),
(89, 7, 'Kesar Pista'),
(90, 7, 'Raj BH'),
(91, 10, 'Simply Veg. (Cheese, Tomato & Onion)'),
(92, 7, 'Raj Bhog'),
(93, 7, 'Cherry Berry'),
(94, 10, 'American Margherita (Cheese, Tomato & Onion)'),
(95, 10, 'Neapolitan (Cheese , Onion, Capsicum & Tomato)'),
(96, 10, 'Spicy Veg.(Cheese , Onion, Capsicum & Tomato)'),
(97, 10, 'Thin Crust Pizza (Cheese, Tomato & Corn)'),
(98, 10, 'Puff Pizza (Cheese, Tomato & Corn)'),
(99, 10, 'Small Pizza Plaza(Margherita, Hot&Spicy, Italina Special, Tandori Paneer))'),
(100, 10, 'Faimly Fun(Pasta or Noodles, Pizza Point Special, Cheese Garlic Bread, Green House Panini)'),
(101, 10, 'Green House Panini(Spicy Veg. Pizza, Cheeze Garlic Bread)'),
(102, 10, 'Plain Garlic Bread(4 NOS)'),
(103, 10, 'Cheese Garlic Bread (4 NOS)'),
(104, 10, 'Premium Garlic Bread Capsicum & Toamto (4 NOS)'),
(105, 10, 'Masala Cheese Garlic Bread (4 NOS)'),
(106, 7, 'Kaju Draksh'),
(107, 1, 'Palak Panner'),
(108, 10, 'Corn Capsicum Garlic Bread (4NOS)'),
(109, 1, 'Matar Panner'),
(110, 1, 'Paneer Tikka'),
(111, 10, 'Olive Jalapeno Garlic Bread (4NOS)'),
(112, 1, 'Paneer Butter'),
(113, 1, 'Panner Tufani'),
(114, 1, 'Paneer Handi'),
(115, 1, 'Paneer Kadai'),
(116, 1, 'Paneer Tawa'),
(117, 1, 'Panner Kolhapuri'),
(118, 1, 'Paneer Bhurji'),
(119, 1, 'Paneer Patiyala'),
(120, 1, 'Paneer Chatpata'),
(121, 10, 'Pizza Point Special Cheese Garlic Bread (Cheese, Jalapino, Pineapple Corn, Onion, Tomato & Olive) (4 NOS)'),
(122, 1, 'paneer Lajji'),
(123, 1, 'Paneer Jwala'),
(124, 1, 'Paneer Angara'),
(125, 1, 'Paneer Sham-Savera'),
(126, 10, 'Italian Magic (Sweet) (Cabbage, Cucumber, Capsicum, & Myonies)'),
(127, 1, 'Paneer Amrutsari'),
(128, 1, 'Jira Roti'),
(129, 1, 'Cheese Paneer Butter'),
(130, 1, 'Cheese Anguri'),
(131, 1, 'Cheese Butter Masala'),
(132, 1, 'Estop Tomato'),
(133, 1, 'Estop Capsicum'),
(134, 10, 'GreenHouse(Spicy) (Cabbage, Cucumber, Capsicum,  Mayonise & Red Sauce))'),
(135, 1, 'Paneer Chana'),
(136, 1, 'Chana Masala'),
(137, 1, 'Veg. Mix'),
(138, 1, 'Veg. Tufani'),
(139, 1, 'Veg. Handi'),
(140, 10, 'Chili Gralic (Spicy) (Onion, Capsicum, Cucumber, Cabbage & Chilli Garlic Sauce)'),
(141, 1, 'Veg. Kadai'),
(142, 1, 'Veg. Tawa'),
(143, 2, 'Cream of Tomato Soup'),
(144, 1, 'Veg. Kolhapuri'),
(145, 2, 'Mini Strone Soup'),
(146, 2, 'Veg Clear Soup'),
(147, 1, 'Veg. Jaipuri'),
(148, 1, 'Veg. Jwala'),
(149, 10, 'Cheese Surprise (Sweet) (Cabbage,  Cucumber, Capsicum, & Cheesy Cheesy Sauce)'),
(150, 2, 'Sweet Corn Veg Soup'),
(151, 1, 'Veg. Angara'),
(152, 1, 'Veg. Angara'),
(153, 2, 'Manchurian Soup'),
(154, 1, 'Veg. Bhuna Masala'),
(155, 2, 'Manchow Soup'),
(156, 1, 'Veg. Kofta'),
(157, 1, 'Veg. Kofta'),
(158, 10, 'Tandoori Paneer (Spicy) (Onion, Capsicum, Paneer & Tandoori Sauce)'),
(159, 2, 'Hot and Sour Soup'),
(160, 2, 'Baby Corn Soup'),
(161, 1, 'Sp. Akshar (Panner, Veg, Kaju)'),
(162, 10, 'Mix Vegetable(Tomato, Cucumber &  Tandoori Sauce)'),
(163, 2, 'Fry Noodles Soup'),
(164, 10, 'Italian Special (Cheese, Onion, Capsicum & Jalapeno)'),
(165, 1, 'Mushroom Soup'),
(166, 1, 'Won Ton Soup'),
(167, 1, 'English Soup'),
(168, 1, 'Kaju Panner'),
(169, 2, 'Palak Soup'),
(170, 1, 'Kaju Kari'),
(171, 1, 'Kaju Kari'),
(172, 10, 'Mix Veg. (Cheese, Onion, Capsicum & Paneer)'),
(173, 2, 'Cheese Corn Chilli Soup'),
(174, 1, 'Kaju Butter'),
(175, 2, 'Lemon Coriander Soup'),
(176, 1, 'Khoya Kaju'),
(177, 1, 'Malai Kofta'),
(178, 1, 'Cheese Kaju Butter'),
(179, 10, 'American Speical (Cheese, Corn, Capsicum, Onion& Tomato)'),
(180, 10, 'Kids Special(Cheese, Pineapple, Corn & Tomato)'),
(181, 10, 'Mushroom Delight (Cheese, Mushroom, Onion, Capsicum & Tomato)'),
(182, 10, '4 In One (Cheese, Onion, Capsicum, Tomato & Olive)'),
(183, 10, 'Golden Fentasy(Cheese, Pineapple & Paneer)'),
(184, 10, 'Tandoori Paneer (Spicy) (Cheese, Onion, Capsicum, Green Chilly & Paneer)'),
(185, 10, 'Hot & Spicy (Cheese, Jalapeon, Capsicum, Onion & Green Chilly)'),
(186, 10, 'Ahmedabad Treat (Cheese, Jalapino, Pineapple, Paneer Corn, Onion, Tomato & Olive)'),
(187, 10, 'Sp. Sheetal Pizza'),
(188, 10, 'Spicy Baby Corn Pizza'),
(189, 10, 'All In One Pizza'),
(190, 10, 'Veg. Chilli Paneer Pizza'),
(191, 10, 'American Capsicum Pizza'),
(192, 10, 'Mashroom  & Paneer Pizza'),
(193, 10, 'Italian Pizza'),
(194, 10, 'Jain Pizza'),
(195, 10, 'Mexican Pizza'),
(196, 10, 'Chinese Pizza'),
(197, 10, 'Onion Capsicum Pizza'),
(198, 10, 'Pineapple Pizza'),
(199, 10, 'Cheese Pizza'),
(200, 10, 'Veg Cheese Pizza'),
(201, 10, 'Plain Pizza'),
(202, 10, 'Avadh Sp. Pizza'),
(203, 1, 'Angel Sp. Paneer'),
(204, 1, 'Paneer Hungama'),
(205, 1, 'Paneer Makhanwala'),
(206, 1, 'Shahi Paneer'),
(207, 1, 'Paneer Pasanda'),
(208, 1, 'Paneer Mushroom Masala'),
(209, 1, 'Paneer Tawa Masala'),
(210, 1, 'Paneer Hariyali Dry'),
(211, 1, 'Paneer Baby Corn'),
(212, 1, 'Paneer Corn Masala'),
(213, 1, 'Paneer Patiyala'),
(214, 1, 'Cheese Butter Masala'),
(215, 10, 'Mushroom Pizza'),
(216, 1, 'Kaju Cury Masala'),
(217, 10, 'Margharita (Original Cheese Pizza)'),
(218, 10, 'Tandoori Paneer'),
(219, 1, 'Paneer Butter Masala'),
(220, 10, 'Tandoori Paneer (Tandoori Styled Paneer, Capsicum, Onion, Cheese)'),
(221, 1, 'Paneer Begum Bahar'),
(222, 1, 'Paneer'),
(223, 1, 'Paneer Chutney wala'),
(224, 1, 'Matka Paneer'),
(225, 1, 'Veg Dilruba'),
(226, 1, 'Veg Toofani'),
(227, 1, 'Veg Handi'),
(228, 1, 'Avadh Special Vegetable'),
(229, 1, 'Veg Meloni'),
(230, 1, 'Veg Rajwadi'),
(231, 1, 'Veg'),
(232, 1, 'Kheema Hydrabadi'),
(233, 1, 'Baby Corn Masala'),
(234, 1, 'Baby Corn Masala'),
(235, 1, 'Cheese Angoori'),
(236, 1, 'Cheese Casunut'),
(237, 1, 'Navratna Korma (Sweet)'),
(238, 1, 'Kashmiri Dum Aloo (Sweet)'),
(239, 1, 'Kashmiri Kofta (Sweet)'),
(240, 1, 'Today s\' Special'),
(241, 1, 'City Palace\'s Special'),
(242, 1, 'Paneer Chatnath Masala'),
(243, 1, 'Paneer Green Masti'),
(244, 1, 'Paneer Lazeez'),
(245, 1, 'Paneer Tufani'),
(246, 1, 'Veg Handi'),
(247, 1, 'City Palace\'s Special Vegetable'),
(248, 10, 'Mexican Chipotle'),
(249, 10, 'American Garden'),
(250, 1, 'Veg Kadai'),
(251, 1, 'Veg. Green Masati'),
(252, 1, 'Veg Afghani'),
(253, 10, 'Tawa Special Pizza'),
(254, 1, 'Veg Kolhapuri'),
(255, 1, 'Veg  patayala'),
(256, 1, 'Veg Jaipuri'),
(257, 10, 'Vegetable Pizza'),
(258, 1, 'Veg. Jalfriezi'),
(259, 1, 'Veg. Hyderabadi'),
(260, 1, 'Mix Vegetable'),
(261, 10, 'Chocolate Pizza'),
(262, 1, 'Jeera aloo'),
(263, 1, 'Aloo Mattar'),
(264, 1, 'Cheese Banjara'),
(265, 1, 'Cheese Kofta'),
(266, 1, 'Veg Kofta'),
(267, 10, 'Golden Delight Pizza'),
(268, 1, 'Nargisi Kofta'),
(269, 10, 'Veg. Spicy Pizza'),
(270, 10, 'Fresh Veg. Special (Cheese, Onion, Green Pepper, Mushroom, Tomato, olives, Sweet corn, Paneer)'),
(271, 1, 'kaju butter masala'),
(272, 1, 'kaju masala'),
(273, 10, 'Italino Pizza'),
(274, 10, 'Delight Veg. Pizza'),
(275, 10, 'Cheese Garlic Bread'),
(276, 10, 'Supreme Garlic Bread'),
(277, 10, 'Paneer Chilly Gralic Bread'),
(278, 1, 'Thakar Sp Veg'),
(279, 1, 'Veg Garden Surprise'),
(280, 10, 'Stuff  Pizza'),
(281, 1, 'Veg Triranga'),
(282, 10, 'Vegetarian Bite(Cheese, Green Pepper, Tomato, Onions)'),
(283, 10, 'Mushroom Riot(Cheese, Mushroom, Garlic, Chilli)'),
(284, 1, 'Veg Handi'),
(285, 10, 'Mexican Delight'),
(286, 1, 'Veg Hyderabadi'),
(287, 10, 'American Heat(Cheese, Green Spicy Paneer, Olives, Jalapeno)'),
(288, 1, 'Veg Tawa Masala'),
(289, 10, 'Spicy Treat'),
(290, 1, 'Veg Diwani Handi'),
(291, 1, 'Veg Jwala Mukhi'),
(292, 10, 'Hawaiian Fantasy (Cheese, Mushroom, Pineapple, BBQ Paneer Jalapeno)'),
(293, 1, 'Veg Makhanwala'),
(294, 1, 'Dum Aloo ( Punjabi/Kashmiri)'),
(295, 1, 'Dum Aloo ( Punjabi/Kashmiri)'),
(296, 1, 'Malai Methi Muttar Masala'),
(297, 1, 'Aloo Palak'),
(298, 1, 'Khoya Kaju (sweet/spicy)'),
(299, 1, 'Kaju Butter Masala'),
(300, 1, 'Kaju Paneer'),
(301, 10, 'Cheese Brust(3 Kind of Cheese, Onion, Capsicuml, Paneer and Jalapeno)'),
(302, 1, 'Paneer modify'),
(303, 1, 'Paneer Multani'),
(304, 1, 'Paneer Corn Capsicum'),
(305, 1, 'Paneer Garlic Masala'),
(306, 10, 'Yum Dum (Spicy) (Cheese, Onion, Spinash, Tandoori paneer Chili, Makhni Sprinkle Coriander)'),
(307, 1, 'Paneer Muttar Masala'),
(308, 10, 'Balle Balle (Spicy) (Cheese, Onion, Tandoori Paneer, Chilly, Makhani, Coriander)'),
(309, 1, 'Paneer Jwala Mukhi'),
(310, 10, 'Balle Balle (Cheese, Onion, Tandoori Paneer, Chilly, Coriander, Makhani Sprinkle)'),
(311, 1, 'Paneer Nawabi'),
(312, 1, 'Paneer Hangama'),
(313, 1, 'Shahi Paneer Curry'),
(314, 1, 'Cheese Chilly Corn'),
(315, 10, 'Gujarti Treat (Cheese, Onion, Green Pepper, Chilly, garlic, green pea masala, tomato, coriander)'),
(316, 10, 'Chatpatta Paneer (cheese, sweet corn, chatpatta paneer, tomato, coriander, chettinad sprinkle,)'),
(317, 10, 'Classic Margherita (Rustica tomato, Vasil & Mozarella)'),
(318, 10, 'Funghi De Bosco(mushroom, garlic oil, vasil, jalapenos, & mozarella)'),
(319, 10, 'Giardinera (mixed peppers, santos tomatoes, loives, mushrooms, & cheese)'),
(320, 10, 'Char Grilled(green & yellow zuccini, mixed papper, rustica tomatoes, paprika with mozarella)'),
(321, 10, 'Quattro Formaggie (mozarella, cheddar, parmesean, bluecheese)'),
(322, 3, 'Butter Dabeli'),
(323, 3, 'Butter Cheese Dabeli'),
(324, 3, 'Kachhi Kadak Dabeli'),
(325, 3, 'Vada Pav Oil'),
(326, 3, 'Butter Vada Pav'),
(327, 3, 'Cheese Kadak Dabeli'),
(328, 3, 'Cheese Butter Vada Pav'),
(329, 3, 'Pav Tukada'),
(330, 3, 'Cheese Pav Tukada'),
(331, 3, 'Garlic Pav'),
(332, 1, 'Butter Garlic Pav'),
(333, 3, 'Butter Cheese Garlic Pav'),
(334, 3, 'Dabali Oil'),
(335, 3, 'Dabeli'),
(336, 3, 'Sev Puri'),
(337, 3, 'Kachhi Kadak'),
(338, 3, 'Bhel'),
(339, 3, 'Cheese Kacchi Kadak'),
(340, 3, 'Cheese Bhel'),
(341, 3, 'Cheese Sev Puri'),
(342, 3, 'Toast Sandwich (Double)'),
(343, 3, 'Garma Garam Butter Toast (Double)'),
(344, 3, 'Cheese Toast Sandwich'),
(345, 3, 'Veg. Sandwich'),
(346, 3, 'heese veg sandwich (roasted)'),
(347, 3, 'Sep. Bombay Masala'),
(348, 3, 'Sep. Masala Veg Toast Sandwich'),
(349, 3, 'Veg. Cheese Grilled Sandwich'),
(350, 3, 'Veg. Grilled Sandwich'),
(351, 3, 'Veg. Mayonnaise Cheese Sandwich'),
(352, 3, 'Veg. Mayonnaise Cheese Grill Sandwich'),
(353, 3, 'Veg, Toast Sandwich'),
(354, 3, 'Veg. Cheese Toast Sandwich'),
(355, 3, 'Jumbo'),
(356, 3, 'Veg, Toast Sandwich'),
(357, 3, 'Veg. Cheese Grill Sandwich'),
(358, 3, 'Veg. Mayonnaise Cheese Sandwich'),
(359, 3, 'BreadButter'),
(360, 3, 'Cheese Bread Butter'),
(361, 1, 'Veg. Jwala'),
(362, 3, 'Bread Butter Jam'),
(363, 3, 'Cheese Pineapple Butter Jam'),
(364, 3, 'Dabali (Jumbo)'),
(365, 3, 'Cheese Dabali (Jumbo)'),
(366, 3, 'Vada Pav'),
(367, 1, 'Veg. Jwala'),
(368, 3, 'Cheese Vada Pav'),
(369, 3, 'Ragada Petice'),
(370, 3, 'Cheese Ragada Petice'),
(371, 3, 'Usal Pav'),
(372, 3, 'Idali Sambhar'),
(373, 1, 'Veg. Jwala'),
(374, 1, 'Veg Angara'),
(375, 1, 'Sp. Veg akshar'),
(376, 6, 'Sp. Mysore Masala(Oil)'),
(377, 6, 'Sp. Mysore Masala(Butter)'),
(378, 6, 'Mysore Plain Dosa (Oil)'),
(379, 6, 'Mysore Plain Dosa (Butter)'),
(380, 6, 'Masala Dosa(Oil)'),
(381, 6, 'Masala Dosa(Butter)'),
(382, 6, 'Spring Dosa(Oil)'),
(383, 6, 'Spring Dosa (Butter)'),
(384, 6, 'Plain Dosa(Butter)'),
(385, 6, 'Plain Dosa (Oil)'),
(386, 6, 'Onion Plain Dosa(Oil)'),
(387, 6, 'Onion Plain Dosa(Butter)'),
(388, 6, 'Paper Plain Dosa(Oil)'),
(389, 6, 'Paper Plain Dosa(Butter)'),
(390, 6, 'Paper Masala Dosa(Oil)'),
(391, 6, 'Paper Masala Dosa(Butter)'),
(392, 6, 'Pundina Plain Dosa(Oil)'),
(393, 6, 'Pundina Plain Dosa(Butter)'),
(394, 6, 'Jain Masala Dosa(Oil)'),
(395, 6, 'Jain Masala Dosa(Butter)'),
(396, 6, 'Sp. Sheetal Dosa(Butter)'),
(397, 6, 'Sp. Sheetal Dosa(Oil)'),
(398, 6, 'Masala Corn Dosa (Butter)'),
(399, 6, 'Masala Corn Dosa (Oil)'),
(400, 6, 'Butter Idli'),
(401, 6, 'Idli'),
(402, 6, 'Dahi Vada'),
(403, 6, 'Rava Mysore Masala Dosa(Oil)'),
(404, 6, 'Rava Mysore Masala Dosa(Butter)'),
(405, 6, 'Rava Onion Masala Dosa(Oil)'),
(406, 6, 'Rava Onion Masala Dosa(Butter)'),
(407, 6, 'Rava Masala Dosa(Oil)'),
(408, 6, 'Rava Masala Dosa(Butter)'),
(409, 6, 'Jain Rava Masala Dosa(OIl)'),
(410, 6, 'Jain Rava Masala Dosa(Butter)'),
(411, 6, 'Rava Onion Plain Dosa(OIl)'),
(412, 6, 'Rava Onion Plain Dosa(Butter)'),
(413, 6, 'Rava Plain Dosa(Oil)'),
(414, 6, 'Rava Onion Plain Dosa(Butter)'),
(415, 6, 'rava plain dosa(Butter)'),
(416, 6, 'Veg. Mixed Uttapam(OIl)'),
(417, 6, 'Veg. Mixed Uttapam(Butter)'),
(418, 6, 'Tomato Corn Uttapam(Oil)'),
(419, 6, 'Tomato Corn Uttapam(Butter)'),
(420, 6, 'Tomato Onion Uttapam(Oil)'),
(421, 6, 'Tomato Onion Uttapam(Butter)'),
(422, 6, 'Tomato Uttapam(Oil)'),
(423, 6, 'Tomato  Uttapam(Butter)'),
(424, 6, 'Onion Uttapam(Oil)'),
(425, 6, 'Onion Uttapam(Butter)'),
(426, 3, 'cheese sandwich'),
(427, 3, 'Cheese Pineapple Sandwich'),
(428, 6, 'Dahi Vada'),
(429, 1, 'Veg. Pizza'),
(430, 10, 'Veg Pizza'),
(431, 10, 'Paneer pizza'),
(432, 6, 'Rava Corn Masala Dosa(Oil)'),
(433, 6, 'Rava Corn Masala Dosa(Butter)'),
(434, 6, 'Pudina Plain Dosa (Oil)'),
(435, 6, 'Pudina Plain Dosa (Butter)'),
(436, 6, 'Pudina Masala Dosa (Butter)'),
(437, 6, 'Pudina Masala Dosa (Oil)'),
(438, 6, 'Tomato Uttapam(Butter)'),
(439, 5, 'Dryfruit Masti'),
(440, 5, 'Cashew Halwa'),
(441, 5, 'Zafrani Kesar Pista'),
(442, 5, 'Alphonso Mango'),
(443, 5, 'Sitafal'),
(444, 5, 'Royal Afghan Dry Fruit'),
(445, 5, 'Royal Rajbhog'),
(446, 5, 'Delicious Mawa Badam'),
(447, 5, 'Tender Coconut'),
(448, 5, 'Spicy Guava'),
(449, 5, 'Honey N Nut'),
(450, 5, 'Fruit Overload'),
(451, 5, 'Cookies N Cream'),
(452, 5, 'Crazy Banana Caramel'),
(453, 5, 'Pistachio Malai'),
(454, 5, 'Matka Kulfi'),
(455, 5, 'Rajasthani Kulfi'),
(456, 5, 'Pan Masala'),
(457, 5, 'Cotten Candy'),
(458, 5, 'Chocolate Browine'),
(459, 5, 'Chocolate to-Chocolate'),
(460, 5, 'Belgian Chocolate'),
(461, 5, 'Brownie Vanilla'),
(462, 5, 'Panchamrut'),
(463, 5, 'Kesar Kaju Katri'),
(464, 5, 'Thandai'),
(465, 5, 'Kashmiri Anjeer Gulkand'),
(466, 5, 'Butter scotch'),
(467, 5, 'Pineapple'),
(468, 5, 'Wild Strawberry'),
(469, 5, 'Creamy Vanilla'),
(470, 5, 'Kulfi Nut / Kesar Kaju Katri'),
(471, 5, 'Kesar Pista / Kaju Anjeer'),
(472, 5, 'American Dryfruit/ Panchamrut'),
(473, 5, 'Chocolate/Vanilla'),
(474, 5, 'Chocolate/Vanilla'),
(475, 5, 'Strawberry/Vanilla'),
(476, 5, 'Pineapple/Vanilla'),
(477, 5, 'Chocolate Ice Cream Cake'),
(478, 5, 'Heart Beat'),
(479, 7, 'Black Forest Cake Pastry'),
(480, 7, 'CHocolate Cake Pastry'),
(481, 7, 'Pineapple Cake Pastry'),
(482, 7, 'Strawberry Cake Pastry'),
(483, 7, 'Sp. Sheetal Faluda'),
(484, 7, 'Pineapple Faluda'),
(485, 7, 'Thandai Faluda'),
(486, 7, 'Kesar Faluda'),
(487, 7, 'Rose Faluda'),
(488, 7, 'Almond Faluda'),
(489, 5, 'Red Rose Cone'),
(490, 5, 'Dark Choco Fantacy Cone'),
(491, 5, 'Boll Top Cone'),
(492, 5, 'American Nuts Cone'),
(493, 5, 'Chocolate Delight Cone'),
(494, 5, 'Kesar Pista Cone'),
(495, 5, 'Kaju Draksh Cone'),
(496, 5, 'Butterscotch Cone'),
(497, 5, 'Cappuccino Cone'),
(498, 5, 'Punjab Di Kulfi'),
(499, 5, 'Anjeer Kulfi'),
(500, 5, 'Kadai Kulfi'),
(501, 5, 'Frostick'),
(502, 5, 'Traditional Kulfi'),
(503, 5, 'Rajbhog Candy'),
(504, 5, 'Best Mango Dolly'),
(505, 5, 'Almond Chocobar'),
(506, 5, 'Aam Hi Aam'),
(507, 5, 'Premium Mawa Malai'),
(508, 5, 'Premium Mawa Malai'),
(509, 5, 'Bombay Chowpaty'),
(510, 5, 'Bombay Chowpaty'),
(511, 5, 'Rashberry Dolly'),
(512, 5, 'Tripple Sunday'),
(513, 5, 'Classic Cassata'),
(514, 5, 'Single Sunday'),
(515, 5, 'Sandwich Cookies'),
(516, 5, 'Sajan Sajani Roll Cut'),
(517, 5, 'Slice Cassata'),
(518, 5, 'Ice Cream Sandwich'),
(519, 5, 'Suger Free Kulfi'),
(520, 5, 'Suger free Vanilla Cup'),
(521, 7, 'Sp. Chocolate'),
(522, 7, 'Pista'),
(523, 10, 'Margherita Pizza'),
(524, 7, 'Butterscotch'),
(525, 7, 'Fresh Strawberry'),
(526, 7, 'Apple'),
(527, 7, 'Shahi Gulab'),
(528, 7, 'Chiku'),
(529, 7, 'Mango'),
(530, 7, 'Mixed Fruit'),
(531, 7, 'Special Sheetal'),
(532, 7, 'Kaju Badam'),
(533, 7, 'Anjeer Kaju'),
(534, 7, 'Sp. Chocolate with Kaju'),
(535, 7, 'Kaju Kismis'),
(536, 7, 'Kaju Gulkand'),
(537, 10, 'American Pizza'),
(538, 10, 'American Pizza'),
(539, 7, 'Mango Kaju'),
(540, 7, 'Chiku Kaju'),
(541, 7, 'Dryfruit Lassi'),
(542, 7, 'Sadi Lassi'),
(543, 7, 'Mango Lassi'),
(544, 7, 'Pineapple Lassi'),
(545, 7, 'Mosambi'),
(546, 7, 'Orange'),
(547, 7, 'Kesar Kaju Pistas'),
(548, 7, 'American Nuts'),
(549, 7, 'Mawa Badam'),
(550, 7, 'Kitkats'),
(551, 7, 'Kaju Anjeers'),
(552, 8, 'Full Gujarati Thali (3Veg,Dal,2Farsan,1Sweet,12Chapati,Rice,Butter Milk,Papad,SaladEtc)'),
(553, 7, 'Kesar Pista'),
(554, 8, 'Parcel Thali'),
(555, 7, 'Chocolate Kaju'),
(556, 7, 'Oreo'),
(557, 7, 'Two In One'),
(558, 7, 'Fable silk'),
(559, 8, 'Sunday Special Thali'),
(560, 8, 'Extra Sweet'),
(561, 7, 'Rose Magic'),
(562, 7, 'Strawberry'),
(563, 7, 'Vanilla'),
(564, 7, 'Cold Coffee'),
(565, 7, 'Kaju Cold Coco'),
(566, 7, 'Cold Coco'),
(567, 7, 'Fruit Salad'),
(568, 12, 'Green Salad'),
(569, 12, 'Tomato Cucumber Salad'),
(570, 1, 'Kachumber Salad'),
(571, 1, 'Boondi Raita'),
(572, 2, 'Hot & Sour Soup'),
(573, 12, 'Boondi Raita'),
(574, 2, 'Manchow Soup'),
(575, 2, 'Cream of Tomato Soup'),
(576, 12, 'Pineapple Raita'),
(577, 2, 'Sweet Corn Soup'),
(578, 12, 'Fruit Salad'),
(579, 12, 'Green Salad'),
(580, 12, 'Onion Raita'),
(581, 12, 'Tomato Salad'),
(582, 12, 'Papad Roasted'),
(583, 12, 'Papad Fried'),
(584, 2, 'Paneer Chilly Dry'),
(585, 6, 'Sp. Veg. Spring Roll'),
(586, 13, 'Papad Masala'),
(587, 2, 'Triple Fried Rice'),
(588, 12, 'Jal Jeera'),
(589, 12, 'Fresh Lime Water (Sweet & Salted)'),
(590, 2, 'Sp. Veg. Lolipop'),
(591, 13, 'Butter Milk'),
(592, 2, 'Dragon Potato'),
(593, 13, 'Lassi (Sweet & Salted)'),
(594, 13, 'Masala Butter Milk'),
(595, 13, 'Curd'),
(596, 13, 'Mineral Water'),
(597, 2, 'Veg. Manchurian Dry'),
(598, 13, 'Cold Drinks'),
(599, 13, 'Avadh Sp. Lassi'),
(600, 2, 'Veg. Manchurian Gravy'),
(601, 12, 'Stuff Chilli (6Piece) Stuff'),
(602, 2, 'Chinese Bhel'),
(603, 12, 'Extra Cheese'),
(604, 2, 'Veg. Schezwan Hakka Noodles'),
(605, 12, 'Extra Szechwan Sauce'),
(606, 2, 'Veg. Manchurian Fried Ricwe'),
(607, 2, 'Veg. Manchurian Fried Rice'),
(608, 2, 'Veg. Noodles Fried Rice'),
(609, 2, 'Manchurian Noodles'),
(610, 2, 'Veg. Schezwan Fried Rice'),
(611, 2, 'Veg. Hakka Noodles'),
(612, 2, 'Veg. Fried Rice'),
(613, 3, 'Sp. Veg. Mix Sandwich'),
(614, 3, 'Pineapple Cheese Sandwich'),
(615, 3, 'Cheese Jam Sandwich'),
(616, 3, 'Veg. Cheese Sandwich'),
(617, 3, 'Masala Sandwich'),
(618, 3, 'Cheese Sandwich'),
(619, 3, 'Pineapple Sandwich'),
(620, 3, 'Pav Bhaji'),
(621, 3, 'Chhole Puri'),
(622, 3, 'Veg. Pulav'),
(623, 3, 'Batata Poha'),
(624, 3, 'Mixed Bhel'),
(625, 3, 'Pani Puri'),
(626, 3, 'Dahi Puri'),
(627, 8, 'Suki Bhaji'),
(628, 13, 'Cold Drinks'),
(629, 12, 'Fruit Raita'),
(630, 13, 'Mineral Water'),
(631, 3, 'Samosa'),
(632, 10, 'Pav Bhajji Pizza'),
(633, 3, 'Garlic Bread'),
(634, 3, 'Garlic Bread \'N\' Cheese'),
(635, 7, 'Rose Vanilla'),
(636, 7, 'Strawberry Cream'),
(637, 7, 'Dream Butter Scotch'),
(638, 7, 'Choco Nuts'),
(639, 5, 'Sp.American Sunday'),
(640, 5, 'Single Sunday'),
(641, 5, 'Double Sunday'),
(642, 5, 'Cadbury Special'),
(643, 5, 'Chocolate Crunch'),
(644, 5, 'Dryfruit Khajana'),
(645, 5, 'Cream Casata'),
(646, 5, 'Chocolate Chips'),
(647, 16, 'Chicken Masala'),
(648, 16, 'Chicken Butter'),
(649, 16, 'Chicken Biryani'),
(650, 5, 'Butter Scotch'),
(651, 16, 'Chicken Tang Fry'),
(652, 16, 'Chicken Dana'),
(653, 5, 'Strawberry'),
(654, 16, 'Sadu mutton'),
(655, 5, 'Strawberry cake'),
(656, 16, 'Mutton Masala'),
(657, 5, 'Chocolate Cake'),
(658, 5, 'Chocolate Cake'),
(659, 16, 'Sadu Mutton'),
(660, 5, 'Almond Chocobar'),
(661, 5, 'Rajbhog'),
(662, 5, 'Chocobar'),
(663, 16, 'Kaleja Masala'),
(664, 5, 'Pista Malai'),
(665, 16, 'Bheja Masala'),
(666, 5, 'Raspberry'),
(667, 5, 'Mangodolly'),
(668, 16, 'Mutton Keema Masala'),
(669, 5, 'Mava Malai'),
(670, 5, 'Crunchy Chocobar'),
(671, 16, 'Sadi Kaleji'),
(672, 5, 'Kesar Pista Cone'),
(673, 5, 'Butter Scotch Cone'),
(674, 5, 'Chocolate Cone'),
(675, 5, 'Butter Cone'),
(676, 16, 'Sado Bhejo'),
(677, 5, 'Natural Green Coconut (F)'),
(678, 5, 'Roasted Almond Pista (F)'),
(679, 16, 'Sado Mutton Khimo'),
(680, 5, 'Sp. Marwad (f)'),
(681, 5, 'Choco Brownie'),
(682, 16, 'Machi Masala'),
(683, 5, 'Cream Anjer(F)'),
(684, 16, 'Jhinga Masala'),
(685, 5, 'Afghan Meva'),
(686, 5, 'Sp. Rajasthani (F)'),
(687, 16, 'Egg curry'),
(688, 5, 'Honey Almond'),
(689, 16, 'Egg keema Masala'),
(690, 5, 'Dry Fruit Cream'),
(691, 16, 'Egg Omelette'),
(692, 5, 'Kesar PIsta'),
(693, 16, 'Egg Omelette Masala'),
(694, 5, 'Choco Munch'),
(695, 5, 'Roasted Nuts'),
(696, 16, 'Egg Half Fry Simple'),
(697, 5, 'Shahi Rajbhog (F)'),
(698, 16, 'Egg Half Fry Masala'),
(699, 5, 'Kitkat'),
(700, 5, 'Natural Green Gvava (Jamfal) (F)'),
(701, 16, 'Boiled Egg'),
(702, 5, 'Rose Kaju (F)'),
(703, 5, 'Natural Fresh Custard Apple (Seasonal) (F)'),
(704, 8, 'Plain Rice'),
(705, 5, 'Natural Fresh Mango (seasonal) (F)'),
(706, 8, 'Wheat Roti'),
(707, 8, 'Wheat Roti'),
(708, 5, 'Rose Petal(F)'),
(709, 5, 'Pan-King'),
(710, 8, 'bajra No Rotlo'),
(711, 5, 'American Dryfruit'),
(712, 8, 'Papad'),
(713, 5, 'Gold Magic'),
(714, 5, 'Kaju Draksh (F)'),
(715, 16, 'Sadu Chicken'),
(716, 16, 'Chicken Tikka'),
(717, 16, 'Chicken Chilli'),
(718, 5, 'Vanilla (F)'),
(719, 5, 'Sugar Free(F)'),
(720, 5, 'Rangoli Shaahi Cup (150ml)'),
(721, 16, 'Chicken Leg Masala'),
(722, 5, 'Natural Green Coconut (F)'),
(723, 16, 'Chicken Leg Fry'),
(724, 5, 'Roasted Almond Pista (F)'),
(725, 16, 'Machi Sadi'),
(726, 5, 'Sahi Rajbhog(F)'),
(727, 16, 'Machi Fry'),
(728, 5, 'Sp.  Marwad(F)'),
(729, 5, 'Pan-King'),
(730, 16, 'Jinjja Sada'),
(731, 5, 'Triple Sunday'),
(732, 5, 'Rangoli Special (F)'),
(733, 16, 'Jinjja Fry'),
(734, 5, 'Dark Brownie'),
(735, 5, 'Sp.Kaju'),
(736, 16, 'Jinjja Masala'),
(737, 8, 'Jeera Rice'),
(738, 16, 'Egg Rice Masala'),
(739, 16, 'Egg Kheema masala'),
(740, 16, 'Omelette'),
(741, 16, 'Mutton Nanu'),
(742, 5, 'Afgan Dryfruits'),
(743, 5, 'Roasted Dryfriuts'),
(744, 5, 'Kaju Badam'),
(745, 5, 'Sp. Kaju'),
(746, 5, 'Sp. Badam (F)'),
(747, 16, 'Mutton Fry'),
(748, 5, 'Badam Pista(F)'),
(749, 16, 'Mutton Paya Masala'),
(750, 5, 'Kaju Anjeer (F)'),
(751, 5, 'Gulkand (F)'),
(752, 5, 'Badam Anjeer'),
(753, 5, 'Butter Scotch'),
(754, 16, 'Mutton Kaleji'),
(755, 5, 'Orio'),
(756, 5, 'Gulkand (F)'),
(757, 16, 'Mutton Khemo'),
(758, 5, 'Sp. Chocho Orio'),
(759, 5, 'Butter Scotch (F)'),
(760, 16, 'Mutton Soup'),
(761, 5, 'Sugar Free Shake (F)'),
(762, 5, 'Shahi Gulab (F)'),
(763, 16, 'Mutton Biryani'),
(764, 16, 'Bheja'),
(765, 7, 'Chocolate Fudge'),
(766, 8, 'Butter Roti'),
(767, 7, 'American Dryfruit'),
(768, 7, 'Dark Chocolate'),
(769, 7, 'Chocolate Brownie'),
(770, 8, 'Butter Bajro'),
(771, 7, 'Mava Badam'),
(772, 13, 'Amul Chas'),
(773, 7, 'Sp.Marvad'),
(774, 16, 'Paya Masala'),
(775, 7, 'Cold Coco'),
(776, 16, 'Chicken Fry'),
(777, 7, 'Kaju Draksh'),
(778, 7, 'Cold Coco with Kaju'),
(779, 16, 'Jeer Bhat'),
(780, 5, 'Red Velvet'),
(781, 7, 'Chocolate'),
(782, 5, 'Coconut'),
(783, 5, 'Black Forest'),
(784, 2, 'Minestone'),
(785, 7, 'Goden Fentacy'),
(786, 2, 'Veg, Sweet Corn'),
(787, 2, 'Palak Soup'),
(788, 7, 'Mango'),
(789, 2, 'Veg. Manchow'),
(790, 5, 'Twisten Crackle'),
(791, 5, 'Twisten Crackle'),
(792, 2, 'Veg. Manchurian Soup'),
(793, 7, 'Cold Coffee'),
(794, 2, 'Cheese Corn Tomato'),
(795, 7, 'Strawberry'),
(796, 5, 'Cold Coffee withn (ice cream)'),
(797, 7, 'Rose'),
(798, 5, 'Cream Lassi'),
(799, 9, 'Classic Veg.'),
(800, 9, 'Veg. Shashlik'),
(801, 9, 'Chinese Sizzler'),
(802, 9, 'Shashlik'),
(803, 9, 'Paneer Shashlik'),
(804, 9, 'Italian Sizzler'),
(805, 9, 'Panner Stick'),
(806, 3, 'Regular Dabeli'),
(807, 9, 'Pineapple Sizzler'),
(808, 3, 'Vada Pav'),
(809, 3, 'Vada Pav'),
(810, 9, 'Veg. Sizzler'),
(811, 3, 'Masala Pav'),
(812, 9, 'Veg. Pineapple Sizzler'),
(813, 3, 'Butter Cheese Vada Pav'),
(814, 9, 'Szechwan Sauce with Sizzler'),
(815, 9, 'Oriental SIzzler (Dry)'),
(816, 3, 'Plain Puff'),
(817, 3, 'Plain Cheese Puff'),
(818, 9, 'Panner Stick Sizzler'),
(819, 3, 'Masala Puff'),
(820, 3, 'Cheese Masala Puff'),
(821, 3, 'Butter Maggie'),
(822, 3, 'Plain Maggie'),
(823, 3, 'Cheese Maggie'),
(824, 3, 'Veg. Butter Maggie'),
(825, 3, 'Veg Cheese Maggie'),
(826, 3, 'Veg. Cheese Butter Maggie'),
(827, 3, 'Aloo Butter Sandwich'),
(828, 3, 'Bread Butter'),
(829, 3, 'Butter Cheese Sandwich'),
(830, 3, 'Alloo Masala Sandwich'),
(831, 6, 'Sada Dosa'),
(832, 6, 'Lasuniya Sada Dosa'),
(833, 3, 'Butter Cheese Chutney Sandwich'),
(834, 6, 'Rava Dosa'),
(835, 3, 'Italian Grill Sandwich'),
(836, 6, 'Maisuri Sada Dosa'),
(837, 3, 'Sandwich'),
(838, 3, 'Sandwich'),
(839, 1, 'Maisuri Sada Dosa'),
(840, 6, 'Rava Sada Dosa'),
(841, 3, 'Butter Cheese Jam Sandwich'),
(842, 3, 'Veg. Burger'),
(843, 3, 'Veg. Cheese Burger'),
(844, 6, 'Paper Sada Dosa'),
(845, 6, 'Lasuniya Masala dosa'),
(846, 3, 'Veg. Cheese Burger'),
(847, 3, 'Kathiyawadi Chaa'),
(848, 3, 'Sugar Free Chaa'),
(849, 6, 'Paneer Masala Dosa'),
(850, 6, 'Fry Masala Dosa'),
(851, 6, 'Sada Uttapam'),
(852, 3, 'Hot Coffee'),
(853, 6, 'Masala Uttapam'),
(854, 6, 'Mix Uttapam'),
(855, 6, 'Idli Sambhar'),
(856, 6, 'Vada Sambhar'),
(857, 7, 'Bournvitta Hot Coffee'),
(858, 7, 'Chocolate Hot Coffee'),
(859, 9, 'Hawaian Sizzler'),
(860, 9, 'Angle Sp. Sizzler'),
(861, 13, 'Thumps Up'),
(862, 13, 'Sprit'),
(863, 13, 'Mazza'),
(864, 13, 'Jeera Masala Soda'),
(865, 13, 'Bisleri'),
(866, 13, 'Peach'),
(867, 13, 'Strawberry'),
(868, 13, 'Jinjer'),
(869, 13, 'Monster'),
(870, 13, 'Red Bull'),
(871, 6, 'Cheese Paper'),
(872, 6, 'Cheese Masala'),
(873, 6, 'Cheese Mysorey'),
(874, 6, 'paneer Mysorey'),
(875, 6, 'lasuniya Mysorey'),
(876, 6, 'lasuniya Mysorey'),
(877, 6, 'Manchurian Dosa'),
(878, 6, 'Mysore Butter Masala'),
(879, 6, 'Cheese Butter Mysorey'),
(880, 6, 'Lsauniya Butter Mysorey'),
(881, 6, 'Rava Butter Mysorey'),
(882, 6, 'Fry Butter Masala'),
(883, 6, 'Rava Mysorey'),
(884, 6, 'Rava paneer Masala'),
(885, 6, 'Rava  Lasuniya Masala'),
(886, 6, 'Sp. Uttapam'),
(887, 6, 'Sp. Dosa'),
(888, 6, 'Sp. Tomato Omlet Veg.'),
(889, 6, 'Frankey Dosa'),
(890, 6, 'Fry Masala'),
(891, 6, 'Fry Mysorey'),
(892, 6, 'Fry Lasuniya'),
(893, 6, 'Fry Masala Cheese'),
(894, 6, 'Fry Mysorey Cheese'),
(895, 6, 'Fry Paneer Masala'),
(896, 6, 'Fry Paneer Mysorey'),
(897, 6, 'Hydrabadi Dosa'),
(898, 3, 'Masala Fry'),
(899, 3, 'butter masala'),
(900, 3, 'regular'),
(901, 3, 'Cheese chilli'),
(902, 6, 'Cheese Chilli garlic'),
(903, 3, 'Cheese Con Garlic'),
(904, 3, 'Paneer Cheese Garlic'),
(905, 3, 'Masala toast'),
(906, 3, 'Veg toast'),
(907, 3, 'Onion Toast'),
(908, 3, 'Open cheese Toast'),
(909, 3, 'Veg cheese Toast'),
(910, 3, 'Only Cheese Toast'),
(911, 3, 'Veg chilli Grill'),
(912, 3, 'Only Cheese Grill'),
(913, 3, 'Regular Hot Dog'),
(914, 3, 'Cheese Hot Dog'),
(915, 3, 'Paneer Cheese'),
(916, 3, 'Masroom Cheese'),
(917, 3, 'Food Plaza Hot Dog'),
(918, 3, 'Bread butter'),
(919, 3, 'Bread butter cheese jam'),
(920, 3, 'Veg cheese sandwich'),
(921, 3, 'Double Dekar Cheese'),
(922, 3, 'Bataka Chatani cheese'),
(923, 3, '3 in 1 cheese s/w'),
(924, 3, 'butter pav bhaji'),
(925, 3, 'Extra Pav'),
(926, 3, 'italian Grill'),
(927, 3, 'paneer cheese grilla'),
(928, 3, 'Veg burger'),
(929, 3, 'Veg Cheese'),
(930, 3, 'Mayo Burger'),
(931, 3, 'Italian Burger'),
(932, 3, 'Food Plaza Burger'),
(933, 10, 'Only Cheese'),
(934, 10, 'Paneer pizza'),
(935, 3, 'Manchurian Pizza'),
(936, 10, 'Italian Puff Paneer Pizza'),
(937, 10, 'Masroom pizza'),
(938, 10, 'Food Plaza Pizza'),
(939, 1, 'Surya Sp'),
(940, 1, 'Masroom Paneer Masala'),
(941, 1, 'Lasuniya Paneer'),
(942, 1, 'Corn Paneer Masala'),
(943, 1, 'Veg. Rajwadi'),
(944, 1, 'Veg. Hangama'),
(945, 1, 'veg tava'),
(946, 1, 'Veg. Jaipuri'),
(947, 1, 'Veg Makhanwala'),
(948, 1, 'Veg. Remix'),
(949, 1, 'Stuff Tomato'),
(950, 1, 'Veg capsicum'),
(951, 1, 'Allo Palak'),
(952, 1, 'Veg Pinkcity'),
(953, 1, 'Dum aloo'),
(954, 1, 'Corn Capsicum Masala'),
(955, 1, 'Tawa paneer'),
(956, 1, 'Paneer Kofta'),
(957, 1, 'Chana Paneer'),
(958, 1, 'Kaju curry'),
(959, 1, 'kaju panner masala'),
(960, 1, 'Corn bhartha'),
(961, 1, 'Paneer korma'),
(962, 1, 'Sweet Karmiri Dum ALoo'),
(963, 1, 'Sweet Nav Ratna Kurma'),
(964, 1, 'Sweet Sahi Veg. Kurma'),
(965, 1, 'Sweet Masala Kofta'),
(966, 1, 'Sweet Khoya Kaju'),
(967, 1, 'sweet sahi paneer'),
(968, 1, 'Stem Ricw'),
(969, 1, 'Stem Rice'),
(970, 1, 'Handi biriyani'),
(971, 1, 'Green Pish Pulav'),
(972, 1, 'Methi Roti'),
(973, 1, 'Jira Roti'),
(974, 1, 'Plain Paratha'),
(975, 1, 'Butter Paratha'),
(976, 1, 'Stuf Paratha'),
(977, 1, 'Lashedar Paratha'),
(978, 1, 'karmiri nan'),
(979, 1, 'Cheese Kulcha'),
(980, 1, 'Onion Kulcha'),
(981, 1, 'puri'),
(982, 9, 'cheese sizzler'),
(983, 1, 'Backed Veg Mecroni'),
(984, 1, 'Backed Veg Mecroni with pineapple cheese'),
(985, 9, 'Veg sizzler'),
(986, 9, 'Cheese Boll Sizzler'),
(987, 9, 'Lasuniya Sizzler'),
(988, 9, 'Pineapple Stick Sizzler'),
(989, 9, 'Paneer Stick Sizzler'),
(990, 12, 'Cachumber salad'),
(991, 8, 'Roasted Papad'),
(992, 8, 'Fry Papad'),
(993, 3, 'Masala Papad'),
(994, 5, 'Butter Mil'),
(995, 5, 'Butter Milk'),
(996, 7, 'Special Lassi'),
(997, 7, 'Solted Lassi'),
(998, 7, 'Sweet Lassi'),
(999, 5, 'Crud'),
(1000, 7, 'Pineapple Raita'),
(1001, 7, 'Veg. Raita'),
(1002, 7, 'Bundi Raita'),
(1003, 2, 'Manchurian Dry'),
(1004, 2, 'Sp. Veg Spring Roll'),
(1005, 2, 'Paneer Tikka Dry'),
(1006, 7, 'Harabhara Kabab'),
(1007, 2, 'Veg. Crishpy'),
(1008, 2, 'Poteto Crishpy'),
(1009, 2, 'Poteto Crishpy'),
(1010, 2, 'Loli Pop'),
(1011, 10, 'Veg Chilli Paneer Pizza'),
(1012, 2, 'Veg Manchurian dry'),
(1013, 7, 'Pineapple'),
(1014, 5, 'Honeymoon Special'),
(1015, 5, 'Khatta-Mittha  Special'),
(1016, 5, 'Sheetal Kid\'s Special'),
(1017, 7, 'Afghan Dryfruit'),
(1018, 7, 'Chocolate'),
(1019, 5, 'Golden fentacy'),
(1020, 3, 'Potato Wedges'),
(1021, 3, 'Cheesy Potato Pops'),
(1022, 12, 'Greek Salad'),
(1023, 12, 'Hawaiin Salad'),
(1024, 12, 'Russian Salad'),
(1025, 3, 'Chutney Sandwich'),
(1026, 3, 'Chocolate Sandwich'),
(1027, 10, 'Wrap'),
(1028, 10, 'Roman Pasta'),
(1029, 3, 'Veg. cheese sandwich'),
(1030, 3, 'Cheese Chocolate Sandwich'),
(1031, 10, 'Creamy Indian Pasta'),
(1032, 5, 'Butterscotch /vanilla'),
(1033, 3, 'Aloo Masala Grill Sandwich'),
(1034, 3, 'Veg. Aloo Masala'),
(1035, 3, 'Aloo Masala Cheese Sandwich'),
(1036, 3, 'Mexican sandwivch'),
(1037, 3, 'Italian Sandwich'),
(1038, 2, 'Sesame Finger'),
(1039, 7, 'Brownie Fudge'),
(1040, 2, 'Gobi Manchurian(dry)'),
(1041, 2, 'Gobi Manchurian(dry)'),
(1042, 2, 'Paneer Manchurian(dry)'),
(1043, 2, 'Paneer'),
(1044, 3, 'Veg. Aloo Masala'),
(1045, 2, 'Paneer chilly(dry)'),
(1046, 2, 'Mushroom Manchurian(dry)'),
(1047, 2, 'Baby Corn Manchurian(dry)'),
(1048, 2, 'Veg. Spring Roll'),
(1049, 3, 'Only Cheese Sandwich'),
(1050, 2, 'Mushroom Spring Roll'),
(1051, 2, 'Chinese'),
(1052, 2, 'Chinese'),
(1053, 2, 'Chinese'),
(1054, 2, 'Chinese'),
(1055, 2, 'Chinese Bhel'),
(1056, 2, 'Veg.Lollipop'),
(1057, 2, 'Paneer Crispy'),
(1058, 2, 'Veg. Crispy'),
(1059, 2, 'Mix. Crispy'),
(1060, 2, 'Veg.Gold Coin'),
(1061, 2, 'Dragon Potato'),
(1062, 3, 'Three In One Sandwich'),
(1063, 3, 'Club Sandwich'),
(1064, 2, 'Paneer Paplet'),
(1065, 1, 'Dal Tadka'),
(1066, 1, 'Dal Fry'),
(1067, 1, 'Alu Mutter'),
(1068, 1, 'Stuffed Tomato'),
(1069, 3, 'Sing Sev'),
(1070, 1, 'Veg. Kolhapuri'),
(1071, 1, 'Corn Bhartha'),
(1072, 1, 'Mushroom Masala'),
(1073, 1, 'Jeera Roti'),
(1074, 1, 'Stuff Naan'),
(1075, 1, 'Garlic Naan'),
(1076, 1, 'Cheese Naan'),
(1077, 1, 'Cheese Garlic Naan'),
(1078, 1, 'Kashmiri Naan (Sweet)'),
(1079, 1, 'Paneer Naan'),
(1080, 3, 'Mayonise Dabeli'),
(1081, 3, 'Jumbo Dabeli'),
(1082, 1, 'Butter Kulch'),
(1083, 3, 'Mayonise Vadapav'),
(1084, 3, 'Mewad Bowl'),
(1085, 10, 'Onion Tomato Pizza'),
(1086, 1, 'Stuff Kulcha / Stuff Paratha'),
(1087, 10, 'Onion Capsicum Pizza'),
(1088, 3, 'Chilli Hot And Spicy'),
(1089, 10, 'Chocolate Pizza'),
(1090, 1, 'Punjabi Puri'),
(1091, 1, 'Cheese Roti'),
(1092, 1, 'Garlic Roti'),
(1093, 1, 'Steam Rice'),
(1094, 1, 'Jeera Rice'),
(1095, 1, 'Vegetable Pulao'),
(1096, 1, 'Green Peas Pulao'),
(1097, 1, 'Kashmiri Pulao (sweet)'),
(1098, 1, 'Vegatable Biryani'),
(1099, 1, 'Hydrabadi Biryani'),
(1100, 1, 'Corn Noodles Biryani'),
(1101, 1, 'Fried Noodles Biryani'),
(1102, 9, 'Veg. Sizzler'),
(1103, 9, 'Pineapple Sizzler'),
(1104, 3, 'Vada Pav'),
(1105, 3, 'Jain Bhel'),
(1106, 3, 'Farali Bhel'),
(1107, 3, 'Mewad Bowl'),
(1108, 9, ']'),
(1109, 9, 'Veg. Pineapple Sizzler'),
(1110, 9, 'Italian Sizzler'),
(1111, 9, 'Shashlik Sizzler'),
(1112, 9, 'Szechwan Sauce with Sizzler'),
(1113, 9, 'Oriented Sizzler (dry)'),
(1114, 9, 'Paneer Stick Sizzer'),
(1115, 9, 'Blacked Vegetable'),
(1116, 9, 'Blacked Veg. Pineapple'),
(1117, 9, 'Blacked Veg. Pineapple'),
(1118, 9, 'Blacked Veg. Macroni'),
(1119, 9, 'Blacked Pineapple Macroni'),
(1120, 9, 'Blacked  Macroni'),
(1121, 9, 'Blacked Veg. In Tomato Sauce'),
(1122, 9, 'Blacked Veg. In Szechwan Sauce'),
(1123, 9, 'Blacked Veg. & Baby Corn'),
(1124, 2, 'Veg. Sweet & Soup'),
(1125, 2, 'Veg. American Chopsey'),
(1126, 2, 'Veg. Italian Chopsey'),
(1127, 2, 'Veg. In Hot Garlic Sauce'),
(1128, 2, 'Ved. Fried Masala Noodles'),
(1129, 2, 'Veg. Hakka Noodles'),
(1130, 2, 'Veg. Szechwan Noodles'),
(1131, 2, 'Veg. Manchurian (Gravy)'),
(1132, 2, 'Paneer chilly (Gravy)'),
(1133, 2, 'Baby Corn with Chilly Sauce'),
(1134, 2, 'Veg. Fried Rice'),
(1135, 2, 'Jeera Fried Rice'),
(1136, 2, 'Veg. Szechwan Rice'),
(1137, 2, 'Veg. Combination Rice'),
(1138, 2, 'Veg. Triple Rice'),
(1139, 7, 'Sizzling Chocolate Brownie'),
(1140, 7, 'Vanilla Ice Cream'),
(1141, 7, 'Strawberry Ice Cream'),
(1142, 7, 'Chocolate Ice Cream'),
(1143, 6, 'Paper Butter'),
(1144, 6, 'cheese butter'),
(1145, 6, 'Mysore Masala'),
(1146, 6, 'Butter Masala'),
(1147, 6, 'Rava Mysore'),
(1148, 6, 'Rava Lasuniya Masala'),
(1149, 6, 'Special Uttapam'),
(1150, 6, 'Special Dosa'),
(1151, 6, 'Special Tomato Omlet Veg.'),
(1152, 1, 'Mysore'),
(1153, 6, 'Mayo Dosa'),
(1154, 2, 'Paneer Spring Roll'),
(1155, 2, 'Veg. Lolipop'),
(1156, 10, 'American Meal Veg Lunch(Unlimited Pizza, Garlic Bread,Salad,Soup & Brownie with Ice Cream),)'),
(1157, 10, 'American Meal Veg Dinner'),
(1158, 10, 'Kids American Meal Veg Dinner'),
(1159, 10, 'Kids American Meal Veg Lunch'),
(1160, 10, 'Char Ka Dum (4 Regular Veg Pizza)'),
(1161, 10, 'Hum Tum(1 Medium Pizaz,1 Portion of Garlic Bread,1Brownie& Coke)'),
(1162, 10, 'Full Khandan(1 L Pizza ,2 Portion of Garlic Bread,2 Brownie & Two Coke) )'),
(1163, 3, 'Cheese Paneer'),
(1164, 8, 'Full Gujarati Thali (4 Veg.,Dal,2Farsan,Chapati,Rice,Butter Milk,Papad,Etc) Without Sweet'),
(1165, 8, 'Full Gujarati Thali (2 Sweet,4 Veg.,Dal,2Farsan,Chapati,Rice,Butter Milk,Papad,Etc)'),
(1166, 3, 'Regular'),
(1167, 13, 'Rajwadi Lassi'),
(1168, 13, 'Packaged Drinking Water'),
(1169, 13, 'Soft Drinks'),
(1170, 3, 'Veg cheese grill'),
(1171, 13, 'Blue Lagoon /Litchi Limca'),
(1172, 13, 'Pinacola / Green Apple'),
(1173, 9, 'Backed Macroni with Pineapple'),
(1174, 9, 'Baked Vegetables'),
(1175, 2, 'Royal Soup'),
(1176, 2, 'Italian Pasta'),
(1177, 2, 'Cheese Pasta'),
(1178, 2, 'Cheese Pasta'),
(1179, 3, 'Veg. Burger'),
(1180, 3, 'Veg. cheese'),
(1181, 9, 'Classic Veg.'),
(1182, 1, 'Chinese Sizzleer'),
(1183, 10, 'Margorita'),
(1184, 1, 'Paneer Shashlik'),
(1185, 1, 'Angel Sp. Vegetable'),
(1186, 9, 'Paneer Stick'),
(1187, 1, 'Veg. Hungama'),
(1188, 2, 'Cheese Ball'),
(1189, 3, 'Food plaza grill'),
(1190, 2, 'Chinese Chilly Corn Ball'),
(1191, 2, 'Aloo Tikki Dry'),
(1192, 2, 'Baby Corn Chilly Dry'),
(1193, 2, 'Hara Bhara Kabab'),
(1194, 2, 'Paneer Tikka Dry'),
(1195, 2, 'Paneer Tikka Dry'),
(1196, 1, 'Plain & BT Roti'),
(1197, 1, 'Missi Roti'),
(1198, 1, 'Lachha Paratha'),
(1199, 1, 'Cheese/Garlic/Kashmiri Naan'),
(1200, 1, 'Stuff Paratha'),
(1201, 3, 'Masala Pav'),
(1202, 3, 'Masala VadaPav'),
(1203, 1, 'Punjabi Kadi'),
(1204, 1, 'Dhaba Dal'),
(1205, 1, 'Stuff Capsicum'),
(1206, 1, 'Alu palak'),
(1207, 3, 'Pav Bhaji (Butter)'),
(1208, 3, 'Pav Bhaji with Pulao'),
(1209, 1, 'Veg. Hyderabadi Biryani'),
(1210, 1, 'Dum fry'),
(1211, 3, 'Pav Bhaji with Pulao (Butter)'),
(1212, 3, 'Extra Pav'),
(1213, 3, 'Extra Pav (Butter)'),
(1214, 2, 'Paneer chili Dry/Gravy'),
(1215, 2, 'Paneer Manchurian Dry/Gravy'),
(1216, 2, 'Mushroom Manchurian Dry/Gravy'),
(1217, 2, 'Veg Chow Chow'),
(1218, 2, 'Veg. chowmein'),
(1219, 2, 'Mushroom Fried rice'),
(1220, 2, 'chilly Garlic Noodles'),
(1221, 3, 'Plain Maggi'),
(1222, 3, 'Butter Maggi'),
(1223, 3, 'Chees Maggi'),
(1224, 3, 'Veg Maggi'),
(1225, 1, 'Panner Chatnivala'),
(1226, 3, 'Veg Chess Maggi'),
(1227, 3, 'Chocolate Cheese Sandwich'),
(1228, 13, 'Mosambi juice'),
(1229, 13, 'Mosambi juice'),
(1230, 13, 'Pine Apple juice'),
(1231, 13, 'Pyour Mosambi juice'),
(1232, 13, 'Pyour Pineapple juice'),
(1233, 13, 'Orange Juice'),
(1234, 13, 'Chickoo shake'),
(1235, 13, 'Chickoo with Icecream shake'),
(1236, 13, 'Chickoo kaju shake'),
(1237, 13, 'Chickoo kaju with ice cream shake'),
(1238, 13, 'Sitafal shake'),
(1239, 13, 'Sitafal with ice cream shake'),
(1240, 13, 'Apple shake'),
(1241, 13, 'Apple with ice cream'),
(1242, 13, 'Gul kand shake'),
(1243, 13, 'Guikand with ice cream shake'),
(1244, 13, 'Kaju gulkand shake'),
(1245, 13, 'Kaju GUlkand with ice cream shake'),
(1246, 13, 'Sadi Lassi'),
(1247, 13, 'Lassi with Ice cream'),
(1248, 13, 'Fruit Lassi'),
(1249, 13, 'Butter scroch Lassi'),
(1250, 13, 'Chocolate Lassi'),
(1251, 13, 'Mango Lassi'),
(1252, 13, 'Pine apple Lassi'),
(1253, 13, 'Rose(gulab) Lassi'),
(1254, 13, 'Gulkand Lassi'),
(1255, 13, 'Kaju gulkand Lassi'),
(1256, 13, 'Kaju Lassi'),
(1257, 13, 'Kaju draksh shake'),
(1258, 13, 'Anjir shake'),
(1259, 13, 'Kaju anjir shake'),
(1260, 13, 'Kaju shake'),
(1261, 13, 'Kaju badam shake'),
(1262, 13, 'Badam shake'),
(1263, 13, 'Dryfruit mix shake'),
(1264, 13, 'Limbu sarbat'),
(1265, 13, 'Limbu vimto sarbat'),
(1266, 3, 'Finger Chips'),
(1267, 3, 'Butter Jam Sandwich'),
(1268, 3, 'Alou Butter Sandwich'),
(1269, 1, 'Sweet Malai Kofta'),
(1270, 9, 'Sahi sizzler'),
(1271, 3, 'Butter Cheese Chatni Sandwich'),
(1272, 3, 'Italian Grill Sandwich'),
(1273, 3, 'Italian chesses Grill Sandwich'),
(1274, 3, 'Vagharela Khaman'),
(1275, 3, 'Vagharela Patra'),
(1276, 3, 'Save Khamni'),
(1277, 3, 'Samosa'),
(1278, 3, 'Samosa tukda'),
(1279, 3, 'Khandvi'),
(1280, 3, 'Baby Idali'),
(1281, 3, 'Idali Sambhar'),
(1282, 3, 'Puff Tukda'),
(1283, 5, 'Premium vanilla'),
(1284, 5, 'Pina chips'),
(1285, 5, 'Choco'),
(1286, 5, 'Almond carnival'),
(1287, 5, 'Vanilla'),
(1288, 5, 'Fresh Mango'),
(1289, 5, 'Jelly Belly'),
(1290, 5, 'Pink Chink'),
(1291, 5, 'American dry fruit'),
(1292, 5, 'Afghan dry fruit'),
(1293, 5, 'Golden Pearl'),
(1294, 5, 'Kaju anjeer'),
(1295, 5, 'Kulfi nut'),
(1296, 5, 'Festival cup'),
(1297, 5, 'Banana chocolate'),
(1298, 5, 'Kesar Fruit'),
(1299, 5, 'Kaju halwa'),
(1300, 5, 'Kesar badam pista'),
(1301, 5, 'Dry fruit lassi'),
(1302, 5, 'Ripple funday'),
(1303, 5, 'Chocolate cyclone'),
(1304, 5, 'Fruit rocking'),
(1305, 5, 'Traditional cassata'),
(1306, 5, 'Nutty Roll Cut'),
(1307, 5, 'rajwadi matka'),
(1308, 5, 'Rajwadi matka'),
(1309, 5, 'Sweet suprise'),
(1310, 5, 'Beligian chocolate'),
(1311, 5, 'Khathiyawadi Kulfi'),
(1312, 5, 'Banarasi Kulfi'),
(1313, 5, 'Snadwich ice cream'),
(1314, 5, 'Cookies ice cream sandwich'),
(1315, 5, 'Golden fantasy pastry'),
(1316, 5, 'Italian Cake'),
(1317, 5, 'Black forest'),
(1318, 5, 'Golden fantasy'),
(1319, 5, 'Australian Cookies'),
(1320, 5, 'Australian Cookies'),
(1321, 5, 'Bon bon'),
(1322, 5, 'Lolly polly'),
(1323, 5, 'Mega bit'),
(1324, 5, 'Geera masala'),
(1325, 5, 'Kachi kari'),
(1326, 5, 'Kala Khatta'),
(1327, 5, 'Orange Bar'),
(1328, 5, 'Lemon Chew'),
(1329, 5, 'Chatpati imli'),
(1330, 5, 'Blue Lagoon(Double)'),
(1331, 5, 'Chat Patta Aam(Double)'),
(1332, 5, 'Mango Dolly'),
(1333, 5, 'Rosebarry Dolly'),
(1334, 5, 'Junior chocobar'),
(1335, 5, 'Cream chocobar'),
(1336, 5, 'Classic Chocobar'),
(1337, 5, 'Best Chocobar'),
(1338, 5, 'Mini Mega Bite'),
(1339, 5, 'Pann Pasand'),
(1340, 5, 'Masti Chowpati'),
(1341, 5, 'Pose Masti'),
(1342, 5, 'Rose masti'),
(1343, 5, 'Chicku Candy'),
(1344, 5, 'Coconut candy'),
(1345, 5, 'Fresh fruit'),
(1346, 5, 'Sahi Anjeer'),
(1347, 5, 'Pina chink'),
(1348, 5, 'Tutti frutti'),
(1349, 5, 'Orange masti'),
(1350, 5, 'Kaju mango'),
(1351, 5, 'Black currant'),
(1352, 5, 'Fruit bonanza'),
(1353, 5, 'Cashew treat'),
(1354, 5, 'Sisc cone'),
(1355, 5, 'Disc cone'),
(1356, 5, 'Choco vanilla'),
(1357, 5, 'Choco vanilla'),
(1358, 5, 'Cappucino'),
(1359, 5, 'Pista'),
(1360, 5, 'Pista'),
(1361, 5, 'kesar'),
(1362, 5, 'Rainbow'),
(1363, 5, 'french vanilla'),
(1364, 5, 'zig zig'),
(1365, 5, 'Dream Magic'),
(1366, 3, 'Chesses Puff tukda'),
(1367, 5, 'Ripple Special'),
(1368, 5, 'Jeera Masala'),
(1369, 5, 'Kachi Keri'),
(1370, 5, 'Rajwadi'),
(1371, 5, 'festival'),
(1372, 5, 'Frutozzz'),
(1373, 5, 'Kesar'),
(1374, 5, 'Kathiyawadi kulfi'),
(1375, 5, 'Kesar Kaju'),
(1376, 5, 'Kesar Gulkand'),
(1377, 7, 'Choco Everyday'),
(1378, 7, 'Black Current'),
(1379, 7, 'Cassatta'),
(1380, 7, 'Chocolate Swiss Roll'),
(1381, 7, 'Fruit And Berry'),
(1382, 7, 'Chocolate Caremal'),
(1383, 7, 'Chocolate Chips'),
(1384, 7, 'Swiss Truffle'),
(1385, 7, 'Seasonal Fruit'),
(1386, 7, 'Red Velvet'),
(1387, 7, 'Chocolate Celebration Cake'),
(1388, 7, 'Chocolate Overload Cake'),
(1389, 7, 'Chocolate Excess'),
(1390, 7, 'Cuban Crunchy'),
(1391, 7, 'Dry Fruit Vase'),
(1392, 3, 'Club Grilled Sandwich'),
(1393, 10, 'Italiano Pizza'),
(1394, 10, 'Delight Veg. Pizza'),
(1395, 10, 'Fresh Veg. Pizza'),
(1396, 3, 'Delhi Chat'),
(1397, 1, 'Veg. Hyderabadi'),
(1398, 1, 'Apple (With Ice Cream)'),
(1399, 7, 'black forest'),
(1400, 7, 'black forest'),
(1401, 7, 'Tea'),
(1402, 7, 'Hot Milk Sweet'),
(1403, 13, 'Soft Drinks (200 ML)'),
(1404, 7, 'Gulab Jamun'),
(1405, 7, 'Gulab Jamoon'),
(1406, 7, 'Milk Shake'),
(1407, 7, 'Milk Shake With Ice Cream'),
(1408, 13, 'Jaljeera Soda'),
(1409, 13, 'Fresh Lime Water'),
(1410, 13, 'Fresh Lime Soda'),
(1411, 13, 'Branded Water Bottle'),
(1412, 13, 'Branded Soda'),
(1413, 3, 'Onion Pakoda'),
(1414, 3, 'Paneer Pakoda'),
(1415, 3, 'cheese Pakoda'),
(1416, 3, 'Mix. Veg. Bhajiya'),
(1417, 3, 'Veg. Cutlets'),
(1418, 3, 'French Fries'),
(1419, 10, 'Tomato Cheese Pizza'),
(1420, 10, 'Tomato Capsi Cheese Pizza'),
(1421, 10, 'Mushroom Cheese Pizza'),
(1422, 10, 'Baby Corn Pizza'),
(1423, 3, 'Garlic Toast'),
(1424, 3, 'Cheese Chili Toast'),
(1425, 1, 'Tawa Pulav'),
(1426, 5, 'Brownie with ice cream'),
(1427, 1, 'Plain Kulcha'),
(1428, 13, 'Soft Drinks 750ml'),
(1429, 3, 'Cheese Pav Bhaji'),
(1430, 1, 'Dal Masala Khichadi'),
(1431, 2, 'Cream Of Veg Soup'),
(1432, 2, 'Minestrone Soup'),
(1433, 2, 'Asian Green Soup'),
(1434, 3, 'bombay bhel'),
(1435, 2, 'Cheese Corn Tomato Soup'),
(1436, 10, 'Margherita, Hot & Spicy, Italian special, Tandoori Paneer'),
(1437, 2, 'Lasuni Paneer Tikka'),
(1438, 10, 'Pasta or Noodles. Pizza Point Special, Cheese Garlic Bread, Green House Panini'),
(1439, 3, 'Bombay sevpuri'),
(1440, 3, 'Bombay sevpuri Cheese'),
(1441, 2, 'Dragon Paneer'),
(1442, 2, 'Veg. Chowmein'),
(1443, 2, 'American Chopsey'),
(1444, 2, 'Baby Corn Crispy'),
(1445, 10, 'Green House Panini, Spicy veg. pizza(small), Cheese Garlic Bread'),
(1446, 2, 'Gobi Manchurian'),
(1447, 2, 'Baby Corn Mashroom Chilly'),
(1448, 3, 'Punjabi Samosa'),
(1449, 3, 'Samosa Pav Butter'),
(1450, 3, 'cheese ButterSamosa pav'),
(1451, 3, 'French fries with peri peri'),
(1452, 3, 'Cheese French fries with peri peri'),
(1453, 3, 'Cheese Mayo Burger'),
(1454, 3, 'cheesy Maharaja Burger'),
(1455, 3, 'Mexican Burger'),
(1456, 3, 'Paneer Burger'),
(1457, 3, 'Italian pasta Burger'),
(1458, 3, 'Spanish Burger'),
(1459, 2, 'Mashroom Chilly'),
(1460, 2, 'Veg. Bullet'),
(1461, 2, 'Veg. Gold Coin'),
(1462, 3, 'Aloo Chana Chat'),
(1463, 3, 'Cheese Garlic Bread'),
(1464, 3, 'Chana Chaat'),
(1465, 3, 'Supreme GarlicBread'),
(1466, 3, 'Exotic Cheese Garlic Bread'),
(1467, 3, 'Peanut Chat'),
(1468, 1, 'Veg. Raita'),
(1469, 1, 'Mix Fruit Raita'),
(1470, 1, 'Cucumber Raita'),
(1471, 10, 'Fresh Veg Pizza'),
(1472, 10, 'Veg Spicy Pizza'),
(1473, 1, 'Cheese Masala Papad'),
(1474, 10, 'Tandoori Paneer Pizza'),
(1475, 10, 'Veg Macroni Pizza'),
(1476, 1, 'Plain curd'),
(1477, 10, 'Deluxe Veg Pizza'),
(1478, 12, 'Pasta Bean Salad'),
(1479, 5, 'Mahabaleshwer Strawberry'),
(1480, 9, 'Baked Cheese Marconi'),
(1481, 9, 'Baked Cheese Spaghetti'),
(1482, 9, 'Baked veg. With Pineapple'),
(1483, 10, 'Veg Paradise'),
(1484, 5, 'Cofffee'),
(1485, 10, 'Gourmet Delight Pizza'),
(1486, 10, 'Veg Delight Pizza'),
(1487, 10, 'Paneer Veg Delight Pizza'),
(1488, 10, 'Mexican Delight Pizza'),
(1489, 10, 'Classic Pasta Delight Pizza'),
(1490, 5, 'Cofffee'),
(1491, 9, 'Angel Sp. Sizzler'),
(1492, 5, 'kesar malti'),
(1493, 5, 'Taj Mahal'),
(1494, 5, 'Real Rusbery'),
(1495, 5, 'Real raspberry'),
(1496, 5, 'Rajwadi'),
(1497, 8, 'Gujarati Mini Thali (2 Veg. ,6 Roti , 1 Sweet ,1Farsan , Dal, Rice, Chaas , Papad,  Salad)'),
(1498, 5, 'Chocolate Blast'),
(1499, 1, 'Punjabi Thali(1 veg,1 paneer,2 Tandoori Roti,1 dalfry-jirarice,1 sweet,1 Buttermilk,1 papad,1 Salad)(Available 7 to 10 night)'),
(1500, 3, 'Peri Peri Club Grill'),
(1501, 3, 'Mexican Club Grill'),
(1502, 3, 'Veg Pasta Club Grill'),
(1503, 2, 'Szechwan'),
(1504, 8, 'Rajwadi Undhiyu'),
(1505, 8, 'Rajwadi Dhokli'),
(1506, 8, 'Bherala Ringna'),
(1507, 8, 'Ringla no Oro (Seasonal)'),
(1508, 8, 'Lasaniya Bateta / Suki Bhaji'),
(1509, 8, 'Sev Tameta'),
(1510, 8, 'Veg. Lily Methi Papad'),
(1511, 8, 'Dahi Tikhari'),
(1512, 8, 'Vagharalo Rotlo'),
(1513, 8, 'Vagharali Khichadi'),
(1514, 8, 'Plain Khichadi'),
(1515, 8, 'Sp. Ghee Khichadi'),
(1516, 8, 'Kadhi'),
(1517, 8, 'Ghee Gud Churmu Rotalo'),
(1518, 8, 'Bhakhari'),
(1519, 8, 'Fulka Roti'),
(1520, 8, 'Bajara no Rotlo'),
(1521, 8, 'Tawa Paratha'),
(1522, 8, 'Methi Thepla'),
(1523, 7, 'Rasugulla (4 pcs)'),
(1524, 7, 'Gulab Jamun (6 pcs)'),
(1525, 2, 'Veg. Sweet & Sour'),
(1526, 9, 'Backed Vegetables'),
(1527, 5, 'Pista Green'),
(1528, 9, 'Backed Veg. Pineapple'),
(1529, 5, 'Roasted almond'),
(1530, 9, 'Backed Veg. In Tomato Sauce'),
(1531, 5, 'Dry fruit khajana'),
(1532, 5, 'Special Gulab'),
(1533, 9, 'Backed Veg. In Szehwan Sauce'),
(1534, 9, 'Backed Veg. & Baby Corn'),
(1535, 5, 'Sunday K Funday'),
(1536, 9, 'Backed Macroni'),
(1537, 1, 'Double Sunday'),
(1538, 5, 'Choco Sunday'),
(1539, 5, 'Roll cut'),
(1540, 5, 'special cassata'),
(1541, 5, 'Mini cone'),
(1542, 5, 'Chocolate trip'),
(1543, 5, 'Mango Masti'),
(1544, 5, 'mini chocobar'),
(1545, 5, 'Mini Chopati'),
(1546, 5, 'Special vanilla bar'),
(1547, 5, 'raspberry dolly'),
(1548, 5, 'Mawa malai'),
(1549, 5, 'special kaju candy'),
(1550, 5, 'Anjeer kaju candy'),
(1551, 5, 'Rajwadi Chopati'),
(1552, 5, 'Funstick'),
(1553, 5, 'Dry fruit faluda'),
(1554, 5, 'special strawberry faluda'),
(1555, 5, 'rajbhog dryfruit faluda'),
(1556, 5, 'choco chips faluda'),
(1557, 5, 'chocochips faluda'),
(1558, 5, 'special gopal faluda'),
(1559, 5, 'Mango'),
(1560, 5, 'Rose'),
(1561, 5, 'Chocolate'),
(1562, 5, 'Kesar elaichi'),
(1563, 5, 'variyali'),
(1564, 5, 'Limbu Sarbat'),
(1565, 13, 'vimto'),
(1566, 5, 'Gulkand kaju'),
(1567, 5, 'Kaju Badam'),
(1568, 5, 'pista anjeer'),
(1569, 5, 'All Dryfruit'),
(1570, 5, 'Bombita'),
(1571, 5, 'Oreo'),
(1572, 5, 'Kitkate'),
(1573, 5, 'Mosambi'),
(1574, 5, 'Ganga Jamuna'),
(1575, 5, 'Ganna Jamuna Sarasvati'),
(1576, 5, 'Malt cocktail'),
(1577, 5, 'kesar lassi'),
(1578, 5, 'Chocolate chikku Kaju'),
(1579, 5, 'Kesar pista badam'),
(1580, 5, 'strawberry lassi'),
(1581, 5, 'dryfruit lassi'),
(1582, 5, 'Chikku'),
(1583, 5, 'Appple'),
(1584, 5, 'strawberry classic'),
(1585, 7, 'Chocolate pastry'),
(1586, 5, 'Chocolate pastry'),
(1587, 5, 'Dryfruit khajana'),
(1588, 5, 'special gopal'),
(1589, 5, 'creme vanille'),
(1590, 5, 'fresh dryfruit'),
(1591, 5, 'Real Mango'),
(1592, 5, 'Funny Butter cone'),
(1593, 5, 'Rose'),
(1594, 13, 'pineapple'),
(1595, 5, 'Bonbita'),
(1596, 5, 'chocolate chips kaju'),
(1597, 3, 'Samosa Sandwich'),
(1598, 3, 'Cheese Samosa Sandwich'),
(1599, 3, 'Chocolate And Cheese Sandwich'),
(1600, 3, 'Extra Cheese'),
(1601, 3, 'Veg Sandwich Grill'),
(1602, 3, 'Cheese Chilly Sandwich Grill'),
(1603, 3, 'Samosa Sandwich Grill'),
(1604, 3, 'Cheese Samosa Sandwich Grill'),
(1605, 3, 'Red Hot Sandwich Grill'),
(1606, 3, 'Lazziz Panner Sandwich Grill'),
(1607, 3, 'Cheese Chilly Corn Sandwich Grill'),
(1608, 3, 'Corn Capsicum Sandwich Grill'),
(1609, 3, 'Veg Supreme sandwich Grill'),
(1610, 3, 'Extra Cheese'),
(1611, 5, 'Strawberry Classic'),
(1612, 3, 'Veg Cheese Sandwich Grill'),
(1613, 3, 'Veg Club Grill'),
(1614, 3, 'Khaman'),
(1615, 3, 'Plain patra'),
(1616, 3, 'Sandwich  Dhokda'),
(1617, 5, 'roasted cashew'),
(1618, 5, 'roasted cashew'),
(1619, 5, 'Pineapple Pub'),
(1620, 5, 'Pineapple Pun'),
(1621, 5, 'Mango Tango'),
(1622, 5, 'Strawberry Lady'),
(1623, 5, 'Mango Strawberry'),
(1624, 5, 'Giant Green Apple'),
(1625, 5, 'Loveble Lichee'),
(1626, 5, 'Purple Jamun'),
(1627, 5, 'Berry Land'),
(1628, 5, 'Mango Madness'),
(1629, 5, 'Lichti Berry'),
(1630, 5, 'Crunchy Munchy'),
(1631, 5, 'Mr. Coffee'),
(1632, 5, 'Chocoholics'),
(1633, 5, 'Oreo Shot\\'),
(1634, 5, 'Oreo Shot'),
(1635, 5, 'Magical Milano'),
(1636, 5, 'Chocoholics'),
(1637, 5, 'Coffee N Toffee (Almond)'),
(1638, 5, 'DairyMilk'),
(1639, 5, 'Dark Fantasy'),
(1640, 5, 'Red Welvet'),
(1641, 5, 'Naughty Nuttela'),
(1642, 5, 'Coffee N Brownie'),
(1643, 5, 'Brownie Break'),
(1644, 5, 'Black Valentine'),
(1645, 5, 'La-Ferrero Rocher'),
(1646, 3, 'Vankey Vanilla'),
(1647, 5, 'Tutti Fruiti Tringle'),
(1648, 5, 'Real Butterscotch'),
(1649, 5, 'Jelly Belly'),
(1650, 5, 'Pan E Bahar'),
(1651, 5, 'Gulab Masti'),
(1652, 5, 'Kesar Pista'),
(1653, 5, 'Rowdy Rajbhog'),
(1654, 5, 'Anjeer Kaju Badam'),
(1655, 5, 'Nutty  Mango'),
(1656, 5, 'Afghan Meva'),
(1657, 5, 'Nutty Chocolate'),
(1658, 16, 'chicken sada'),
(1659, 5, 'Walnut Carnival'),
(1660, 5, 'Rajwadi Thabdi'),
(1661, 5, 'Gulab jamun'),
(1662, 5, 'Kaju katri'),
(1663, 5, 'Royal Rasmalai'),
(1665, 5, 'Cheese Mango'),
(1666, 8, 'Gujarati group thali(2 shak, 6 roti,1 frasan,2 sweet,1 papad,1 chaas,1 dal-bhat,1 salad)(5 Thali mini. order)'),
(1667, 5, 'Cheese Pineapple'),
(1668, 5, 'Cheese Strawberry'),
(1669, 5, 'Cheese chocolate'),
(1670, 5, 'Make Your Own'),
(1671, 7, 'Plain Chocolate Milkshake'),
(1672, 7, 'Chocolate Chips Milkshake'),
(1673, 7, 'Dairy Milk Milkshake'),
(1674, 1, 'Panjabi group Thali(2 shak, 2 roti-tandoori,1 papad,1 sweet,1 salad,1 jira raic-dalfry,1 butter milk)(5 mini order)'),
(1675, 7, 'Kitkat Chocolate Milkshake'),
(1676, 7, 'Cookies Cream Milkshake'),
(1677, 7, 'Kaju Chocolate Milkshake'),
(1678, 7, 'Choco Brownie Milkshake'),
(1679, 7, 'Choco Almond Milkshake'),
(1680, 7, 'Choco Almond Milkshake'),
(1681, 7, 'Nutty Chocolate Milkshake'),
(1682, 7, 'Mix Chocolate Milkshake'),
(1683, 7, 'Mango Milkshake'),
(1684, 7, 'Pineapple Milkshake'),
(1685, 7, 'Strawberry Milkshake'),
(1686, 7, 'Bery Bery Milkshake'),
(1687, 7, 'Nutty Mango Milkshake'),
(1688, 16, 'mutton masala'),
(1689, 7, 'Black Current Milkshake');
INSERT INTO `menu` (`m_id`, `c_id`, `name`) VALUES
(1690, 7, 'Green Apple Milkshake'),
(1691, 16, 'Soya Chapp'),
(1692, 16, 'kalayji masala'),
(1693, 16, 'mutton kheema masala'),
(1694, 3, 'Hariyali burger'),
(1695, 3, 'Chinese Burger'),
(1696, 3, 'Tandoori Burger'),
(1697, 3, 'Nuggets Burger'),
(1698, 16, 'Egg Omlet Masala'),
(1699, 16, '(non veg )plain rice'),
(1700, 16, '(non veg)jeera rice'),
(1701, 16, '(non veg)wheat roti'),
(1702, 16, '(non veg) bajra no rotlo'),
(1703, 16, '(non veg ) papad'),
(1704, 16, '(non veg)chass'),
(1705, 16, 'chicken green'),
(1706, 16, 'Egg Masala rice'),
(1707, 16, 'Egg Khemo'),
(1708, 13, 'gulkand shake'),
(1709, 3, 'Cheese Boll Half(5 piece)'),
(1710, 3, 'Cheese Boll Full(10 piece)'),
(1711, 16, 'mutton Nanu'),
(1712, 16, 'mutton Green'),
(1713, 16, 'mutton Chaap Masala'),
(1714, 16, 'mutton fry'),
(1715, 16, 'mutton kaleji'),
(1716, 16, 'mutton keema'),
(1717, 16, 'mutton Soup'),
(1718, 16, 'Mutton Soup'),
(1719, 16, '(non veg)bajara butter'),
(1720, 8, 'Kathiyavadi Sabji'),
(1721, 8, 'Special Kaju Ganthiya'),
(1722, 8, 'Sukibhaji (Farali)'),
(1723, 8, 'Vagharelo Rotlo'),
(1724, 8, 'Dahi Tikhari'),
(1725, 8, 'Swami. Roti'),
(1726, 8, 'Parotha'),
(1727, 8, 'Dal-rice'),
(1728, 8, 'Dal'),
(1729, 8, 'Khichidi-kadhi'),
(1730, 8, 'Kadhi'),
(1731, 8, 'khichdi'),
(1732, 8, 'Vagharela khichdi'),
(1733, 7, 'Dahi'),
(1734, 8, 'Dahi Gholva'),
(1735, 8, 'Sweet Lassi'),
(1736, 10, 'Panner butter'),
(1737, 1, 'Paneer kolhapuri'),
(1738, 1, 'Panner bhurji'),
(1739, 1, 'Panner patiyala'),
(1740, 8, 'Bakhri'),
(1741, 8, 'masala chass'),
(1742, 8, 'churma na ladu'),
(1743, 2, 'tomato sup'),
(1744, 8, 'fruit salad'),
(1745, 8, 'Shrikhand'),
(1746, 8, 'Keri no ras'),
(1747, 8, 'Jaggery'),
(1748, 3, 'Garma Garam Toast'),
(1749, 3, 'Butter Toast'),
(1750, 3, 'Cheese Toast'),
(1751, 3, 'Butter Cheese Toast'),
(1752, 3, 'Kachi Sandwich'),
(1753, 3, 'Butter sandwich'),
(1754, 3, 'Jam sandwich'),
(1755, 3, 'Butter Bread'),
(1756, 3, 'Jam Bread'),
(1757, 3, 'Butter Cheese Bread'),
(1758, 3, 'Jam Cheese Bread'),
(1759, 3, 'Jam Butter Bread'),
(1760, 3, 'Bombay cheese Sevpuri'),
(1761, 7, 'Bournvita Milkshake'),
(1762, 7, 'Chikoo Chocolate milkshake'),
(1763, 5, 'Chikoo Chocolate'),
(1764, 3, 'Kutchi Bowl'),
(1765, 3, 'Swami Kutchi Bowl'),
(1766, 3, 'Mayonnaise Dabeli'),
(1767, 3, 'Chatni'),
(1768, 3, 'Vegetable'),
(1769, 3, 'Aaloo Veg.'),
(1770, 3, 'Chocolate'),
(1771, 3, 'Chocolate Veg.'),
(1772, 3, 'Cheese Veg.'),
(1773, 3, 'Cheese'),
(1774, 3, 'Cheese Chatni'),
(1775, 3, 'Cheese Alaloo'),
(1776, 3, 'Regular vada pav'),
(1777, 3, 'Mayonnaise Vada Pav'),
(1778, 3, 'Mayo pav'),
(1779, 3, 'Batakavada'),
(1780, 3, 'Veg grill'),
(1781, 3, 'Special bhe'),
(1782, 3, 'Special bhel'),
(1783, 3, 'Jain Cheese Bhel'),
(1784, 3, 'Regular burger'),
(1785, 1, 'Cheese burger'),
(1786, 3, 'Cheese burger'),
(1787, 3, 'Butter Maskabun'),
(1788, 3, 'Butter Jam Maskabun'),
(1789, 3, 'Chocolate Maskabun'),
(1790, 3, 'Cheese Maskabun'),
(1791, 3, 'Cheese Jam Maskabun'),
(1792, 3, 'Maggie'),
(1793, 1, 'Plain Naan'),
(1794, 1, 'Aloo Gobi,Paneer Paratha'),
(1795, 2, 'Soyabean Chilli Dry/Gravy'),
(1796, 2, 'Banana Chilli Dry/Gravy'),
(1797, 2, 'Paneer 65 Dry'),
(1798, 2, 'Vegetable 65 Dry'),
(1799, 2, 'Singipuri Noodles'),
(1800, 3, 'Mix Bhajiya'),
(1801, 3, 'Bread Pakoda'),
(1802, 5, 'Chickoo Chanda'),
(1803, 5, 'Coconut Crush'),
(1804, 5, 'Monkey Bussiness'),
(1805, 5, 'Banana Strawberry'),
(1806, 1, 'Banana Strawberry'),
(1807, 5, 'Mango Strawberry'),
(1808, 5, 'chatpata guava'),
(1809, 5, 'kiwi crowd'),
(1810, 5, 'Chickoo Chocolate Milkshake'),
(1811, 7, 'kitkate milkshake'),
(1812, 3, 'Plain Salted'),
(1813, 3, 'Peri Peri'),
(1814, 3, 'Lemon chatka'),
(1815, 3, 'Salsa Cheese'),
(1816, 3, 'Mayo Garlic Chilli'),
(1817, 3, 'Schezwan Cheese'),
(1818, 3, 'Lemon garlic'),
(1819, 3, 'Tandoori Mayo'),
(1820, 5, 'Garlic Mayo Schezwan'),
(1821, 3, 'Double Cheese'),
(1822, 3, 'Tandoori chees'),
(1823, 3, 'Periperi Double'),
(1824, 3, 'Periperi Double Cheese'),
(1825, 3, 'Tandoori Chilli Cheese'),
(1826, 10, 'Garlic Bread (3 Piece)'),
(1827, 10, 'Tippy (3 piece)'),
(1828, 7, 'Anjeer Kaju Badam'),
(1829, 7, 'Royal Rajbhog'),
(1830, 7, 'Kaju Mango'),
(1831, 7, 'Kesar Kaju'),
(1832, 7, 'Kesar Pista'),
(1833, 7, 'Kaju Gulkand'),
(1834, 7, 'Kaju Badam'),
(1835, 7, 'Pan E Bahar'),
(1836, 7, 'Coffee Mocha'),
(1837, 7, 'Nutty Nutty Futi'),
(1838, 7, 'Gulkand Rose'),
(1839, 7, 'Jamun Shot'),
(1840, 3, 'Chilli Garlic Potato'),
(1841, 3, 'Coleslaw(Jain)'),
(1842, 3, 'cheese chilli cab'),
(1843, 3, 'chinesse madness'),
(1844, 3, 'Panne pasta'),
(1845, 3, 'corn spinach'),
(1846, 3, 'Panch of paneer'),
(1847, 3, 'Minty Morning'),
(1848, 3, 'Chatpata paneer'),
(1849, 3, 'Corn Country'),
(1850, 3, 'Jalepano Cheese'),
(1851, 3, 'Tandoori veggi'),
(1852, 3, 'Corn Capsicum'),
(1853, 3, 'Maxican'),
(1854, 7, 'Gulabi Rose'),
(1855, 7, 'pineapple.'),
(1856, 7, 'Green Apple'),
(1857, 7, 'Strawberry.'),
(1858, 7, 'Kiwi'),
(1859, 7, 'Jerky Jamun'),
(1860, 7, 'plain chocolate'),
(1861, 7, 'Kaju Chocolate'),
(1862, 7, 'Cookies'),
(1863, 7, 'Cookies Cream'),
(1864, 7, 'Bournvita'),
(1865, 7, 'Choco Almond'),
(1866, 7, 'Mix Chocolate'),
(1867, 7, 'Berry Berry'),
(1868, 7, 'Nutty Mango'),
(1869, 7, 'Chickoo'),
(1870, 13, 'Butter Milk Plain / Masala'),
(1871, 3, 'Butter Slice'),
(1872, 3, 'Butter Jam Slice'),
(1873, 3, 'Sing Sev Slice'),
(1874, 3, 'Chocolate Slice'),
(1875, 3, 'Cheese Slice'),
(1876, 3, 'Cheese Jam Slice'),
(1877, 3, 'Cheese Chocolate Slice'),
(1878, 7, 'Vanilla Royal'),
(1879, 7, 'Lychee (without ice cream)'),
(1880, 7, 'Kids Carnival'),
(1881, 7, 'Almond Carnival'),
(1882, 7, 'Coffee'),
(1883, 7, 'Choco Pie'),
(1884, 7, 'Kaju Chocolate'),
(1885, 7, 'Oreo Crunch'),
(1886, 7, 'Browine Crunch'),
(1887, 7, 'Browine Kitkate'),
(1888, 7, 'Oreo Browine'),
(1889, 7, 'Nutella'),
(1890, 7, 'Ferrero Roucher'),
(1891, 8, 'Lilotri sabji'),
(1892, 8, 'kathol sabji'),
(1893, 8, 'batata sabji'),
(1894, 8, 'paneer sabji'),
(1895, 8, 'Dal Rice'),
(1896, 8, 'Sudh Ghee-Gol'),
(1897, 8, 'Makai Roti'),
(1898, 8, 'Methi na thepla'),
(1899, 8, 'Aloo Paratha'),
(1900, 8, 'Basundi'),
(1901, 8, 'Angoor rabdi'),
(1902, 8, 'Hot elaichi milk'),
(1903, 3, 'cheese kachhi kadak'),
(1904, 7, 'Choco pastry Cake'),
(1905, 16, 'Machi Green'),
(1906, 16, 'Mutton korma'),
(1907, 3, 'Veg. Puff'),
(1908, 1, 'peas pulao'),
(1909, 2, 'Paneer Crispy(Dry)'),
(1910, 2, 'Singipuri Fried Rice'),
(1911, 2, 'Veg Manchurian Noodkes'),
(1912, 9, 'Cottage Stick'),
(1913, 1, 'Special Pulav'),
(1914, 2, 'Hot N Sour Soup'),
(1915, 2, 'Tomato'),
(1916, 8, 'Kathiyawadi dhokli'),
(1917, 8, 'Rajvadi Undhiyu'),
(1918, 8, 'Plain Paratha'),
(1919, 8, 'Plain Paratha.'),
(1920, 1, 'Plain Rice.'),
(1921, 8, 'Veg Sabji, Bateta NI sabji, Kathod Sabji, 6 Rolti, Dal Bhat, Papad, Salad, Chas'),
(1922, 3, 'Paneer Tikka (Burger).'),
(1923, 1, 'Chhole Puri.'),
(1924, 3, 'Butter Masala.'),
(1925, 3, 'Cheese Chilli garlic'),
(1926, 3, 'Chocolate.'),
(1927, 1, 'Suki Bhaji.'),
(1928, 1, 'Jeera Rice.'),
(1929, 1, 'Fry Papad.'),
(1930, 1, 'Roasted Papad.'),
(1931, 6, 'suki bhaji'),
(1932, 7, 'Jeera Khari'),
(1933, 7, 'Milk Toast'),
(1934, 7, 'Baby Toast'),
(1935, 7, 'Tal Toast'),
(1936, 7, 'Cake Toast'),
(1937, 7, 'Cookies Kaju (nankhatai)'),
(1938, 7, 'Tal(nankhatai)'),
(1939, 7, 'Coconut (nankhatai)'),
(1940, 7, 'Bhaji Na Pav'),
(1941, 7, 'Dabeli Na Pav (Jumbo)'),
(1942, 7, 'Bread'),
(1943, 7, 'Cake Pasty'),
(1944, 7, 'Black Forest (Cake)'),
(1945, 7, 'White Forest (Cake)'),
(1946, 7, 'strawberry Forest(Cake)'),
(1947, 7, 'Pineapple Forest(Cake)'),
(1948, 7, 'Blue Berry Forest (Cake)'),
(1949, 3, 'cholafali'),
(1950, 8, 'Special Thali(1- Sweet, 2-Sabji, 3-Rotli, 1-Farsan,Sambharo,Papad,Dal-bhat,Butter Milk))'),
(1951, 8, 'Fix Thali (2-Sabji, 2-Roti, Dal-Bhat,Papad,Butter-Milk,Sambharo)'),
(1952, 8, 'Sp Undhiyu'),
(1953, 8, 'Sp. Ladu'),
(1954, 8, 'Kathol Sabji'),
(1955, 3, 'Shreeji Bhakharvadi'),
(1956, 3, 'Bhakharvadi'),
(1957, 3, 'Mendu Vada'),
(1958, 18, 'Rajbhog Candy'),
(1959, 18, 'Premium Chocobar'),
(1960, 18, 'Premium Mango Dolly'),
(1961, 18, 'Frostick'),
(1962, 18, 'Khushboo Kaju Nutty'),
(1963, 18, 'Sp. Khushboo Kulfi'),
(1964, 18, 'Rajbhog Candy'),
(1965, 19, 'Butterscotch'),
(1966, 19, 'Two in One'),
(1967, 19, 'Pista Cone'),
(1968, 19, 'Premium Chocolate'),
(1969, 19, 'Dream Cone'),
(1970, 20, 'Kaju'),
(1971, 20, 'Kaju Nutty'),
(1972, 21, 'Kesar Badam'),
(1973, 21, 'Mava badam'),
(1974, 21, 'Kulfi Nuts');

-- --------------------------------------------------------

--
-- Table structure for table `order_detail`
--

CREATE TABLE `order_detail` (
  `od_id` int(11) NOT NULL,
  `o_id` int(11) NOT NULL,
  `hm_id` int(11) NOT NULL,
  `qty` int(11) NOT NULL,
  `price` int(11) NOT NULL,
  `sell_price` int(11) NOT NULL
) ENGINE=InnoDB DEFAULT CHARSET=latin1;

--
-- Dumping data for table `order_detail`
--

INSERT INTO `order_detail` (`od_id`, `o_id`, `hm_id`, `qty`, `price`, `sell_price`) VALUES
(1, 1, 2341, 1, 125, 125),
(2, 2, 404, 1, 175, 175),
(3, 3, 404, 1, 175, 175),
(4, 4, 404, 1, 175, 175),
(5, 5, 1263, 1, 190, 190),
(6, 6, 732, 4, 25, 25),
(7, 7, 345, 1, 110, 110),
(8, 7, 347, 1, 110, 110),
(9, 8, 2373, 1, 100, 100),
(10, 8, 2374, 1, 105, 105),
(11, 8, 2375, 1, 125, 125),
(12, 8, 2376, 1, 130, 130),
(13, 8, 2377, 1, 110, 110),
(14, 8, 2378, 1, 80, 80),
(15, 9, 1132, 1, 150, 150),
(16, 9, 1137, 1, 150, 150),
(17, 9, 1140, 1, 150, 150),
(18, 9, 1143, 1, 150, 150),
(19, 9, 1147, 1, 170, 170),
(20, 10, 2810, 1, 350, 350),
(21, 11, 404, 1, 175, 175),
(22, 11, 405, 2, 160, 160),
(23, 11, 406, 1, 150, 150),
(24, 11, 407, 1, 145, 145),
(25, 12, 1901, 1, 30, 30),
(26, 12, 1939, 1, 50, 50),
(27, 12, 2703, 1, 100, 100),
(28, 12, 2704, 1, 100, 100),
(29, 12, 2705, 1, 110, 110),
(30, 13, 239, 1, 245, 270),
(31, 14, 404, 1, 175, 175),
(32, 15, 2713, 1, 25, 25),
(33, 15, 2714, 1, 35, 35),
(34, 15, 2722, 5, 5, 5),
(35, 15, 2728, 1, 15, 15),
(37, 16, 404, 1, 175, 175),
(38, 16, 405, 1, 160, 160),
(39, 16, 406, 0, 150, 150),
(40, 17, 1135, 1, 110, 110),
(41, 17, 1711, 1, 65, 65),
(42, 18, 1960, 1, 99, 99),
(43, 19, 2, 1, 90, 90),
(44, 19, 12, 1, 18, 18),
(45, 19, 76, 1, 15, 15),
(46, 20, 154, 2, 120, 120),
(47, 20, 164, 0, 90, 90),
(48, 20, 201, 1, 50, 50),
(49, 20, 795, 1, 150, 150),
(53, 22, 2373, 1, 100, 100),
(54, 22, 2374, 0, 105, 105),
(55, 22, 2375, 1, 125, 125),
(56, 23, 990, 1, 150, 150),
(57, 24, 988, 0, 120, 120),
(58, 24, 990, 1, 150, 150),
(59, 25, 990, 1, 150, 150),
(60, 25, 998, 0, 80, 80),
(61, 26, 1960, 2, 99, 99),
(62, 27, 1262, 0, 160, 160),
(63, 27, 1264, 1, 150, 150),
(64, 27, 1266, 1, 180, 180),
(65, 28, 1700, 1, 65, 65),
(66, 28, 1964, 1, 150, 150),
(67, 28, 1995, 1, 60, 60),
(68, 29, 2521, 1, 140, 140),
(69, 30, 2806, 5, 20, 20),
(70, 31, 921, 1, 200, 200),
(71, 32, 2421, 1, 65, 65),
(72, 32, 2539, 1, 60, 60),
(73, 33, 2521, 1, 140, 140),
(74, 33, 2650, 1, 30, 30),
(75, 34, 11, 8, 8, 8),
(76, 34, 2805, 1, 40, 40),
(77, 35, 248, 1, 200, 200),
(81, 38, 248, 1, 200, 200),
(82, 39, 317, 1, 85, 85),
(83, 39, 332, 1, 95, 95),
(84, 40, 2201, 1, 150, 150),
(85, 41, 1262, 1, 160, 160),
(86, 42, 317, 1, 85, 85),
(87, 42, 332, 1, 95, 95),
(88, 43, 2701, 2, 90, 90),
(89, 44, 2415, 1, 60, 60),
(90, 44, 2416, 1, 70, 70),
(91, 45, 2400, 1, 90, 90),
(92, 45, 2408, 1, 80, 80),
(93, 46, 990, 1, 150, 150),
(94, 46, 998, 1, 80, 80),
(95, 47, 404, 1, 175, 175),
(96, 48, 404, 1, 175, 175),
(97, 49, 404, 1, 175, 175),
(98, 50, 404, 1, 175, 175),
(99, 51, 1760, 1, 190, 190),
(100, 51, 1761, 1, 80, 80),
(101, 52, 317, 1, 85, 85),
(102, 52, 332, 1, 95, 95),
(103, 53, 317, 1, 85, 85),
(104, 53, 332, 1, 95, 95),
(105, 54, 317, 1, 85, 85),
(106, 54, 332, 1, 95, 95),
(107, 55, 317, 1, 85, 85),
(108, 55, 332, 1, 95, 95),
(109, 56, 405, 1, 160, 160),
(110, 57, 404, 1, 175, 175),
(111, 57, 407, 1, 145, 145),
(112, 58, 2373, 1, 100, 100),
(113, 59, 921, 1, 200, 200),
(114, 59, 940, 1, 30, 30),
(115, 59, 1991, 6, 15, 15),
(116, 60, 2577, 0, 50, 50),
(117, 60, 2578, 1, 60, 60),
(118, 60, 2579, 0, 50, 50),
(119, 60, 2587, 1, 40, 40),
(120, 61, 2205, 1, 200, 200),
(121, 62, 351, 1, 90, 90),
(122, 62, 356, 1, 55, 55),
(123, 63, 1964, 1, 150, 150),
(124, 64, 185, 1, 120, 120),
(125, 64, 288, 1, 150, 150),
(126, 65, 4, 4, 30, 30),
(127, 65, 27, 1, 225, 225),
(128, 66, 334, 3, 80, 80),
(129, 66, 337, 2, 100, 100),
(130, 66, 339, 3, 110, 110),
(131, 67, 188, 1, 180, 180),
(132, 68, 404, 1, 175, 175),
(133, 69, 2051, 5, 20, 20),
(134, 70, 1719, 1, 140, 140),
(135, 70, 1805, 1, 95, 95),
(136, 71, 1302, 1, 40, 40),
(137, 71, 1304, 1, 70, 70),
(138, 72, 1302, 1, 40, 40),
(139, 72, 1304, 1, 70, 70),
(140, 73, 1795, 2, 20, 20),
(141, 73, 1796, 2, 30, 30),
(142, 74, 1574, 2, 15, 15),
(143, 74, 1581, 5, 20, 20),
(144, 75, 2190, 1, 200, 200),
(145, 75, 2194, 2, 35, 35),
(146, 76, 5, 1, 55, 55),
(147, 76, 2205, 1, 200, 200),
(148, 77, 1700, 1, 65, 65),
(149, 77, 1964, 1, 150, 150),
(150, 78, 2255, 1, 70, 70),
(151, 78, 2256, 1, 80, 80),
(152, 79, 1886, 1, 110, 110),
(153, 80, 27, 1, 225, 225),
(154, 81, 404, 1, 175, 175),
(155, 81, 409, 1, 130, 130),
(156, 82, 287, 1, 50, 50),
(157, 82, 288, 1, 150, 150),
(158, 83, 2179, 2, 25, 25),
(159, 83, 2190, 1, 200, 200),
(160, 84, 405, 1, 160, 160),
(161, 84, 442, 1, 130, 130),
(162, 85, 2263, 1, 100, 100),
(163, 85, 2264, 1, 100, 100),
(164, 86, 288, 1, 150, 150),
(165, 87, 10, 1, 70, 70),
(166, 87, 12, 1, 18, 18),
(167, 87, 24, 1, 20, 20),
(168, 88, 717, 1, 120, 120),
(169, 89, 749, 5, 100, 100),
(170, 89, 2774, 5, 25, 25),
(171, 90, 405, 1, 160, 160),
(172, 90, 417, 1, 95, 95),
(173, 91, 2257, 1, 100, 100),
(174, 92, 265, 2, 75, 75),
(175, 93, 265, 2, 75, 75),
(176, 94, 715, 1, 90, 90),
(177, 94, 734, 1, 50, 50),
(178, 95, 345, 1, 110, 110),
(179, 96, 27, 1, 225, 225),
(180, 97, 1964, 1, 150, 150),
(181, 98, 284, 1, 45, 45),
(182, 98, 616, 1, 60, 60),
(183, 99, 703, 2, 80, 80),
(184, 100, 325, 3, 60, 60),
(185, 101, 5, 1, 55, 55),
(186, 101, 6, 2, 60, 60),
(187, 101, 43, 1, 215, 215),
(188, 102, 1886, 1, 110, 110),
(189, 102, 2108, 1, 65, 65),
(190, 103, 703, 2, 80, 80),
(191, 104, 218, 1, 130, 130),
(192, 104, 305, 1, 25, 25),
(193, 105, 988, 1, 120, 120),
(194, 106, 2417, 14, 15, 15),
(195, 107, 1825, 1, 70, 70),
(196, 107, 2108, 1, 65, 65),
(197, 108, 732, 2, 25, 25),
(198, 108, 749, 1, 100, 100),
(199, 109, 1960, 1, 99, 99),
(200, 110, 1719, 1, 140, 140),
(201, 111, 455, 1, 50, 50),
(202, 111, 467, 1, 60, 60),
(203, 112, 325, 3, 60, 60),
(204, 113, 732, 3, 25, 25),
(205, 113, 748, 1, 100, 100),
(206, 113, 749, 1, 100, 100),
(207, 114, 218, 1, 130, 130),
(208, 114, 277, 1, 60, 60),
(209, 115, 413, 1, 120, 120),
(210, 115, 456, 1, 45, 45),
(211, 116, 1877, 1, 110, 110),
(212, 117, 243, 1, 333, 367),
(213, 118, 243, 1, 333, 367),
(214, 119, 1858, 1, 75, 75),
(215, 119, 2108, 2, 65, 65),
(216, 120, 164, 1, 90, 90),
(217, 120, 325, 1, 60, 60),
(218, 121, 490, 1, 40, 40),
(219, 121, 495, 2, 35, 35),
(220, 122, 921, 1, 200, 200),
(221, 122, 1992, 1, 30, 30),
(222, 123, 11, 8, 8, 8),
(223, 123, 89, 1, 140, 140),
(224, 124, 1164, 1, 40, 40),
(225, 124, 1181, 1, 50, 50),
(226, 124, 1192, 1, 70, 70),
(227, 125, 732, 2, 25, 25),
(228, 125, 748, 1, 100, 100),
(229, 126, 218, 1, 130, 130),
(230, 126, 288, 1, 150, 150),
(231, 127, 2198, 1, 70, 70),
(232, 127, 2200, 1, 70, 70),
(233, 127, 2204, 1, 100, 100),
(234, 127, 2225, 1, 80, 80),
(235, 127, 2245, 9, 6, 6),
(236, 127, 2246, 1, 20, 20),
(237, 127, 2248, 2, 15, 15),
(238, 128, 2256, 1, 80, 80),
(239, 128, 2259, 1, 110, 110),
(240, 128, 2263, 1, 100, 100),
(241, 128, 2264, 1, 100, 100),
(242, 128, 2312, 10, 6, 6),
(243, 128, 2315, 2, 15, 15),
(244, 129, 2256, 1, 80, 80),
(245, 129, 2259, 1, 110, 110),
(246, 129, 2263, 1, 100, 100),
(247, 129, 2264, 1, 100, 100),
(248, 129, 2312, 10, 6, 6),
(249, 129, 2315, 2, 15, 15),
(250, 130, 2644, 1, 100, 100),
(251, 131, 1010, 1, 100, 100),
(252, 132, 1808, 1, 30, 30),
(253, 132, 1831, 1, 15, 15),
(254, 132, 1833, 2, 30, 30),
(255, 133, 1964, 1, 150, 150),
(256, 134, 614, 1, 70, 70),
(257, 134, 620, 1, 60, 60),
(258, 135, 2644, 1, 100, 100),
(259, 136, 2373, 1, 100, 100),
(260, 137, 2791, 1, 110, 110),
(261, 138, 1535, 1, 160, 160),
(262, 138, 1964, 1, 150, 150),
(263, 139, 1278, 1, 20, 20),
(264, 139, 1292, 1, 40, 40),
(265, 139, 1296, 1, 40, 40),
(266, 140, 1808, 1, 30, 30),
(267, 140, 2128, 1, 85, 85),
(268, 141, 1796, 3, 30, 30),
(269, 141, 1861, 2, 85, 85),
(270, 141, 1862, 1, 95, 95),
(271, 142, 251, 1, 360, 396),
(272, 143, 1966, 1, 130, 130),
(273, 144, 343, 1, 120, 120),
(274, 144, 762, 2, 165, 165),
(275, 145, 351, 1, 90, 90),
(276, 145, 355, 1, 40, 40),
(277, 145, 632, 1, 50, 50),
(278, 146, 1837, 2, 65, 65),
(279, 147, 1238, 1, 340, 340),
(280, 148, 11, 14, 8, 8),
(281, 148, 19, 1, 20, 20),
(282, 148, 20, 1, 20, 20),
(283, 148, 2805, 2, 40, 40),
(284, 149, 298, 1, 40, 40),
(285, 149, 308, 1, 30, 30),
(286, 149, 471, 1, 45, 45),
(287, 150, 277, 1, 60, 60),
(288, 150, 287, 2, 50, 50),
(289, 151, 935, 1, 160, 160),
(290, 151, 1058, 2, 50, 50),
(291, 152, 492, 1, 40, 40),
(292, 152, 562, 1, 120, 120),
(293, 153, 442, 1, 130, 130),
(294, 154, 2220, 1, 40, 40),
(295, 154, 2289, 1, 90, 90),
(296, 155, 1857, 1, 100, 100),
(297, 156, 411, 1, 120, 120),
(298, 157, 1825, 1, 70, 70),
(299, 157, 1845, 1, 120, 120),
(300, 158, 1718, 2, 59, 59),
(301, 158, 1783, 1, 70, 70),
(302, 159, 1960, 1, 99, 99),
(303, 160, 1960, 1, 99, 99),
(304, 161, 988, 1, 120, 120),
(305, 161, 1983, 1, 90, 90),
(306, 162, 1647, 1, 170, 170),
(307, 162, 2868, 21, 5, 5),
(308, 163, 248, 2, 200, 200),
(309, 164, 1960, 7, 99, 99),
(310, 165, 1066, 1, 185, 185),
(311, 166, 1763, 1, 140, 140),
(312, 167, 356, 1, 55, 55),
(313, 167, 361, 1, 20, 20),
(314, 167, 362, 1, 20, 20),
(315, 167, 377, 1, 15, 15),
(316, 167, 379, 1, 10, 10),
(317, 167, 495, 1, 35, 35),
(318, 167, 510, 1, 25, 25),
(319, 167, 636, 1, 45, 45),
(320, 168, 154, 2, 120, 120),
(321, 168, 156, 1, 145, 145),
(322, 168, 420, 1, 70, 70),
(323, 169, 154, 2, 120, 120),
(324, 169, 156, 1, 145, 145),
(325, 169, 420, 1, 70, 70),
(326, 170, 2278, 1, 30, 30),
(327, 170, 2302, 1, 90, 90),
(328, 170, 2312, 5, 6, 6),
(329, 171, 379, 1, 10, 10),
(330, 171, 510, 1, 25, 25),
(331, 171, 592, 1, 110, 110),
(332, 171, 626, 1, 60, 60),
(333, 172, 154, 1, 120, 120),
(334, 172, 420, 1, 70, 70),
(335, 173, 349, 4, 55, 55),
(336, 174, 2237, 2, 20, 20),
(337, 174, 2239, 1, 20, 20),
(338, 174, 2241, 4, 10, 10),
(339, 175, 1845, 2, 120, 120),
(340, 176, 1960, 1, 99, 99),
(341, 177, 218, 1, 130, 130),
(342, 177, 287, 1, 50, 50),
(343, 178, 18, 2, 35, 35),
(344, 178, 2804, 2, 40, 40),
(345, 179, 154, 1, 120, 120),
(346, 179, 287, 1, 50, 50),
(347, 179, 409, 1, 130, 130),
(348, 180, 1, 2, 40, 40),
(349, 180, 24, 2, 20, 20),
(350, 180, 71, 2, 20, 20),
(351, 181, 168, 1, 130, 130),
(352, 182, 11, 3, 8, 8),
(353, 182, 76, 1, 15, 15),
(354, 182, 82, 1, 20, 20),
(355, 182, 2804, 1, 40, 40),
(356, 183, 11, 12, 8, 8),
(357, 183, 18, 2, 35, 35),
(358, 183, 2804, 1, 40, 40),
(359, 184, 324, 1, 70, 70),
(360, 184, 336, 2, 75, 75),
(361, 184, 616, 1, 60, 60),
(362, 185, 1857, 1, 100, 100),
(363, 186, 1700, 1, 65, 65),
(364, 186, 1964, 1, 150, 150),
(365, 187, 2237, 2, 20, 20),
(366, 187, 2239, 1, 20, 20),
(367, 187, 2241, 4, 10, 10),
(368, 188, 284, 1, 45, 45),
(369, 188, 415, 1, 115, 115),
(370, 189, 2235, 3, 40, 40),
(371, 189, 2236, 3, 40, 40),
(372, 190, 1589, 1, 165, 165),
(373, 191, 2535, 1, 150, 150),
(374, 192, 1964, 1, 150, 150),
(375, 193, 1135, 1, 110, 110),
(376, 194, 1, 1, 40, 40),
(377, 194, 11, 4, 8, 8),
(378, 194, 75, 1, 30, 30),
(379, 195, 168, 1, 130, 130),
(380, 195, 218, 1, 130, 130),
(381, 196, 1964, 1, 150, 150),
(382, 196, 2868, 2, 5, 5),
(383, 197, 2834, 1, 160, 160),
(384, 198, 18, 2, 35, 35),
(385, 198, 86, 1, 115, 115),
(386, 199, 1808, 1, 30, 30),
(387, 199, 2108, 2, 65, 65),
(388, 199, 2125, 1, 80, 80),
(389, 200, 732, 2, 25, 25),
(390, 200, 748, 1, 100, 100),
(391, 201, 1795, 5, 20, 20),
(392, 202, 1991, 7, 15, 15),
(393, 203, 168, 1, 130, 130),
(394, 204, 480, 1, 45, 45),
(395, 204, 482, 1, 40, 40),
(396, 204, 495, 2, 35, 35),
(397, 204, 562, 1, 120, 120),
(398, 205, 2874, 1, 20, 20),
(399, 205, 2877, 1, 40, 40),
(400, 205, 2886, 1, 40, 40),
(401, 206, 1678, 2, 65, 65),
(402, 207, 1857, 1, 100, 100),
(403, 208, 2237, 4, 20, 20),
(404, 208, 2239, 2, 20, 20),
(405, 208, 2241, 4, 10, 10),
(406, 209, 1613, 1, 180, 180),
(407, 209, 2868, 22, 5, 5),
(408, 210, 1960, 1, 99, 99),
(409, 211, 1960, 1, 99, 99),
(410, 212, 165, 1, 115, 115),
(411, 213, 1978, 1, 90, 90),
(412, 213, 1988, 2, 40, 40),
(413, 214, 2263, 1, 100, 100),
(414, 215, 2200, 1, 70, 70),
(415, 215, 2240, 1, 30, 30),
(416, 216, 2200, 1, 70, 70),
(417, 216, 2240, 1, 30, 30),
(418, 217, 359, 1, 45, 45),
(419, 217, 555, 1, 120, 120),
(420, 217, 568, 1, 100, 100),
(421, 218, 2878, 1, 100, 100),
(422, 219, 1960, 1, 99, 99),
(423, 219, 1992, 1, 30, 30),
(424, 220, 20, 1, 20, 20),
(425, 220, 2363, 1, 90, 90),
(426, 221, 1857, 1, 100, 100),
(427, 222, 1700, 1, 65, 65),
(428, 222, 1964, 1, 150, 150),
(429, 223, 1845, 1, 120, 120),
(430, 223, 1852, 1, 80, 80),
(431, 224, 1679, 1, 90, 90),
(432, 224, 1718, 1, 59, 59),
(433, 225, 2878, 1, 100, 100),
(434, 226, 248, 1, 200, 200),
(435, 227, 18, 1, 35, 35),
(436, 227, 73, 1, 70, 70),
(437, 228, 1284, 3, 15, 15),
(438, 228, 1290, 3, 20, 20),
(439, 229, 873, 1, 186, 186),
(440, 230, 233, 1, 99, 109),
(441, 230, 696, 1, 120, 132),
(442, 231, 2711, 1, 25, 25),
(443, 231, 2714, 1, 35, 35),
(444, 231, 2715, 1, 20, 20),
(445, 231, 2716, 1, 20, 20),
(446, 231, 2720, 1, 5, 5),
(447, 231, 2722, 8, 5, 5),
(448, 232, 324, 1, 70, 70),
(449, 232, 331, 1, 70, 70),
(450, 232, 421, 1, 65, 65),
(451, 232, 497, 2, 70, 70),
(452, 233, 2310, 3, 130, 130),
(453, 234, 287, 2, 50, 50),
(454, 234, 408, 1, 145, 145),
(455, 235, 1831, 2, 15, 15),
(456, 235, 1847, 1, 80, 80),
(457, 236, 248, 1, 200, 200),
(458, 237, 1480, 1, 70, 70),
(459, 237, 1482, 2, 70, 70),
(460, 238, 2310, 3, 130, 130),
(461, 239, 1260, 2, 60, 60),
(462, 240, 18, 1, 35, 35),
(463, 240, 2804, 2, 40, 40),
(464, 241, 714, 1, 80, 80),
(465, 241, 734, 1, 50, 50),
(466, 242, 2872, 1, 15, 15),
(467, 242, 2876, 4, 10, 10),
(468, 242, 2877, 1, 40, 40),
(469, 242, 2883, 1, 15, 15),
(470, 243, 2207, 3, 80, 80),
(471, 243, 2244, 2, 30, 30),
(472, 243, 2246, 6, 20, 20),
(473, 244, 2876, 5, 10, 10),
(474, 244, 2878, 1, 100, 100),
(475, 244, 2883, 2, 15, 15),
(476, 245, 5, 2, 55, 55),
(477, 245, 6, 2, 60, 60),
(478, 245, 43, 1, 215, 215),
(479, 245, 834, 1, 125, 125),
(480, 245, 864, 1, 85, 85),
(481, 246, 1964, 1, 150, 150),
(482, 247, 1880, 1, 190, 190),
(483, 247, 2108, 2, 65, 65),
(484, 248, 592, 1, 110, 110),
(485, 248, 608, 1, 150, 150),
(486, 248, 632, 1, 50, 50),
(487, 249, 248, 1, 200, 200),
(488, 250, 413, 1, 120, 120),
(489, 251, 2896, 1, 130, 130),
(490, 252, 1146, 1, 170, 170),
(491, 253, 2870, 1, 100, 100),
(492, 253, 2876, 6, 10, 10),
(493, 253, 2883, 1, 15, 15),
(494, 254, 1833, 3, 30, 30),
(495, 254, 1834, 3, 30, 30),
(496, 255, 1857, 1, 100, 100),
(497, 256, 1599, 1, 140, 140),
(498, 256, 1604, 1, 155, 155),
(499, 256, 1676, 1, 65, 65),
(500, 256, 1991, 4, 15, 15),
(501, 256, 1995, 1, 60, 60),
(502, 257, 4, 2, 30, 30),
(503, 257, 6, 1, 60, 60),
(504, 257, 50, 1, 165, 165),
(505, 257, 834, 1, 125, 125),
(506, 258, 1983, 1, 90, 90),
(507, 258, 1988, 1, 40, 40),
(508, 259, 714, 1, 80, 80),
(509, 259, 734, 1, 50, 50),
(510, 260, 2207, 1, 80, 80),
(511, 260, 2245, 4, 6, 6),
(512, 261, 1836, 4, 55, 55),
(513, 262, 1825, 1, 70, 70),
(514, 262, 1837, 1, 65, 65),
(515, 262, 1967, 1, 130, 130),
(516, 263, 2263, 1, 100, 100),
(517, 264, 11, 15, 8, 8),
(518, 264, 12, 4, 18, 18),
(519, 265, 921, 1, 200, 200),
(520, 266, 248, 2, 200, 200),
(521, 267, 1963, 1, 35, 35),
(522, 267, 2055, 1, 60, 60),
(523, 267, 2060, 1, 80, 80),
(524, 267, 2091, 1, 30, 30),
(525, 267, 2120, 1, 40, 40),
(526, 267, 2155, 1, 120, 120),
(527, 267, 2184, 1, 40, 40),
(528, 268, 770, 2, 90, 90),
(529, 269, 1835, 3, 40, 40),
(530, 269, 2103, 1, 20, 20),
(531, 270, 25, 1, 255, 255),
(532, 270, 35, 1, 185, 185),
(533, 270, 63, 1, 220, 220),
(534, 270, 66, 1, 200, 200),
(535, 270, 762, 1, 165, 165),
(536, 270, 763, 1, 165, 165),
(537, 270, 834, 1, 125, 125),
(538, 270, 864, 1, 85, 85),
(539, 271, 1074, 2, 25, 25),
(540, 271, 1192, 3, 70, 70),
(541, 271, 1253, 2, 70, 70),
(542, 271, 1272, 2, 70, 70),
(543, 272, 1827, 1, 90, 90),
(544, 272, 1835, 1, 40, 40),
(545, 272, 1844, 1, 70, 70),
(546, 273, 1808, 1, 30, 30),
(547, 273, 1837, 2, 65, 65),
(548, 274, 1028, 1, 200, 200),
(549, 275, 176, 1, 90, 90),
(550, 275, 402, 1, 155, 155),
(551, 276, 1960, 1, 99, 99),
(552, 277, 1960, 1, 99, 99),
(553, 278, 5, 1, 55, 55),
(554, 278, 6, 1, 60, 60),
(555, 278, 43, 1, 215, 215),
(556, 278, 834, 1, 125, 125),
(557, 278, 915, 1, 120, 120),
(558, 279, 2198, 1, 70, 70),
(559, 279, 2200, 1, 70, 70),
(560, 279, 2245, 7, 6, 6),
(561, 280, 797, 4, 60, 60),
(562, 281, 1301, 3, 40, 40),
(563, 281, 1302, 2, 40, 40),
(564, 282, 2869, 1, 150, 150),
(565, 283, 1302, 1, 40, 40),
(566, 283, 1309, 1, 80, 80),
(567, 284, 2872, 1, 15, 15),
(568, 284, 2876, 5, 10, 10),
(569, 284, 2877, 1, 40, 40),
(570, 285, 1795, 1, 20, 20),
(571, 285, 1835, 1, 40, 40),
(572, 285, 1837, 1, 65, 65),
(573, 286, 729, 4, 30, 30),
(574, 287, 218, 1, 130, 130),
(575, 287, 409, 1, 130, 130),
(576, 288, 1808, 1, 30, 30),
(577, 288, 1850, 1, 80, 80),
(578, 289, 2243, 1, 20, 20),
(579, 289, 2245, 4, 6, 6),
(580, 289, 2750, 1, 80, 80),
(581, 290, 11, 4, 8, 8),
(582, 290, 12, 3, 18, 18),
(583, 290, 18, 2, 35, 35),
(584, 290, 2804, 1, 40, 40),
(585, 290, 2880, 1, 40, 40),
(586, 291, 1164, 3, 40, 40),
(587, 291, 1192, 1, 70, 70),
(588, 292, 684, 2, 40, 40),
(589, 292, 726, 1, 50, 50),
(590, 292, 745, 2, 100, 100),
(591, 292, 2774, 2, 25, 25),
(592, 293, 684, 2, 40, 40),
(593, 293, 726, 1, 50, 50),
(594, 293, 745, 2, 100, 100),
(595, 293, 2774, 2, 25, 25),
(596, 294, 2713, 1, 25, 25),
(597, 294, 2719, 2, 35, 35),
(598, 294, 2723, 2, 6, 6),
(599, 295, 18, 1, 35, 35),
(600, 295, 2342, 1, 125, 125),
(601, 295, 2359, 2, 22, 22),
(602, 295, 2360, 2, 27, 27),
(603, 295, 2805, 1, 40, 40),
(604, 296, 11, 10, 8, 8),
(605, 296, 18, 1, 35, 35),
(606, 296, 2342, 1, 125, 125),
(607, 296, 2805, 1, 40, 40),
(608, 297, 2198, 2, 70, 70),
(609, 297, 2200, 1, 70, 70),
(610, 297, 2235, 1, 40, 40),
(611, 297, 2243, 1, 20, 20),
(612, 298, 2198, 2, 70, 70),
(613, 298, 2200, 1, 70, 70),
(614, 298, 2235, 1, 40, 40),
(615, 298, 2243, 1, 20, 20),
(616, 299, 2679, 1, 60, 60),
(617, 299, 2682, 1, 25, 25),
(618, 299, 2864, 1, 20, 20),
(619, 300, 248, 1, 200, 200),
(620, 301, 2870, 1, 100, 100),
(621, 302, 409, 1, 130, 130),
(622, 303, 32, 4, 20, 20),
(623, 303, 47, 1, 40, 40),
(624, 303, 2806, 2, 20, 20),
(625, 304, 2214, 1, 120, 120),
(626, 304, 2622, 2, 90, 90),
(627, 305, 1798, 2, 45, 45),
(628, 305, 1858, 1, 75, 75),
(629, 306, 2282, 1, 50, 50),
(630, 306, 2284, 1, 40, 40),
(631, 306, 2312, 3, 6, 6),
(632, 307, 1700, 1, 65, 65),
(633, 307, 1964, 1, 150, 150),
(634, 308, 2198, 1, 70, 70),
(635, 308, 2233, 2, 100, 100),
(636, 308, 2235, 1, 40, 40),
(637, 308, 2245, 25, 6, 6),
(638, 309, 2244, 1, 30, 30),
(639, 309, 2246, 1, 20, 20),
(640, 309, 2750, 1, 80, 80),
(641, 310, 1808, 1, 30, 30),
(642, 310, 2124, 1, 80, 80),
(643, 311, 2205, 1, 200, 200),
(644, 312, 11, 4, 8, 8),
(645, 312, 18, 2, 35, 35),
(646, 313, 1835, 3, 40, 40),
(647, 314, 154, 2, 120, 120),
(648, 314, 164, 2, 90, 90),
(649, 314, 168, 1, 130, 130),
(650, 314, 174, 2, 65, 65),
(651, 315, 2711, 2, 25, 25),
(652, 315, 2719, 2, 35, 35),
(653, 315, 2723, 2, 6, 6),
(654, 315, 2724, 2, 20, 20),
(655, 316, 190, 1, 145, 145),
(656, 316, 319, 1, 70, 70),
(657, 317, 364, 1, 15, 15),
(658, 317, 367, 1, 15, 15),
(659, 317, 546, 1, 110, 110),
(660, 317, 614, 1, 70, 70),
(661, 318, 2200, 1, 70, 70),
(662, 318, 2238, 1, 30, 30),
(663, 319, 248, 1, 200, 200),
(664, 320, 436, 1, 140, 140),
(665, 320, 445, 1, 120, 120),
(666, 320, 455, 1, 50, 50),
(667, 320, 457, 1, 55, 55),
(668, 320, 458, 1, 85, 85),
(669, 320, 675, 1, 60, 60),
(670, 320, 677, 1, 60, 60),
(671, 321, 47, 3, 40, 40),
(672, 322, 2417, 12, 15, 15),
(673, 323, 1721, 1, 110, 110),
(674, 323, 1857, 1, 100, 100),
(675, 324, 11, 2, 8, 8),
(676, 324, 16, 1, 10, 10),
(677, 324, 22, 1, 35, 35),
(678, 324, 76, 1, 15, 15),
(679, 324, 2373, 1, 100, 100),
(680, 324, 2804, 1, 40, 40),
(681, 325, 770, 2, 90, 90),
(682, 326, 73, 1, 70, 70),
(683, 326, 76, 1, 15, 15),
(684, 326, 2373, 1, 100, 100),
(685, 327, 248, 1, 200, 200),
(686, 328, 233, 1, 99, 109),
(687, 329, 1960, 1, 99, 99),
(688, 329, 1992, 1, 30, 30),
(689, 330, 11, 1, 8, 8),
(690, 330, 12, 2, 18, 18),
(691, 330, 18, 1, 35, 35),
(692, 330, 2880, 1, 40, 40),
(693, 331, 233, 1, 99, 109),
(694, 331, 243, 1, 333, 367),
(695, 331, 694, 1, 120, 132),
(696, 332, 154, 4, 120, 120),
(697, 332, 420, 1, 70, 70),
(698, 333, 1886, 1, 110, 110),
(699, 334, 242, 1, 265, 292),
(700, 334, 688, 1, 99, 109),
(701, 335, 154, 2, 120, 120),
(702, 336, 822, 1, 205, 205),
(703, 336, 911, 1, 160, 160),
(704, 337, 2256, 1, 80, 80),
(705, 337, 2278, 1, 30, 30),
(706, 337, 2312, 4, 6, 6),
(707, 338, 349, 1, 55, 55),
(708, 338, 359, 1, 45, 45),
(709, 338, 481, 1, 40, 40),
(710, 338, 576, 1, 100, 100);

-- --------------------------------------------------------

--
-- Table structure for table `order_master`
--

CREATE TABLE `order_master` (
  `o_id` int(11) NOT NULL,
  `u_id` int(11) NOT NULL,
  `a_id` int(11) NOT NULL,
  `h_id` int(11) NOT NULL,
  `r_id` int(11) NOT NULL DEFAULT '0',
  `total` float NOT NULL,
  `discount` float DEFAULT NULL,
  `del_charge` int(11) DEFAULT NULL,
  `status` int(11) NOT NULL DEFAULT '1',
  `date` timestamp NOT NULL DEFAULT CURRENT_TIMESTAMP
) ENGINE=InnoDB DEFAULT CHARSET=latin1;

--
-- Dumping data for table `order_master`
--

INSERT INTO `order_master` (`o_id`, `u_id`, `a_id`, `h_id`, `r_id`, `total`, `discount`, `del_charge`, `status`, `date`) VALUES
(1, 10, 8, 1, 1, 125, 6, 20, 6, '2020-10-05 07:19:40'),
(2, 10, 8, 7, 1, 175, 8, 20, 7, '2020-10-05 09:03:33'),
(3, 31, 15, 7, 0, 175, 8, 20, 5, '2020-10-05 11:05:23'),
(4, 34, 18, 7, 0, 175, 8, 20, 5, '2020-10-05 15:57:01'),
(5, 9, 19, 2, 0, 190, 9, 30, 5, '2020-10-05 15:57:10'),
(6, 31, 15, 27, 0, 100, 5, 20, 5, '2020-10-06 06:11:50'),
(7, 36, 20, 28, 0, 220, 11, 20, 5, '2020-10-06 08:13:43'),
(8, 9, 19, 1, 0, 650, 32, 20, 5, '2020-10-06 13:28:37'),
(9, 9, 19, 6, 0, 770, 38, 20, 7, '2020-10-06 13:29:02'),
(10, 10, 8, 34, 0, 350, 17, 20, 7, '2020-10-06 13:29:10'),
(11, 9, 19, 7, 0, 790, 39, 20, 7, '2020-10-06 13:29:51'),
(12, 9, 19, 19, 0, 390, 19, 20, 7, '2020-10-06 13:30:23'),
(13, 34, 18, 9, 0, 270, 13, 30, 7, '2020-10-06 13:30:30'),
(14, 30, 22, 7, 1, 175, 8, 20, 7, '2020-10-06 13:32:47'),
(15, 14, 10, 29, 1, 130, 6, 20, 5, '2020-10-06 13:41:16'),
(16, 41, 23, 7, 0, 335, 16, 20, 7, '2020-10-06 14:22:39'),
(17, 14, 14, 8, 0, 175, 8, 20, 6, '2020-10-07 08:52:49'),
(18, 48, 25, 8, 0, 99, 4, 20, 7, '2020-10-07 15:48:24'),
(19, 48, 25, 1, 1, 123, 6, 20, 5, '2020-10-07 16:08:31'),
(20, 51, 27, 7, 1, 440, 22, 20, 5, '2020-10-08 14:09:00'),
(22, 10, 8, 1, 1, 225, 11, 20, 8, '2020-10-09 07:58:09'),
(23, 10, 8, 8, 0, 150, 7, 20, 8, '2020-10-09 10:17:21'),
(24, 10, 8, 8, 0, 150, 7, 20, 8, '2020-10-09 10:18:22'),
(25, 10, 8, 8, 0, 150, 7, 20, 8, '2020-10-09 11:34:54'),
(26, 1, 1, 8, 0, 198, 9, 20, 8, '2020-10-09 11:39:52'),
(27, 10, 8, 2, 0, 330, 16, 30, 8, '2020-10-09 13:27:36'),
(28, 58, 29, 8, 1, 275, 13, 20, 5, '2020-10-09 13:56:30'),
(29, 60, 30, 5, 0, 140, 7, 20, 8, '2020-10-10 06:20:13'),
(30, 60, 30, 15, 0, 100, 5, 20, 8, '2020-10-10 06:22:44'),
(31, 61, 31, 8, 0, 200, 10, 20, 8, '2020-10-10 07:03:20'),
(32, 13, 9, 13, 1, 125, 6, 20, 8, '2020-10-10 08:13:55'),
(33, 13, 9, 5, 0, 170, 8, 20, 8, '2020-10-10 08:37:22'),
(34, 62, 32, 1, 3, 104, 5, 20, 2, '2020-10-10 14:21:47'),
(35, 9, 19, 4, 0, 200, 10, 30, 5, '2020-10-11 06:39:08'),
(38, 66, 34, 4, 0, 200, 10, 30, 6, '2020-10-11 08:03:16'),
(40, 7, 2, 4, 1, 150, 7, 30, 6, '2020-10-11 08:39:32'),
(41, 10, 8, 2, 1, 160, 8, 30, 6, '2020-10-11 09:10:02'),
(42, 10, 8, 4, 2, 180, 9, 30, 2, '2020-10-11 09:12:31'),
(43, 13, 9, 19, 1, 180, 9, 20, 2, '2020-10-11 09:30:00'),
(44, 13, 9, 13, 1, 130, 6, 20, 2, '2020-10-11 10:51:00'),
(45, 13, 9, 13, 1, 170, 8, 20, 2, '2020-10-11 10:52:53'),
(46, 13, 9, 8, 1, 230, 11, 20, 2, '2020-10-11 10:57:12'),
(47, 10, 8, 7, 1, 175, 8, 20, 2, '2020-10-11 11:00:51'),
(48, 25, 36, 7, 1, 175, 8, 20, 2, '2020-10-11 11:58:30'),
(49, 25, 36, 7, 5, 175, 8, 20, 2, '2020-10-11 12:06:59'),
(50, 67, 37, 7, 5, 175, 8, 20, 2, '2020-10-11 12:43:35'),
(51, 23, 38, 3, 1, 270, 13, 20, 2, '2020-10-11 14:49:25'),
(52, 10, 8, 4, 1, 180, 9, 30, 2, '2020-10-11 14:50:56'),
(53, 10, 8, 4, 2, 180, 9, 30, 2, '2020-10-11 15:23:23'),
(54, 10, 8, 4, 1, 180, 9, 30, 2, '2020-10-12 06:07:30'),
(55, 25, 36, 4, 1, 180, 9, 30, 2, '2020-10-12 06:10:13'),
(56, 25, 36, 7, 1, 160, 8, 20, 2, '2020-10-12 06:16:53'),
(57, 25, 36, 7, 1, 320, 16, 20, 2, '2020-10-12 06:17:34'),
(58, 25, 36, 1, 1, 100, 5, 20, 2, '2020-10-12 06:18:50'),
(59, 10, 8, 8, 2, 320, 16, 20, 2, '2020-10-12 07:35:58'),
(60, 31, 15, 13, 6, 100, 5, 20, 2, '2020-10-12 12:16:32'),
(61, 66, 34, 4, 1, 200, 10, 30, 2, '2020-10-12 14:12:25'),
(62, 72, 39, 28, 2, 145, 7, 20, 2, '2020-10-12 14:14:37'),
(63, 66, 34, 8, 2, 150, 7, 20, 2, '2020-10-12 14:21:42'),
(64, 58, 29, 7, 2, 270, 13, 20, 2, '2020-10-12 14:57:13'),
(65, 10, 8, 4, 6, 345, 17, 30, 2, '2020-10-12 15:41:15'),
(66, 73, 40, 4, 1, 770, 38, 30, 2, '2020-10-13 06:24:17'),
(67, 75, 41, 4, 1, 180, 9, 30, 2, '2020-10-13 07:28:02'),
(68, 78, 42, 7, 2, 175, 8, 20, 2, '2020-10-13 10:12:19'),
(69, 1, 1, 10, 6, 100, 5, 20, 2, '2020-10-13 10:50:32'),
(70, 9, 19, 3, 6, 235, 11, 20, 2, '2020-10-13 14:39:18'),
(71, 49, 26, 11, 2, 110, 5, 30, 2, '2020-10-13 16:12:33'),
(72, 49, 43, 11, 1, 110, 5, 30, 2, '2020-10-13 16:14:49'),
(73, 86, 44, 19, 1, 100, 5, 20, 2, '2020-10-14 11:22:50'),
(74, 62, 32, 24, 1, 130, 6, 20, 2, '2020-10-14 14:06:26'),
(75, 65, 45, 10, 2, 270, 13, 20, 2, '2020-10-14 14:20:50'),
(76, 58, 29, 4, 1, 255, 12, 30, 2, '2020-10-14 14:53:23'),
(77, 58, 29, 8, 3, 215, 10, 20, 2, '2020-10-14 14:57:16'),
(78, 27, 21, 31, 1, 150, 7, 20, 2, '2020-10-15 14:07:05'),
(79, 10, 8, 19, 1, 110, 5, 20, 2, '2020-10-15 14:50:02'),
(80, 10, 8, 4, 6, 225, 11, 30, 2, '2020-10-15 15:15:19'),
(81, 10, 8, 7, 2, 305, 15, 20, 2, '2020-10-15 16:10:06'),
(82, 90, 47, 7, 6, 200, 10, 20, 2, '2020-10-15 16:28:12'),
(83, 10, 8, 10, 1, 250, 12, 20, 2, '2020-10-16 05:02:44'),
(84, 50, 49, 7, 6, 290, 14, 20, 2, '2020-10-16 13:12:50'),
(85, 58, 50, 31, 3, 200, 10, 20, 2, '2020-10-16 14:13:00'),
(86, 90, 47, 7, 1, 150, 7, 20, 2, '2020-10-17 14:01:52'),
(87, 96, 51, 1, 1, 108, 5, 20, 2, '2020-10-17 15:15:39'),
(88, 99, 52, 27, 1, 120, 6, 20, 2, '2020-10-18 12:35:07'),
(89, 23, 38, 27, 1, 625, 31, 20, 2, '2020-10-18 14:45:21'),
(90, 90, 47, 7, 2, 255, 12, 20, 2, '2020-10-18 15:17:47'),
(91, 101, 53, 31, 3, 100, 5, 20, 2, '2020-10-18 15:50:52'),
(92, 103, 54, 7, 1, 150, 7, 20, 2, '2020-10-19 07:28:12'),
(93, 103, 54, 7, 6, 150, 7, 20, 2, '2020-10-19 07:28:54'),
(94, 92, 57, 27, 2, 140, 7, 20, 2, '2020-10-19 08:35:11'),
(95, 73, 40, 28, 1, 110, 5, 20, 2, '2020-10-19 10:46:09'),
(96, 9, 19, 4, 6, 225, 11, 30, 2, '2020-10-19 14:13:23'),
(97, 90, 47, 8, 1, 150, 7, 20, 2, '2020-10-19 16:18:07'),
(98, 109, 60, 7, 2, 105, 5, 20, 2, '2020-10-20 07:56:06'),
(99, 23, 38, 27, 1, 160, 8, 20, 2, '2020-10-20 07:59:22'),
(100, 103, 54, 7, 1, 180, 9, 20, 2, '2020-10-20 08:28:21'),
(101, 58, 29, 4, 6, 390, 19, 30, 2, '2020-10-20 14:13:57'),
(102, 107, 59, 19, 2, 175, 8, 20, 2, '2020-10-20 14:17:06'),
(103, 23, 38, 27, 1, 160, 8, 20, 2, '2020-10-21 07:59:22'),
(104, 90, 62, 7, 1, 155, 7, 20, 2, '2020-10-21 08:25:34'),
(105, 72, 39, 8, 1, 120, 6, 20, 2, '2020-10-21 13:28:30'),
(106, 98, 63, 33, 1, 210, 10, 20, 2, '2020-10-21 14:00:02'),
(107, 49, 26, 19, 2, 135, 6, 20, 2, '2020-10-22 06:00:01'),
(108, 115, 64, 27, 1, 150, 7, 20, 2, '2020-10-22 06:29:41'),
(109, 103, 54, 8, 1, 99, 4, 20, 2, '2020-10-22 09:04:42'),
(110, 116, 65, 3, 1, 140, 7, 20, 2, '2020-10-22 09:35:13'),
(111, 114, 66, 7, 1, 110, 5, 20, 2, '2020-10-22 12:41:40'),
(112, 103, 54, 7, 1, 180, 9, 20, 2, '2020-10-23 06:21:12'),
(113, 115, 64, 27, 1, 275, 13, 20, 2, '2020-10-23 07:10:33'),
(114, 90, 47, 7, 1, 190, 9, 20, 2, '2020-10-23 08:09:56'),
(115, 118, 69, 7, 1, 165, 8, 20, 2, '2020-10-23 08:35:26'),
(116, 103, 54, 19, 1, 110, 5, 20, 2, '2020-10-23 09:50:13'),
(117, 72, 39, 9, 1, 367, 18, 30, 2, '2020-10-23 13:48:47'),
(118, 72, 39, 9, 1, 367, 18, 30, 2, '2020-10-23 13:49:05'),
(119, 102, 70, 19, 1, 205, 10, 20, 2, '2020-10-23 14:04:21'),
(120, 122, 71, 7, 2, 150, 7, 20, 2, '2020-10-24 08:30:21'),
(121, 123, 72, 28, 1, 110, 5, 20, 2, '2020-10-24 16:18:37'),
(122, 127, 73, 8, 1, 230, 11, 20, 2, '2020-10-25 06:43:49'),
(123, 129, 74, 1, 1, 204, 10, 20, 2, '2020-10-25 07:17:43'),
(124, 131, 75, 30, 1, 160, 8, 20, 2, '2020-10-25 09:36:20'),
(125, 115, 64, 27, 1, 150, 7, 20, 2, '2020-10-25 09:38:36'),
(126, 90, 47, 7, 1, 280, 14, 20, 2, '2020-10-25 15:00:11'),
(127, 72, 39, 14, 3, 424, 21, 20, 2, '2020-10-25 15:28:59'),
(128, 72, 39, 31, 1, 480, 24, 20, 2, '2020-10-25 15:39:48'),
(129, 72, 39, 31, 1, 480, 24, 20, 2, '2020-10-25 15:43:12'),
(130, 123, 72, 5, 1, 100, 5, 20, 2, '2020-10-26 05:46:32'),
(131, 103, 54, 8, 1, 100, 5, 20, 2, '2020-10-26 12:35:02'),
(132, 72, 39, 19, 1, 105, 5, 20, 2, '2020-10-26 13:17:05'),
(133, 114, 66, 8, 3, 150, 7, 20, 2, '2020-10-26 13:42:12'),
(134, 123, 72, 28, 1, 130, 6, 20, 2, '2020-10-26 16:27:59'),
(135, 123, 72, 5, 1, 100, 5, 20, 2, '2020-10-27 05:36:00'),
(136, 85, 76, 1, 1, 100, 5, 20, 2, '2020-10-27 14:15:34'),
(137, 9, 19, 5, 3, 110, 5, 20, 2, '2020-10-27 14:50:58'),
(138, 123, 72, 8, 1, 310, 15, 20, 2, '2020-10-27 15:26:01'),
(139, 121, 77, 20, 1, 100, 5, 20, 2, '2020-10-28 06:23:45'),
(140, 90, 47, 19, 1, 115, 5, 20, 2, '2020-10-28 13:30:15'),
(141, 135, 79, 19, 1, 355, 17, 20, 2, '2020-10-28 13:40:45'),
(142, 135, 79, 9, 1, 396, 19, 30, 2, '2020-10-28 13:43:53'),
(143, 135, 79, 19, 1, 130, 6, 20, 2, '2020-10-28 13:44:23'),
(144, 1, 1, 4, 1, 450, 22, 30, 2, '2020-10-28 14:39:35'),
(145, 137, 80, 28, 1, 180, 9, 20, 2, '2020-10-28 16:01:33'),
(146, 138, 81, 19, 1, 130, 6, 20, 2, '2020-10-29 07:19:14'),
(147, 49, 26, 2, 1, 340, 17, 30, 2, '2020-10-29 07:49:43'),
(148, 139, 82, 1, 1, 232, 11, 20, 2, '2020-10-29 07:49:56'),
(149, 118, 69, 7, 1, 115, 5, 20, 2, '2020-10-29 12:09:19'),
(150, 90, 47, 7, 1, 160, 8, 20, 2, '2020-10-29 13:18:11'),
(151, 140, 83, 6, 1, 260, 13, 20, 2, '2020-10-29 13:59:21'),
(152, 137, 80, 28, 1, 160, 8, 20, 2, '2020-10-29 15:13:29'),
(153, 50, 49, 7, 1, 130, 6, 20, 2, '2020-10-31 01:35:21'),
(154, 123, 72, 13, 1, 130, 6, 20, 2, '2020-10-31 11:37:28'),
(155, 144, 84, 6, 1, 100, 5, 20, 2, '2020-10-31 13:27:59'),
(156, 50, 49, 7, 1, 120, 6, 20, 2, '2020-10-31 14:43:07'),
(157, 113, 85, 19, 1, 190, 9, 20, 2, '2020-10-31 14:59:39'),
(158, 9, 19, 3, 6, 188, 9, 20, 2, '2020-10-31 15:24:44'),
(159, 123, 72, 8, 1, 99, 4, 20, 2, '2020-10-31 16:28:08'),
(160, 10, 8, 8, 1, 99, 4, 20, 2, '2020-11-01 06:06:08'),
(161, 144, 84, 8, 1, 210, 10, 20, 2, '2020-11-01 06:06:53'),
(162, 129, 74, 8, 1, 275, 13, 20, 2, '2020-11-01 06:36:06'),
(163, 25, 36, 4, 1, 400, 20, 30, 2, '2020-11-01 07:30:42'),
(164, 146, 86, 8, 1, 693, 34, 20, 2, '2020-11-01 07:43:38'),
(165, 147, 87, 8, 1, 185, 9, 20, 2, '2020-11-01 08:17:57'),
(166, 147, 87, 8, 1, 140, 7, 20, 2, '2020-11-01 08:21:48'),
(167, 138, 81, 28, 1, 225, 11, 20, 2, '2020-11-01 08:58:06'),
(168, 138, 81, 7, 1, 455, 22, 20, 2, '2020-11-01 13:19:49'),
(169, 138, 81, 7, 1, 455, 22, 20, 2, '2020-11-01 13:20:19'),
(170, 127, 73, 31, 1, 150, 7, 20, 2, '2020-11-01 13:35:44'),
(171, 148, 89, 28, 1, 205, 10, 20, 2, '2020-11-01 13:51:20'),
(172, 149, 90, 7, 1, 190, 9, 20, 2, '2020-11-01 13:57:23'),
(173, 54, 88, 28, 1, 220, 11, 20, 2, '2020-11-01 14:48:35'),
(174, 123, 72, 14, 1, 100, 5, 20, 2, '2020-11-01 15:43:22'),
(175, 42, 93, 19, 1, 240, 12, 20, 2, '2020-11-01 15:59:24'),
(176, 103, 54, 8, 1, 99, 4, 20, 2, '2020-11-02 07:35:45'),
(177, 90, 62, 7, 5, 180, 9, 20, 2, '2020-11-02 07:54:44'),
(178, 23, 38, 1, 2, 150, 7, 20, 2, '2020-11-02 09:06:54'),
(179, 149, 90, 7, 1, 300, 15, 20, 2, '2020-11-02 13:58:16'),
(180, 144, 84, 1, 2, 160, 8, 20, 2, '2020-11-03 07:24:45'),
(181, 90, 62, 7, 5, 130, 6, 20, 2, '2020-11-03 07:30:34'),
(182, 153, 95, 1, 1, 99, 4, 20, 2, '2020-11-03 08:00:14'),
(183, 23, 38, 1, 2, 206, 10, 20, 2, '2020-11-03 08:45:19'),
(184, 154, 97, 7, 1, 280, 14, 20, 2, '2020-11-03 13:49:27'),
(185, 144, 84, 6, 1, 100, 5, 20, 2, '2020-11-03 14:07:53'),
(186, 58, 29, 8, 1, 215, 10, 20, 2, '2020-11-03 14:28:16'),
(187, 123, 72, 14, 1, 100, 5, 20, 2, '2020-11-03 15:39:43'),
(188, 90, 62, 7, 1, 160, 8, 20, 2, '2020-11-04 07:41:48'),
(189, 142, 99, 14, 2, 240, 12, 20, 2, '2020-11-04 13:26:54'),
(190, 134, 78, 8, 4, 165, 8, 20, 2, '2020-11-04 13:32:29'),
(191, 72, 39, 13, 1, 150, 7, 20, 2, '2020-11-04 13:50:55'),
(192, 62, 32, 8, 4, 150, 7, 20, 2, '2020-11-04 13:51:11'),
(193, 114, 66, 8, 1, 110, 5, 20, 2, '2020-11-04 14:14:08'),
(194, 114, 66, 1, 4, 102, 5, 20, 2, '2020-11-04 14:20:13'),
(195, 90, 47, 7, 1, 260, 13, 20, 2, '2020-11-04 15:12:21'),
(196, 158, 101, 8, 1, 160, 8, 20, 2, '2020-11-04 15:39:54'),
(197, 10, 8, 34, 1, 160, 8, 20, 2, '2020-11-06 14:15:41'),
(198, 144, 84, 1, 4, 185, 9, 20, 2, '2020-11-06 08:43:47'),
(199, 10, 8, 19, 2, 240, 12, 20, 2, '2020-11-06 09:14:25'),
(200, 115, 64, 27, 2, 150, 7, 20, 2, '2020-11-06 12:20:13'),
(201, 91, 102, 19, 4, 100, 5, 20, 2, '2020-11-06 12:57:28'),
(202, 167, 103, 8, 1, 105, 5, 30, 2, '2020-11-06 15:17:01'),
(203, 90, 62, 7, 1, 130, 6, 20, 2, '2020-11-07 07:25:43'),
(204, 137, 80, 28, 1, 275, 13, 20, 2, '2020-11-07 10:00:47'),
(205, 169, 104, 35, 1, 100, 5, 20, 2, '2020-11-07 14:43:14'),
(206, 171, 105, 3, 1, 130, 6, 20, 2, '2020-11-07 15:22:04'),
(207, 144, 84, 6, 1, 100, 5, 20, 2, '2020-11-07 15:31:35'),
(208, 158, 101, 14, 1, 160, 8, 20, 2, '2020-11-07 15:51:59'),
(209, 129, 74, 8, 1, 290, 14, 30, 2, '2020-11-08 06:17:52'),
(210, 114, 106, 8, 1, 99, 4, 30, 2, '2020-11-08 09:19:28'),
(211, 114, 66, 8, 1, 99, 4, 30, 2, '2020-11-08 09:24:10'),
(212, 10, 8, 7, 1, 115, 5, 20, 2, '2020-11-08 09:36:25'),
(213, 144, 84, 8, 2, 170, 8, 30, 2, '2020-11-08 13:12:39'),
(214, 171, 105, 31, 1, 100, 5, 20, 2, '2020-11-08 16:04:05'),
(215, 171, 105, 14, 6, 100, 5, 20, 2, '2020-11-08 16:09:44'),
(216, 171, 105, 14, 1, 100, 5, 20, 2, '2020-11-08 16:12:22'),
(217, 123, 72, 28, 1, 265, 13, 20, 2, '2020-11-08 16:21:08'),
(218, 85, 76, 35, 1, 100, 5, 20, 2, '2020-11-09 06:05:07'),
(219, 127, 73, 8, 1, 129, 6, 30, 2, '2020-11-09 06:40:40'),
(220, 144, 84, 1, 5, 110, 5, 20, 2, '2020-11-09 08:24:38'),
(221, 144, 84, 6, 1, 100, 5, 20, 2, '2020-11-09 13:25:24'),
(222, 58, 29, 8, 1, 215, 10, 30, 2, '2020-11-09 14:17:38'),
(223, 140, 83, 19, 1, 200, 10, 20, 2, '2020-11-09 15:44:58'),
(224, 171, 105, 3, 1, 149, 7, 20, 2, '2020-11-09 16:29:41'),
(225, 175, 107, 35, 1, 100, 5, 20, 2, '2020-11-10 07:21:34'),
(226, 130, 109, 4, 1, 200, 10, 30, 2, '2020-11-10 08:24:05'),
(227, 144, 84, 1, 1, 105, 5, 30, 2, '2020-11-10 08:41:39'),
(228, 167, 103, 20, 1, 105, 5, 20, 2, '2020-11-10 11:07:35'),
(229, 140, 83, 9, 1, 186, 9, 30, 2, '2020-11-10 13:53:31'),
(230, 140, 83, 9, 1, 241, 12, 30, 2, '2020-11-10 13:57:46'),
(231, 171, 105, 29, 1, 145, 7, 20, 2, '2020-11-10 15:00:31'),
(232, 103, 54, 7, 2, 345, 17, 30, 2, '2020-11-11 09:03:31'),
(233, 178, 111, 31, 1, 390, 19, 20, 2, '2020-11-11 14:15:05'),
(234, 90, 47, 7, 1, 245, 12, 30, 2, '2020-11-11 14:42:41'),
(235, 140, 83, 19, 1, 110, 5, 30, 2, '2020-11-11 15:01:26'),
(236, 171, 105, 4, 1, 200, 10, 30, 2, '2020-11-11 15:01:37'),
(237, 180, 112, 23, 1, 210, 10, 20, 2, '2020-11-12 04:54:08'),
(238, 178, 111, 31, 1, 390, 19, 20, 2, '2020-11-12 06:35:34'),
(239, 178, 111, 2, 1, 120, 6, 30, 2, '2020-11-12 06:39:31'),
(240, 144, 84, 1, 1, 115, 5, 30, 2, '2020-11-12 07:30:27'),
(241, 10, 8, 27, 2, 130, 6, 20, 2, '2020-11-12 08:44:25'),
(242, 130, 109, 35, 1, 110, 5, 20, 2, '2020-11-12 09:04:46'),
(243, 180, 112, 14, 1, 420, 21, 20, 2, '2020-11-12 13:07:04'),
(244, 171, 105, 35, 1, 180, 9, 20, 2, '2020-11-12 13:52:09'),
(245, 58, 29, 4, 1, 655, 32, 30, 2, '2020-11-12 14:30:56'),
(246, 90, 47, 8, 2, 150, 7, 30, 2, '2020-11-12 14:49:25'),
(247, 137, 80, 19, 6, 320, 16, 30, 2, '2020-11-12 15:45:25'),
(248, 137, 80, 28, 6, 310, 15, 30, 2, '2020-11-12 15:51:21'),
(249, 171, 105, 4, 1, 200, 10, 30, 2, '2020-11-13 07:23:26'),
(250, 90, 62, 7, 1, 120, 6, 30, 2, '2020-11-13 07:37:00'),
(251, 185, 115, 36, 1, 130, 6, 30, 2, '2020-11-13 08:09:29'),
(252, 10, 8, 2, 2, 170, 8, 30, 2, '2020-11-13 08:21:37'),
(253, 130, 109, 35, 2, 175, 8, 20, 2, '2020-11-13 08:39:14'),
(254, 102, 70, 19, 1, 180, 9, 30, 2, '2020-11-13 14:11:49'),
(255, 144, 84, 6, 1, 100, 5, 20, 2, '2020-11-13 15:07:07'),
(256, 90, 47, 8, 1, 480, 24, 30, 2, '2020-11-13 15:44:07'),
(257, 73, 40, 4, 1, 410, 20, 30, 2, '2020-11-13 16:12:36'),
(258, 144, 84, 8, 1, 130, 6, 30, 2, '2020-11-14 06:52:19'),
(259, 10, 8, 27, 2, 130, 6, 20, 2, '2020-11-14 08:47:22'),
(260, 177, 110, 14, 2, 104, 5, 20, 2, '2020-11-14 09:00:16'),
(261, 176, 116, 19, 1, 220, 11, 30, 2, '2020-11-14 14:02:13'),
(262, 113, 85, 19, 1, 265, 13, 30, 2, '2020-11-14 14:52:47'),
(263, 78, 42, 31, 6, 100, 5, 20, 2, '2020-11-14 15:45:46'),
(264, 10, 8, 1, 3, 192, 9, 30, 2, '2020-11-15 06:47:26'),
(265, 58, 29, 8, 1, 200, 10, 30, 2, '2020-11-15 07:15:40'),
(266, 175, 107, 4, 1, 400, 20, 30, 2, '2020-11-15 07:39:36'),
(267, 187, 117, 10, 1, 405, 20, 20, 2, '2020-11-15 09:41:28'),
(268, 51, 27, 17, 1, 180, 9, 30, 2, '2020-11-15 12:39:19'),
(269, 176, 116, 19, 2, 140, 7, 30, 2, '2020-11-15 13:17:38'),
(270, 189, 120, 4, 1, 1400, 70, 30, 2, '2020-11-15 14:01:27'),
(271, 131, 75, 30, 1, 540, 27, 20, 2, '2020-11-15 14:15:20'),
(272, 10, 8, 19, 1, 200, 10, 30, 2, '2020-11-16 08:31:36'),
(273, 90, 47, 19, 1, 160, 8, 30, 2, '2020-11-16 10:08:08'),
(274, 192, 122, 18, 3, 200, 10, 30, 2, '2020-11-16 13:50:47'),
(275, 179, 121, 7, 6, 245, 12, 30, 2, '2020-11-16 14:35:14'),
(276, 196, 124, 8, 1, 99, 4, 30, 2, '2020-11-17 06:59:56'),
(277, 196, 124, 8, 1, 99, 4, 30, 2, '2020-11-17 07:00:45'),
(278, 58, 29, 4, 1, 575, 28, 30, 2, '2020-11-17 13:42:00'),
(279, 198, 125, 14, 1, 182, 9, 20, 2, '2020-11-17 14:13:59'),
(280, 169, 104, 17, 6, 240, 12, 30, 2, '2020-11-17 14:59:31'),
(281, 169, 104, 11, 1, 200, 10, 30, 2, '2020-11-17 15:04:54'),
(282, 185, 115, 35, 1, 150, 7, 20, 2, '2020-11-17 15:29:56'),
(283, 185, 115, 11, 1, 120, 6, 30, 2, '2020-11-17 15:37:49'),
(284, 130, 109, 35, 1, 105, 5, 20, 2, '2020-11-18 07:37:18'),
(285, 10, 8, 19, 1, 125, 6, 30, 2, '2020-11-18 12:14:36'),
(286, 185, 115, 27, 1, 120, 6, 20, 2, '2020-11-18 12:42:56'),
(287, 90, 47, 7, 1, 260, 13, 30, 2, '2020-11-18 13:30:04'),
(288, 140, 83, 19, 1, 110, 5, 30, 2, '2020-11-18 14:18:28'),
(289, 198, 125, 14, 1, 124, 6, 20, 2, '2020-11-18 14:48:35'),
(290, 23, 38, 1, 2, 236, 11, 30, 2, '2020-11-19 07:48:05'),
(291, 131, 75, 30, 2, 190, 9, 20, 2, '2020-11-19 11:33:17'),
(292, 191, 126, 27, 2, 380, 19, 20, 2, '2020-11-19 11:49:10'),
(293, 191, 126, 27, 1, 380, 19, 20, 2, '2020-11-19 11:51:21'),
(294, 23, 38, 29, 2, 107, 5, 20, 2, '2020-11-19 14:13:49'),
(295, 169, 104, 1, 2, 298, 14, 30, 2, '2020-11-19 14:17:45'),
(296, 169, 104, 1, 2, 280, 14, 30, 2, '2020-11-19 14:30:15'),
(297, 198, 125, 14, 3, 270, 13, 20, 2, '2020-11-19 14:33:05'),
(298, 198, 125, 14, 3, 270, 13, 20, 2, '2020-11-19 14:36:09'),
(299, 153, 95, 26, 2, 105, 5, 20, 2, '2020-11-19 14:37:18'),
(300, 143, 127, 4, 1, 200, 10, 30, 2, '2020-11-19 15:09:05'),
(301, 143, 127, 35, 2, 100, 5, 20, 2, '2020-11-19 15:20:00'),
(302, 90, 62, 7, 2, 130, 6, 30, 2, '2020-11-20 07:45:41'),
(303, 201, 128, 15, 1, 160, 8, 20, 2, '2020-11-20 10:59:04'),
(304, 167, 103, 13, 1, 300, 15, 20, 2, '2020-11-20 11:12:38'),
(305, 191, 126, 19, 1, 165, 8, 30, 2, '2020-11-20 12:22:54'),
(306, 153, 95, 31, 2, 108, 5, 20, 2, '2020-11-20 13:47:52'),
(307, 58, 29, 8, 3, 215, 10, 30, 2, '2020-11-20 14:29:55'),
(308, 203, 129, 14, 1, 460, 23, 20, 2, '2020-11-20 14:40:29'),
(309, 198, 125, 14, 1, 130, 6, 20, 2, '2020-11-20 14:52:23'),
(310, 90, 62, 19, 1, 110, 5, 30, 2, '2020-11-21 07:36:25'),
(311, 205, 130, 4, 1, 200, 10, 30, 2, '2020-11-21 07:42:41'),
(312, 23, 38, 1, 2, 102, 5, 30, 2, '2020-11-21 07:45:14'),
(313, 98, 132, 19, 1, 120, 6, 30, 2, '2020-11-21 11:22:47'),
(314, 49, 26, 7, 1, 680, 34, 30, 2, '2020-11-21 14:33:50'),
(315, 23, 38, 29, 2, 172, 8, 20, 2, '2020-11-21 14:34:40'),
(316, 153, 95, 7, 3, 215, 10, 30, 2, '2020-11-21 15:27:03'),
(317, 206, 133, 28, 1, 210, 10, 30, 2, '2020-11-21 15:58:50'),
(318, 207, 134, 14, 2, 100, 5, 20, 2, '2020-11-22 07:52:05'),
(319, 208, 135, 4, 1, 200, 10, 30, 2, '2020-11-22 08:44:36'),
(320, 187, 117, 7, 1, 570, 28, 20, 2, '2020-11-22 10:13:23'),
(321, 201, 136, 15, 1, 120, 6, 20, 2, '2020-11-22 10:43:29'),
(322, 131, 137, 33, 1, 180, 9, 20, 2, '2020-11-22 11:12:31'),
(323, 144, 84, 6, 2, 210, 10, 20, 2, '2020-11-22 13:55:50'),
(324, 153, 95, 1, 3, 216, 10, 30, 2, '2020-11-22 15:04:03'),
(325, 210, 138, 17, 1, 180, 9, 30, 2, '2020-11-22 15:10:40'),
(326, 153, 95, 1, 3, 185, 9, 30, 2, '2020-11-22 15:13:39'),
(327, 78, 42, 4, 2, 200, 10, 30, 2, '2020-11-23 05:48:30'),
(328, 72, 39, 9, 6, 109, 5, 30, 2, '2020-11-23 06:10:23'),
(329, 127, 73, 8, 1, 129, 6, 30, 2, '2020-11-23 07:28:47'),
(330, 144, 84, 1, 2, 119, 5, 30, 2, '2020-11-23 07:51:23'),
(331, 187, 117, 9, 2, 608, 30, 30, 2, '2020-11-23 09:47:15'),
(332, 138, 81, 7, 1, 550, 27, 20, 2, '2020-11-23 13:25:31'),
(333, 25, 36, 19, 1, 110, 5, 30, 2, '2020-11-23 13:33:50'),
(334, 214, 139, 9, 2, 401, 20, 30, 2, '2020-11-23 13:40:09'),
(335, 138, 81, 7, 1, 240, 12, 20, 2, '2020-11-23 14:17:42'),
(336, 147, 87, 4, 6, 365, 18, 30, 2, '2020-11-23 15:41:31'),
(337, 198, 125, 31, 3, 134, 6, 20, 2, '2020-11-23 15:45:06'),
(338, 206, 133, 28, 6, 240, 12, 30, 2, '2020-11-23 16:10:48');

-- --------------------------------------------------------

--
-- Table structure for table `rider`
--

CREATE TABLE `rider` (
  `r_id` int(11) NOT NULL,
  `name` varchar(100) NOT NULL,
  `phone` varchar(100) NOT NULL,
  `password` varchar(100) NOT NULL
) ENGINE=MyISAM DEFAULT CHARSET=latin1;

--
-- Dumping data for table `rider`
--

INSERT INTO `rider` (`r_id`, `name`, `phone`, `password`) VALUES
(1, 'bhalubhai', '9879059806', 'parth@123'),
(2, 'harishbhai', '9601872170', '9601872170'),
(3, 'akrambhai', '8140160634', '8140160634'),
(4, 'jitubhai', '9924084926', '9924084926'),
(5, 'sandeepbhai', '9723523756', '9723523756'),
(6, 'chiragbhai', '9898464587', '9898464587');

-- --------------------------------------------------------

--
-- Table structure for table `status_detail`
--

CREATE TABLE `status_detail` (
  `s_id` int(11) NOT NULL,
  `status_name` varchar(25) NOT NULL
) ENGINE=InnoDB DEFAULT CHARSET=latin1;

--
-- Dumping data for table `status_detail`
--

INSERT INTO `status_detail` (`s_id`, `status_name`) VALUES
(1, 'Pending'),
(2, 'Accepted'),
(3, 'Preparing'),
(4, 'On The Way'),
(5, 'Delivered'),
(6, 'Cancelled'),
(7, 'Couldn\'t Delivered'),
(8, 'Returned');

-- --------------------------------------------------------

--
-- Table structure for table `user`
--

CREATE TABLE `user` (
  `u_id` int(11) NOT NULL,
  `name` varchar(30) NOT NULL,
  `email` varchar(100) NOT NULL,
  `password` varchar(20) NOT NULL,
  `phone` varchar(20) NOT NULL
) ENGINE=MyISAM DEFAULT CHARSET=latin1;

--
-- Dumping data for table `user`
--

INSERT INTO `user` (`u_id`, `name`, `email`, `password`, `phone`) VALUES
(1, 'ravi', 'ravij@gmail.com', 'rj@123', '9510990909'),
(2, 'foo', 'foo@gmail.com', '123456', '000000000'),
(3, 'foo', 'foo@gmail.com', '123456', '00000000'),
(4, 'foo', 'jadavmohit86@gmail.com', '123456', '9724430736'),
(5, 'Darshak Varsani', 'varsanidarshak111@gmail.com', 'dk@4649', '9313551645'),
(6, 'Darshak Varsani', 'varsanidarshak111@gmail.com', '1234567', '9624924649'),
(7, 'Savaj Raj', 'rsavaj7@gmail.com', 'Savaj@123', '9824318964'),
(8, 'Tushar', 'tushar@gmail.com', 'tushar@123', '9854362254'),
(9, 'Gohil chirag b', 'gohilchirag775@gmail.com', '1212343400', '9898464587'),
(10, 'Bhalu lalit', 'lalitbhalu481@gmail.com', 'bhalu@123', '9879059806'),
(11, 'ravibhai', 'prajaptiravi523@gamil.com', '123456789', '9427744594'),
(12, 'faiyaz nagariya', 'faiyaznagariya123@gmail.com', '96449644', '9106936209'),
(13, 'parth Bhalu', 'bhaluparul@gmail.com', 'parth12345', '7698334314'),
(14, 'Tushar kaushik', 'kaushiktushar008@gmail.com', 'food101', '9761650217'),
(15, 'dharmesh', 'sarikhadadavid@gmail.com', 'David@786', '9722882007'),
(16, 'Mehul', 'bhalumehulj@gmail.com', '1234567890', '9978908135'),
(17, 'Raj chavda', 'rajchavada159215@gmail.com', 'raj1592', '9051802470'),
(18, 'Vishal kumar', 'chavdavishalkumar180@gmail.com', '192021', '9016117781'),
(19, 'manish rajput', 'manishsinghraghuvanshi7@gmail.com', 'manush345', '8920402727'),
(20, 'Nimesh Bochiya', 'nimishbochiya10@gmail.com', '9067072840n', '9067072840'),
(21, 'suresh ajani', 'ajanisuresh64@gmail.com', '123456789', '8849518495'),
(22, 'Vipul bharavad', 'gamaravipul48@gmail.com', '9934585071', '9924585071'),
(23, 'Harish Sheikh', 'harish.sheikh04@gmail.Com', 'Safiya143', '9601872170'),
(24, 'mukund', 'mukundpatel223344@gmail.com', '06777111', '6356363345'),
(25, 'Rahul Bhalu', 'rahulbhalu84@gmail.com', 'rahul@123', '7990632029'),
(26, 'darshan patel', 'darshannakrani12@gmail.com', '9712327185D', '9016947457'),
(27, 'rafik jogiya', 'rafikjogiya5@gmail.com', '9809812512', '9809812512'),
(28, 'Hiren Patel', 'Hirenkotadia007@gmail.com', 'Kotadia@007', '9925445444'),
(29, 'parth', 'parth8999patel@gmail.com', 'patel9599', '6352855611'),
(30, 'akram', 'akramkazi517@gmail.com', 'akram@1997', '8140160634'),
(31, 'Dharmesh', 'negandhishobha@gmail.com', 'Act@1056', '9227510056'),
(32, 'Hussain', 'keshwanihussain111@gmail.com', '12345trewq', '8490000878'),
(33, 'Arkin parmar', 'arkinp899@gmail.com', '9998196075', '9998196075'),
(34, 'mehbub', 'dodiyamaheboobbhai@gmail.com', 'maheboob@123', '9773058589'),
(35, 'Shahir Kureshi', 'kureshishahir@gmail.com', 'shahir4801', '7600536399'),
(36, 'bhavesh', 'bkbhavesh108@gmail.com', 'Bhavesh@89', '7874294500'),
(37, 'salim chauhan', 'salimchauhan11011@gmail.com', 'Luckyank', '9099798899'),
(38, 'SagarSarvaiya', 'sagarsarvaiya8989@gmail.com', '891995', '8200628156'),
(39, 'kevin raval', 'kevinraval@gmail.com', 'kevin12345', '9988473716'),
(40, 'Sanjay', 'sanjay1985@gmail.com', 'sanjay54321', '9630852741'),
(41, 'rajat', 'rajatsisodiya@gmail.com', 'Rajat1992', '8320488813'),
(42, 'alfaz kazi', 'alfaz0939@gmail.com', '9904532023', '8780392363'),
(43, 'xxx', 'xxx@xzx.com', '12345', '9898989898'),
(44, 'xxx', 'xxx@xx.com', '12345', '9999999999'),
(45, 'chintan soni', 'chintansoni34.cs@gmail.com', '8528', '7878140095'),
(46, 'pradeep Chanv', 'pradeepchanv041075@gmail.com', '9277', '9825132513'),
(47, 'faruk saiyad', 'farukbhaisaiyad@gmail.com', '00130013', '9979622217'),
(48, 'lakhman', 'lakhandivraniya@gmail.com', '1234', '9712353444'),
(49, 'Bhavesh', 'amreliyabj@gmail.com', 'amreli123', '9909783977'),
(50, 'Mubina Teli', 'memonmubu@gmail.com', 'mubuyasu', '7990829636'),
(51, 'ruksar tausif', 'ruksartausif94@gmail.com', '9327424170', '8200197485'),
(52, 'AABIR TELI', 'aabirmemon87@gmail.com', 'aabir123', '7041028765'),
(53, 'irshad kureshi', 'irshadkureshi63@gmail.com', 'ruhansamira123', '9016748644'),
(54, 'Dipak Pandya', 'dipakpandyabob@hotmail.com', 'dipak4142', '8200509618'),
(55, 'Mohit Popat', 'mohitpopat5711@gmail.com', 'kavyapopat', '7383201036'),
(56, 'soyab metar', 'soyabmetar313@gmail.com', 'soyab9898', '9824786055'),
(57, 'Vicky Goswami', 'shreddy1412@gmail.com', 'Smarty@12', '9157515555'),
(58, 'Ajeesh', 'ajeeshjs.ajs@gmail.com', 'coco-', '7561083986'),
(59, 'kano', 'kano9624382208@gmail.com', '123456789', '9624382208'),
(60, 'pintu gamara', 'pintugamara27474@gmail.com', '909960', '9099606172'),
(61, 'parsotambhai gohil', 'lalitbhalu481@gmail.com', '9974020319', '9974020319'),
(62, 'ravi', 'rvbhalu@gmail.com', '9638509404', '9638509404'),
(63, 'keval', 'abc@gmail.com', '12345', '9979654300'),
(64, 'Amit Maheta', 'amitmehta6928@gmail.com', 'Amit@2020', '9725420097'),
(65, 'Sagar vora', 'vorassagar@gmail.com', '9595795673', '9762568917'),
(66, 'arif', 'arifkureshi30236@gmail.com', '98258302', '9825830236'),
(67, 'gautam makwana', 'gautammakwana519@gmail.com', 'makwana@12', '8128048948'),
(68, 'shahbudn kureshi', 'shahkureshi2017@gmail.com', 'imran@0909', '8460085012'),
(69, 'Vishal Talaviya', 'talaviya40@gmail.com', 'VISHAL@3091994', '9913407152'),
(70, 'Faizan Parmar', 'nazirparmar99@gmail.com', '61926114', '7016965667'),
(71, 'ABCD', 'abcd@gmail.com', '1234', '8888888888'),
(72, 'Vasudev Talaviya', 'vasudevtalaviya143@gmail.com', 'vasudevtalaviya', '9696527275'),
(73, 'Jayendra', 'jayendrashingala@gmail.com', 'jenypatel2409', '9687047295'),
(74, 'kaushik vasavada', 'kaushikvasavada0@gmail.com', 'kmv123#*', '9974948478'),
(75, 'hitesh dabhi', 'hiteshbhaidabhihitesh@gmil.com', 'dabhi@123', '9913825118'),
(76, 'Nasir Yafai', 'yafainasir@gmail.com', 'Nasir@1234', '9824829898'),
(77, 'kamlesh', 'kkgohil141@gimail.com', 'dollykrishank', '9898631823'),
(78, 'Rock Dhakhda', 'adhakhda22@gmail.com', '1207199122', '8000630077'),
(79, 'Bhavesh hingu', 'hingubhavesh330@gmail.com', '9374141993', '9374141993'),
(80, 'snehal', 'snehal.as3@gmail.com', 'snehal123', '7226886868'),
(81, 'praful shyam', 'prafulshyam@gmail.com', '240850', '8200090368'),
(82, 'jay jograjiya', 'jayjorajiya@gmail.com', '982407', '9824073776'),
(83, 'jury dabhi', 'lalitbhalu481@gmail.com', 'jitu@123', '9825356997'),
(84, 'ritesh rabari', 'riteshrabari007@gmail.com', 'ritesh', '9898616006'),
(85, 'harsh', 'hvedits12@gmail.com', 'hvedits12', '9712016074'),
(86, 'Mehul panjwani', 'mehulpanjvani292@gmail.com', 'mehul@123', '7434902657'),
(87, 'Sajid Rafai', 'rafaisajid92@gmail.com', 'sajid822', '8511223306'),
(88, 'Mubarak Shekh', 'mubarakshekh2@gmail.com', 'kabir777', '9638777909'),
(89, 'SANJAYBHAI', 'bharadsanjay@gmail.com', '01021980', '9427311316'),
(90, 'Garima Mishra', 'gaajita.mmmmmm@gmail.com', 'garima25', '7007478031'),
(91, 'jitesh mahajan', 'jitesh10mahajan@gmail.com', '09054885654', '9054885654'),
(92, 'Shaileshbhai BHALU', 'bhalushailesh760@gmail.com', 'savan123', '8320445267'),
(93, 'manoj goswami', 'manojgoswami1988@gmail.com', 'Manoj@1988', '6353562269'),
(94, 'Aadil', 'aadilradhanpara@gmail.com', 'aadil@1234', '8000213123'),
(95, 'Nishit Chaudhari', 'chaudhari.nishit@yahoo.com', '9426723360', '7990436200'),
(96, 'gohil vishvajit', 'gohil.vishvajit111@gmail.com', '814185', '8160610323'),
(97, 'Mehul', 'kapadiyamehul83@gmail.com', 'Mehul@22793', '7698840803'),
(98, 'Meet', 'meetsojitrainbox2@gmail.com', 'meet098', '9998200127'),
(99, 'Meet', 'meetbhagat454@gmail.com', 'Meet@123', '7048651884'),
(100, '????', 'kalpeshbhabhor2505@gmail.com', 'kalpesh_123', '9904913758'),
(101, 'kalpesh', 'kalpeshbhabhor2505@gmail.com', 'kalpesh@123', '9664887217'),
(102, 'Mehul gohil', 'amrelimedicalstore@gmail.com', '223344', '8530303001'),
(103, 'Jaypal Vaghela', 'jav_110ce@yahoo.co.in', 'Sai@1234', '9427146365'),
(104, 'Dr.Snehal Deshmukh', 'snehaldeshmukh140@gmail.com', 'snehal@coco+', '9960183493'),
(105, 'Dr.Mohanan M.', 'drmohananmadathil@gmail.com', '123456', '9895466178'),
(106, 'THEVINCHHI', 'thevinchhi@gmail.com', '63526122', '6352612269'),
(107, 'vinubhai', 'sidhdhpuravinubhai@gmail.com', '9909639903', '9909639903'),
(108, 'kamal chauhan', 'kamal_chauhan_2005@yahoo.com', '8794', '9929565973'),
(109, 'jekshan yardi', 'jacksonyardi@gmail.com', 'jekshan@007', '8780728151'),
(110, 'abhyuday', 'abhyudaydabhi@gmail.com', 'dabhi@123', '7016125696'),
(111, 'rama chandran', 'chandranramgr@gmail.com', 'Ram@1012', '6381141945'),
(112, 'Pratik Parmar', 'pratikparmar287@gmail.com', 'pratik@1234', '9377488488'),
(113, 'Harsh Vaghasiya', 'harshvaghasiya2004@gmail.com', 'harshv04@', '9825548074'),
(114, 'R v kamalia', 'rvk91188@gmail.com', 'rvk123', '9428890758'),
(115, 'dhaval', 'dgtrivedi101@gmail.com', '7984939922', '7984939922'),
(116, 'Manav Vasani', 'vasanimanav922@yahoo.com', 'manav@3699', '7984108326'),
(117, 'MALEKBEN DAUDANI', 'malekdaudani@gmail.com', 'malek20', '9924521980'),
(118, 'Suresh', 's.m.suresh809@gmail.com', 'musu23', '8489348546'),
(119, 'heet', 'adesaraheet@gmail.com', 'heet1234', '7817073291'),
(120, 'ayaz', 'aiyazateli@gmail.com', 'amreli365601', '8347826551'),
(121, 'Kader khalifa', 'kaderkhalifa809@gmail.com', '1234567', '8780263507'),
(122, 'mannan', 'chauhanmanan786@gmail.com', 'manan786', '8734878100'),
(123, 'maulik', 'maulikkatara456@gmail.com', 'maulik123', '9909772109'),
(124, 'sunil tadvi', 'tadvisonu007@gmail.com', 'Sunil@tadvi', '9328709177'),
(125, 'Gajera Darshit', 'gajeradarshit211@gmail.com', 'darshit211', '9586215342'),
(126, 'juhil', 'juhilpatel1604@gmail.com', 'juhil1604', '9054554737'),
(127, 'Sunil makwana', 'brc.mis.liliya@gmail.com', 'sujal1829', '9664849494'),
(128, 'janak vala', 'janakvala2018@gmail.com', '9898267968', '8140997235'),
(129, 'Ajay', 'ajay7117kumar@gmail.com', 'Sunday7', '7990777522'),
(130, 'Chirag Jinjariya', 'cjinjariya4896@gmail.com', 'chirag4896', '7575075115'),
(131, 'vipul jani', 'jani.vipul1982@gmail.com', 'Indian@123@', '7016117203'),
(132, 'Nisarg Patel', 'nisarg20patel20@gmail.com', '10152025', '9328034671'),
(133, 'shivrajbhai vala', 'krishkaliya@gmail.com', 'krishnakaliya123', '7778880181'),
(134, 'Ankit', 'ankit200755@gmail.com', '20071995AvM', '9409172223'),
(135, 'Rutu', 'rutudobariya191@gmail.com', 'tothemoonandback', '9104102474'),
(136, 'Bhargav', 'bhargavvaishnav4501@gmail.com', '22982299', '8905667615'),
(137, 'Nency Merani', 'nencymerani418@gmail.com', 'nency456', '7203859496'),
(138, 'Payal Keshubhai', 'payalvaghamshi@gmail.com', '6351227620', '9924516993'),
(139, 'aakib Nagani', 'asianele2017@gmail.com', 'Aakib1992', '9978584424'),
(140, 'Himanshu Vyas', 'vyas.himanshu021@gmail.com', 'cricbuzz', '9672436473'),
(141, 'ashvini rathva', 'ashvinirathwa@gmail.com', 'livehappy', '9978955107'),
(142, 'Sanket Mori', 'morisanket8@gmail.com', '8487983882', '8487983882'),
(143, 'rutvik', 'rhutavik.rv@gmail.com', 'rv1234', '7621916898'),
(144, 'nimu', 'nimunimu5@gmail.com', 'Sitarama1', '9824421111'),
(145, 'Kripali Mehta', 'kripalimehta9@gmail.com', 'kripalifood11', '8780454026'),
(146, 'Bhavesh', 'bhaveshrawal1973@gmail.com', '12345677', '9426635214'),
(147, 'hemang', 'jaygurudevamrapur@gmail.com', 'hem6078hg', '8128363650'),
(148, 'Jaimini Patel', 'jaimini909@gmail.com', 'iluharsh', '8200370950'),
(149, 'rutvi  asari', 'rutviasari5696@gmail.com', 'ronak@5696', '8320689903'),
(150, 'ajrudinkazi', 'ajukazi747@gmail.com', 'ajukazi8980', '8200898789'),
(151, 'Sagarsinh parmar', 'sagarsinh12parmar@gmail.com', '181196', '9586699905'),
(152, 'Sejal patel', 'sejaldhari88@gmail.com', 'sejal123', '9106839513'),
(153, 'Deep Soni', 'dsoni7497@gmail.com', 'Dipali Bhavesh', '9537785385'),
(154, 'Jalpa kamdar', 'kamdar.jalpa@gmail.com', 'jalpa123', '8905362722'),
(155, 'Ratilal Korat', 'koratratilal1965@gmail.com', '9426281598', '9426281598'),
(156, 'parth rajyaguru', 'prgurutom90@gmail.com', 'coco1234', '7990709449'),
(157, 'Nikunj Gondaliya', 'nikunjgondaliya108@gmail.com', 'nikunj789', '8980106870'),
(158, 'Somil Rathod', 'drsomil3091@gmail.com', 'babubhai95', '8980561289'),
(159, 'sumit', 'sumit.zalavadiya@gmail.com', '9558848266', '9558848266'),
(160, 'Anand', 'janand232@gmail.com', 'anand007', '7284990844'),
(161, 'GAURAV SIKHWAL', 'gauravsikhwal@gmail.com', 'Gs@141219900', '9409096998'),
(162, 'Ashish Gadhiya', 'ashishgadhiya819@gmail.com', '235623', '9408286808'),
(163, 'piyush gosai', 'gosaidrpiyush47@gmail.com', 'shreeji9366', '9427744599'),
(164, 'asif', 'asifnagariya381@gmail.com', 'nasif786', '9722997865'),
(165, 'harshil', 'talaviyah6@gmail.com', 'harshilv', '7284042215'),
(166, 'Nayan', 'rathod.vijay@outlook.com', '1234567', '9824028705'),
(167, 'malay', 'malayparmar124@gmail.com', 'malay3057', '6351262028'),
(168, 'abhay baranwal', 'baranwalabhay2411@gmail.com', 'shubham2411', '7389549432'),
(169, 'Dhaval Patel', 'lionheart441@gmail.com', '62348743', '9099693855'),
(170, 'Dhaval', 'lionheart441@gmail.com', '62348743', '9099693822'),
(171, 'Garasiya Sanjay', 'garasiya82@gmail.com', 'pgvcl2607', '9662603608'),
(172, 'R.P SAKHIJA', 'sakhijarohit5152@gmail.com', 'Rohit@96', '9924968735'),
(173, 'paras jivani', 'paras.pushti@gmail.com', 'jivaniparas123@', '9033332096'),
(174, 'Abhishek kumar', 'abhishekkr72@gmail.com', 'Welcome@1', '8651526530'),
(175, 'sanket Patel', 'sanketr58@gmail.com', '9825876568', '6352225646'),
(176, 'SOHIL', 'shekhsohil17@gmail.com', 'Tazmeen@1717', '7359351717'),
(177, '?????? ??????? ????', 'shafishekhani89@gmail.com', '0377', '9426168700'),
(178, 'SHRIKANT', 'pasishrikant1@gmail.com', '09071987', '8128876926'),
(179, 'Yash Raval', 'yashsraval@gmail.com', 'yash7667', '8140433776'),
(180, 'Sanjay Rathod', 'sanjayrathod.1432.sr@gmail.com', '31071987', '9146179411'),
(181, 'Pankajbhai', 'pankajkarena3897@gmail.com', 'JAY MAA MOGAL', '9913636143'),
(182, 'kalpesh', 'kmkalpesh17@gmail.com', '9033385187k', '9033385187'),
(183, 'rajni', 'rajniparmaramreli@gmail.com', '26111987', '9974945120'),
(184, 'HARIKRUSHNA KAPADIYA', 'kapadiyaharshil1@gmail.com', 'hari1234', '8347619706'),
(185, 'RAJNIKANT SOLANKI', 'rajni.unique@gmail.com', '9978407190', '8128998018'),
(186, 'Parmar Vishal', 'vkparmar93@gmail.com', 'Vkparmar93', '8200284520'),
(187, 'ALTAF BHATTI', 'alifiyabhatti093@gmail.com', 'zahabiya', '9104690270'),
(188, 'seema pandya', 'seempandya@gmail.com', 'seemapandya1010', '7046595008'),
(189, 'Anuj Mayatra', 'anuj.mayatra@gmail.com', 'anuj6009', '9033338493'),
(190, 'uday kakrecha', 'uday01kakrecha@gmail.com', '7600299953', '7600299953'),
(191, 'karan', 'karanthakar4205@gmail.com', 'karan@3105', '9724666442'),
(192, 'Akshay makwana', 'makwanaakshay77@gmail.com', '311295', '8141424610'),
(193, 'PANELIYA YASH', 'yashpaneliya48@gmail.com', 'amreli@123', '8140837558'),
(194, 'kashyap devmurari', 'devmurari.kashyap@gmail.com', '9824266200', '9824266200'),
(195, 'dev thakkar', 'devthakkar873@gmail.com', 'dev@123', '9574315727'),
(196, 'Kaushik Chauhan', 'drkachauhan11@gmail.com', 'coco@2020', '8735845154'),
(197, 'harsh', 'pandyaharsh51@gmail.com', 'harsh3994', '9099933836'),
(198, 'paresh', 'goswamiparesh97@gmail.com', 'paresh9998', '7041112333'),
(199, 'pareshgiri', 'goswamiparesh97@gmail.com', 'paresh9998', '9998799897'),
(200, 'Pratik Bagthalia', 'pratikbagthalia007@gmail.com', 'pratik123', '9426273787'),
(201, 'Jaydeep Dhanani', 'jpdhanani007@gmail.com', 'vetyy295', '9427102212'),
(202, 'Harshil Dhavar', 'dhavarharshil@gmail.com', 'Harshil2915h', '9099326751'),
(203, 'Vivek Malik', 'vivekmalik1990@gmail.com', '1234', '9456295787'),
(204, 'Malay Mehta', 'malay1980@gmail.com', 'malay@123', '9925209655'),
(205, 'Mayur', 'mayursolanki533@gmail.com', 'mayur@boss', '9737695009'),
(206, 'Hiren Mehta', 'hiren.mehta2617@gmail.com', 'hiren2617', '9924309944'),
(207, 'kartik', 'kartikkarkar@yahoo.com', 'kartik007', '9429187178'),
(208, 'gopal bhesaniya', 'lalitbhalu481@gmail.com', '12345678', '8490011948'),
(209, 'vinubhai ajani', 'ajanivinubhai@gmail.com', '12345678', '9925263513'),
(210, 'hanif multani', 'hmultani94@gmail.com', '12345678', '9904084485'),
(211, 'haresh', 'hareshchauhan1988@gmail.com', 'h1w34567', '8000837835'),
(212, 'kip', 'kip1313paytm@gmail.com', 'playDgame4', '8200736165'),
(213, 'Himat', 'himatchuhan16@gmail.com', '9909098789', '9909098789'),
(214, 'Tribhuvan Singh Rathore', 'tribhuvan87@gmail.com', 'amrelicoco', '9784893899');

-- --------------------------------------------------------

--
-- Table structure for table `user_address`
--

CREATE TABLE `user_address` (
  `a_id` int(11) NOT NULL,
  `u_id` int(11) NOT NULL,
  `name` varchar(200) NOT NULL,
  `phone` varchar(13) NOT NULL,
  `address` varchar(2000) NOT NULL,
  `house_no` varchar(10) NOT NULL,
  `landmark` varchar(500) NOT NULL
) ENGINE=InnoDB DEFAULT CHARSET=latin1;

--
-- Dumping data for table `user_address`
--

INSERT INTO `user_address` (`a_id`, `u_id`, `name`, `phone`, `address`, `house_no`, `landmark`) VALUES
(1, 1, 'dk', '65', 'amreli', 'gh', 'zfh'),
(2, 7, 'Raj Savaj', '9824318964', 'Jira,Savarkundala Amreli', '505', 'Near Bust stand'),
(7, 7, 'Sagar', '9408230180', 'Amrut Dhara', '606', 'Near RTO'),
(8, 10, 'Lalit Bhalu', '9879059806', 'jesingpara ambika nagar street no 2', '36', 'limbda pir vali Sheri'),
(9, 13, 'parth Bhalu', '7698334314', 'jesingpara ambika nagar street no 2', '36', 'limbda pir vali Sheri'),
(10, 14, 'Tushar kaushik', '9761650217', 'Near Tapovan Park, Chital Road Amreli', 'B16,', 'near Amul parlour'),
(11, 16, 'Mehul bhalu', '9978908135', 'Jeshingpara om Nagar 2 shitala mata nu padu', '24', 'gauvshala'),
(12, 18, 'vishal kumar', '9016117781', 'Ekant office near maruti Suzuki shwoorom lathi road by pass', 'Ekart offi', 'atul shwoorom'),
(13, 18, 'vishal kumar', '9016117781', 'Ekant office near maruti Suzuki shwoorom lathi road by pass', 'Ekart offi', 'atul shwoorom'),
(14, 14, 'Tushar kaushik', '9761650217', 'Near Jalaram Motors, Rajkot Road, Amreli', 'O/o Indian', 'Opp Radhika Eye Hospital'),
(15, 31, 'Shubhamcards station road', '9227510056', 'amreli', 'Kahan kunj', 'amreli'),
(16, 31, 'Shubhamcards station road', '9227510056', 'amreli', 'Kahan kunj', 'amreli'),
(17, 33, 'Arkin parmar', '9998196075', 'flat no 204 2nd floor', 'Manek para', 'shiv leela Building'),
(18, 34, 'MAHEBOOB', '9773058589', 'mini kasba street no 1 tarvadi pase', '34', 'juni bilkhiya gas agcnay'),
(19, 9, 'Gohil chirag b', '9898464587', 'ambikanagar seri N 7', 'guru kupa', 'ambikanagar seri N 7'),
(20, 36, 'rangoli iccream', '7874294500', 'amreli', 'shop no-13', 'jilla panchyat road'),
(21, 27, 'rafikjogiya', '9979194913', 'bharpra madina masjid same hotel Nizami\n\n\nbharpra madina masjid same hotel Nizami', 'no', '365601'),
(22, 30, 'akram kazi', '8140160634', 'bhalu', 'bhalu', 'bhalu'),
(23, 41, 'rajat', '8320288812', 'seri no 5', '55', 'chital road, om nagar'),
(24, 46, 'pradeep Chanv', '9825132513', 'gokuldham Society, opp.jalaram Nagar, hanuman para main road, amreli 365601', '20', 'near GIDC'),
(25, 48, 'lakhman bhai', '9712353444', 'amreli', 'paras whit', 'opp. bus station'),
(26, 49, 'Bhavesh Amreliya', '9909783977', 'Opposite Akhada', 'Doctor Hou', 'College Road'),
(27, 51, 'sikandarkhan pathan', '9427249210', 'gandhi park society,behind gandhi baug,Amreli', 'tarrannum', 'Amreli'),
(28, 57, 'Vicky Goswami', '9157515555', 'amreli', 'shivam ele', 'opp. civil hospital'),
(29, 58, 'Ajeesh', '7561083986', 'Lathi Road nr ST Division amreli', 'flat no 40', 'kishan mall'),
(30, 60, 'pintu gamara', '9099606172', 'jesingpara rampara street no 5 Amreli', '46', 'mathuli pan'),
(31, 61, 'parsotambhai gohil', '9974020319', 'sardar nagar street no 5 amreli', 'last', 'mahadev mandir'),
(32, 62, 'ravi', '9638509404', 'om Nagar 2 behind Shitla Mata Mandir Street number 5 rampara Jesingpara amreli', '264', 'Jesingpara'),
(33, 64, 'Amit Maheta', '9725420097', 'Amreli 365601', 'Block no 1', 'Hanuman para main road'),
(34, 66, 'arif', '9825830236', 'mini kasba', 'cow farm', 'ughadsa pir ni baju ma'),
(35, 13, 'parth bhalu', '7698334314', 'jesingpara ambika nagar street no 2', '36', 'limbda pir vali Sheri'),
(36, 25, 'Bhalu Rahulbhai Jayantibhai', '9978908134', 'Street No.3/C', 'Verai Krup', 'Jesingpara Om Nagar 2'),
(37, 67, 'gautam makwana', '8128048948', 'Amreli', '35', 'juna yard'),
(38, 23, 'haris', '9601872170', 'Chdkdk', 'hh', 'bcj'),
(39, 72, 'Radheshyam Transport', '9696527275', 'marketing yard', '1', 'Avadh Vali sheri'),
(40, 73, 'Jayendra', '+919687047295', 'amreli', '9687047295', 'Opp S r depot'),
(41, 75, 'hitesh dabhi', '991382518', 'jesingpara rampara street no 5', '47', 'mandir'),
(42, 78, 'Ankurbhai dhakhda', '8000630077', 'shivshakti pan parlor', 'shivshakti', 'chakkargadh Road sardar chok'),
(43, 49, 'Bhavesh Amreliya', '9909783977', 'Krishna Society', 'Block No. ', 'Behind Ramanuj Hospital'),
(44, 86, 'Mehul panjwani', '7434902657', 'Mani Nagar sai baba Na mandir pase', '6', 'Mani nagar'),
(45, 65, 'Sagar vora', '9762568917', 'hanumanpara road jadeshvarnavar nagar 1 pachal', 'Hari Om vo', 'jalaram nagar'),
(46, 89, 'SANJAYBHAI BHARAD', '9427311316', 'GIRDHAR NAGAR , NEAR SUBHAM HEIGHTS , LATHI ROAD , AMRELI', '9', 'GIRDHAR NAGAR'),
(47, 90, 'GARIMA MISHRA', '7007478031', 'lane no.7', '5060 RADHA', 'near p.p.sojitra bunglow'),
(48, 93, 'Manoj Goswami', '6353562269', 'Ganganagar-1, chakkargadh road, amreli', 'A/10, Gita', 'Danev pan centre vali gali'),
(49, 50, 'Mubina Teli', '7990829636', 'Gandhi Park Society', 'House No 4', 'Near Darji Gyati Wadi'),
(50, 58, 'Ajeesh', '7561083986', 'Gokuldham lathi road amreli', 'flat no 40', 'Gokuldham apartment, near ST Division'),
(51, 96, 'gohil vishvajit', '8160610323', 'shrirang society, chital road', '67', 'anganvadini same'),
(52, 99, 'Meet Bhagat', '7048651884', 'man City by pass', 'R-7', 'near RTO'),
(53, 101, 'Kalpesh', '9904913758', 'behind Radhika hospital', 'Low Colleg', 'near low College'),
(54, 103, 'Jaypal Vaghela', '9427146365', 'NIC, Collector Office,', 'Room No. 1', 'Rajmahal Compound'),
(55, 104, 'Dr.Snehal Deshmukh', '9960183493', 'Netra chikitsa Ayurved Pharmacy, Law college road,Amreli', 'Netra chik', 'Opposite NCT covid hospital'),
(56, 105, 'Dr.Mohanan M.', '9895466178', 'Netra chikitsa Ayurveda Pharmacy, law college road.opposite NCT covid hospital', 'Netra chik', 'law college road'),
(57, 92, 'savan bhalu', '9979222279', 'jeshigpara', '6', 'limbda pir'),
(58, 106, 'THEVINCHHI', '6352612269', 'shubham haits,flat no. 506,girdhar nagar ,lathi road', '506', 'girdhar nagar'),
(59, 107, 'vinubhai', '9909639903', 'jesingpara rampara', '564', 'sheri no5'),
(60, 109, 'jekshan yardi', '8780728151', 'vidhyanagar society near railway station G I D C road', '..', 'lathi road railway fatak G.I.D.C road'),
(61, 104, 'Dr.Snehal Deshmukh', '9960183493', '125, Shreerang society, near datta mandir, chittal road,Amreli-365601', '125', 'Chittal road'),
(62, 90, 'GARIMA MISHRA', '7007478031', 'm.g.road amreli', 'UCO BANK A', 'opposite vegetable market'),
(63, 98, 'corrupt Image', '9998200127', '104, Corrupt Image,life line corner, manek para, opp.dr.dhaduk hospital', '104, Corru', 'life line corner'),
(64, 115, 'dhaval', '7984939922', 'amrut dhara no.5', 'green life', 'chakkargadh road'),
(65, 116, 'Manav Vasani', '7984108326', 'New Marketiny Yard savarkundla  road', 'tha.Chhota', 'Amreli'),
(66, 114, 'R v kamalia', '9428890758', 'ram nagar', 'brahmin so', 'ram nagar street no.7'),
(67, 117, 'Malekben', '9924521980', 'amreli', 'tarwadi ro', 'gas godam pass'),
(68, 117, 'malekben', '9924521980', 'm.g.rd.amreli', 'UCO BANK o', 'above general medical store'),
(69, 118, 'Suresh', '8489348546', 'lathi road, amreli', '704, Sahaj', 'Near Ganesh party plot'),
(70, 102, 'Amreli medical store', '8530303001', 'rajkaml chowak post office pass', 'no 2', 'opp avadh time'),
(71, 122, 'mannan chauhan', '8734878100', 'near darji wadi gandhi park scocity amreli', 'near darji', 'gandhi park scocity'),
(72, 123, 'maulik katara', '9909772109', 'Shantabaa Medical College', 'shantabaa ', 'Amreli lathi highway, near DLB society'),
(73, 127, 'SUNIL MAKWANA', '9664849494', 'ramnagar street no.6 b.society amreli', 'brahman so', 'lathi road'),
(74, 129, 'ajay', '8140997235', 'local board society ashirvad gest house ni pachal', 'block no 2', 'Banjara hospital'),
(75, 131, 'vipul jani', '7016117203', 'amreli', 'Apne water', 'gidc'),
(76, 85, 'harsh', '9712016074', 'ghandhi park', 'kirtan', 'no'),
(77, 121, 'kader khalifa', '8780263507', 'tarvadi road mini kasba masjid e gani', 'office', 'deth road'),
(78, 134, 'Ankit Maniya', '9409172223', ',Near Saankul circle, Chakkargath road,Amreli', 'E-701,Visw', 'Amreli'),
(79, 135, 'Rutu Dobariya', '9104102474', 'Amreli', 'Shantabaa ', 'Lathi road'),
(80, 137, 'Nency Merani', '7203859496', 'shantabaa Medical College Amreli', 'hostel', 'lathi road'),
(81, 138, 'payal', '6351227620', 'v.n.vyas homoeopathic medical College amreli', 'College', 'bagasra Highway'),
(82, 139, 'akib Nagani', '9978584424', 'collage Circle', '2 nd foor', 'Lathi road sanskar complex'),
(83, 140, 'Himanshu Vyas', '9672436473', 'Chakkargarh Road Amreli', 'Block no 8', 'Narayan bhai kachhadiya  ne same'),
(84, 144, 'vaishali raval', '9824421111', 'chital road', '52', 'gurukrupa 2'),
(85, 113, 'Harsh Vaghasiya', '9825548074', 'Manibapark society liliya road opp. Dwarkesh society', '1', 'Home'),
(86, 146, 'Asian Traders', '9426635214', 'jivraj Bhavan Shopping Center library road', '9', 'library'),
(87, 147, 'hemang', '8128363650', 'dhanani collage pase', 'jay gurude', 'gajera para'),
(88, 54, 'Dipak Pandya', '8200509618', 'Tower Road,Amreli', 'Bhagavati ', 'Rajkamal, Siddhivinayak sheri,'),
(89, 148, 'jaimini patel', '8200370950', 'smt. v. n vyas homoeopathy college', 'college', 'opp-radheshyam hotel, gavdaka road'),
(90, 149, 'rutvi asari', '8320689903', 'v.n.v homeopathhic medical   college  amreli', 'college', 'opposite radheshyam gavdka road'),
(91, 132, 'nisarg patel', '9328034671', 'lathi road amreli', '01', 'shantabaa medical college boys hostel'),
(92, 152, 'Sejal patel', '9106839513', 'shantabaa medical College', 'hostel', 'lathi road'),
(93, 42, 'alfazkazi', '8780392363', 'marketing yard', 'none', 'marketing yard'),
(94, 110, 'abhyuday dabhi', '7016125696', 'amrut park, lathi road', 'block-7', 'amreli'),
(95, 153, 'Deep Soni', '9537785386', 'Sukhnath para, opp Dilip Sanghani House, Amreli', '402,', 'Shreeji Tower'),
(96, 154, 'dr. hasmukh kamdar', '8905362722', 'street no 00', 'building o', 'jesingpara'),
(97, 154, 'jalpa kamdar', '8905362722', 'street no 0. jesingpara amreli', 'buildingbo', 'police choki vali gali'),
(98, 155, 'Ratilal Korat', '9426281598', 'Gurukrupa Nagar, b/h Mahila society , amreli 365601', '141 B', 'opp Raiyaraj Electronics'),
(99, 142, 'sanket', '6354839907', 'shantabaa medical college near civil hospital lathi road', 'hostel', 'shantabaa medical college'),
(100, 142, 'sanket', '6354839907', 'shantabaa medical college near civil hospital lathi road', 'hostel', 'shantabaa medical college'),
(101, 158, 'Somil rathod', '8980561289', 'near dlb society', 'shantabaa ', 'Amreli Lathi highway'),
(102, 91, 'jitesh mahajan', '9054885654', 'amreli', 'block no. ', 'police headquarter, chital road'),
(103, 167, 'malay parmar', '6351262028', '12/a, Sarvodaya society,chital road,Amreli', '12/a, Sarv', 'near dr.baba saheb Ambedkar hall'),
(104, 169, 'dhaval patel', '9099693822', 'aangan flats 404 lathi road bhramin society', '404', 'near madhuvan park'),
(105, 171, 'garasiya Sanjay', '9687662174', 'kachh kala kendra vali seri,Brahmeshwar nagar', '43 B', 'near Mahadev mall'),
(106, 114, 'R V KAMALIA', '9428890758', 'main road', 'amrut dhar', 'chakkar gadh road'),
(107, 175, 'sanket nakrani', '6352225646', 'lathi road bypass chokadi gurudatt Pretol pump ni same krishna oile', '1', 'krishna oile'),
(108, 175, 'sanket', '6352225646', 'lathi road bypass chokdi gurudatt Pretol pump ni same krishna oile', '1', 'krishna oile'),
(109, 130, 'Chirag Jinjariya', '7575075115', 'mira Arcat library road amreli', 'B26', 'library'),
(110, 177, '?????? ????? ????', '8980331313', '??????? ??? ??????? ??????', '??????????', '?????????? ???'),
(111, 178, 'SHRIKANT', '8128876926', 'near savarkundla chokdi', 'LD GIRLS H', 'QURANTINE CENTER'),
(112, 180, 'Sanjay Rathod', '9146179411', 'Amreli', 'LD girl ho', 'Savarkundala chokdi'),
(113, 180, 'Sanjay Rathod', '9146179411', 'Amreli', 'LD girl ho', 'Savarkundala chokdi'),
(114, 177, 'sekhani ????', '9426168700', '???? ??????? ????????', 'no', '????? ??? ?????? ??? ??? ?? ??????'),
(115, 185, 'RAJNIKANT', '8128998018', ',chittal road-amreli', 'RAJDEEP', 'westrn pa-amreli'),
(116, 176, 'SOHIL SHEKH', '7359351717', 'DR. K.V PARIKH ROAD ,AMRELI-365601', 'CARE TAKE ', 'NEAR OLD MARKET YARD GATE'),
(117, 187, 'Altaf bhatti', '8866358117', 'opp.memon kabrastan..maninagar', 'Sonu manzi', 'maninagar'),
(118, 187, 'Altaf bhatti', '8866358117', 'opp.memon kabrastan..maninagar', 'Sonu manzi', 'maninagar'),
(119, 189, 'anuj mayatra', '+919033338493', 'shree rang society', 'house no -', 'opp. datt temple'),
(120, 189, 'Anuj Mayatra', '+919033338493', 'Shree Rang Society, Chital Road', 'house No -', 'opp datt mandir'),
(121, 179, 'Yash Raval', '8140433776', 'Amreli', 'Jain Mahaj', 'Library Road'),
(122, 192, 'Akshay makwana', '8141424610', 'chorapa pani darvaja road', '\"vallabh k', 'nilkanth mahadev ni seri'),
(123, 193, 'PANELIYA YASH', '8140837558', 'Amrut dhara Soc-1', '25,Amrut d', 'Opp. patel sankul'),
(124, 196, 'KHUSHI', '8735845154', 'Chital Road', 'Plot 14A,G', 'Gayatri Mandir Main Road'),
(125, 198, 'pareshbhai', '7041112333', 'ranujadham society 1 hanumanpara road nr pathak school amreli', '13', 'Amreli'),
(126, 191, 'DDM ASSOCIATES', '6351546621', 'Silver Palace compex Station road golden plazza same', 'Silver Pal', '.'),
(127, 143, 'Rutvik virani', '6354967196', 'Om nagar sahyog seri chital road', '262/B', 'Khodiyar pan'),
(128, 201, 'Jaydeep Dhananai', '9427102212', 'Amreli', '79', 'Civil Hospital'),
(129, 203, 'vivek mallik', '+19456295787', 'cercuit house, central point', 'room no.20', 'central point'),
(130, 205, 'Mayur', '9737695009', 'DLB SOCIETY\nB/H ST DEPO AMRELI', '2', 'st depo'),
(131, 98, 'Meet A Sojitra', '9726900096', 'Manek Para, Bhagwati Chawk, Nr. Angel Cineworld', 'Meet Sojit', 'Angel Cineworld'),
(132, 98, 'Meet A Sojitra', '9998200127', 'Manek Para, Bhagwati Chawk, Nr. Angel Cineworld, Amreli.', 'Meet Sojit', 'Angel Cineworld'),
(133, 206, 'Hiren Mehta', '9924309944', 'RK pan center pase', '504, shiva', 'sankul road'),
(134, 207, 'kartik', '9429187178', 'amreli', '301, shubh', 'lathi road,'),
(135, 208, 'gopal bhesaniya', '8490011948', 'jesingpara sheri no 2', '35', 'hanuman mandir'),
(136, 201, 'DAYALJI ASSOCIATE', '9427102212', 'Amreli', 'First floo', 'chakkargadh road, nr. sardar chowk'),
(137, 131, 'vipul jani', '7016117203', 'Amreli', '105 urja n', 'opp Pathak school'),
(138, 210, 'hanif multani', '9904084485', 'maninagar', '6', 'near sai baba temple'),
(139, 214, 'Tribhuvan singh', '9784893899', '201, 2nd floor, panchwati appartment , lathi road, amreli', 'Flat no. 2', 'opposite shantaba medical college');

--
-- Indexes for dumped tables
--

--
-- Indexes for table `admin`
--
ALTER TABLE `admin`
  ADD PRIMARY KEY (`a_id`);

--
-- Indexes for table `category`
--
ALTER TABLE `category`
  ADD PRIMARY KEY (`c_id`);

--
-- Indexes for table `constant`
--
ALTER TABLE `constant`
  ADD PRIMARY KEY (`CONST_ID`);

--
-- Indexes for table `hotel`
--
ALTER TABLE `hotel`
  ADD PRIMARY KEY (`h_id`);

--
-- Indexes for table `hotel_menu`
--
ALTER TABLE `hotel_menu`
  ADD PRIMARY KEY (`hm_id`);

--
-- Indexes for table `hotel_time`
--
ALTER TABLE `hotel_time`
  ADD PRIMARY KEY (`ht_id`);

--
-- Indexes for table `menu`
--
ALTER TABLE `menu`
  ADD PRIMARY KEY (`m_id`);

--
-- Indexes for table `order_detail`
--
ALTER TABLE `order_detail`
  ADD PRIMARY KEY (`od_id`);

--
-- Indexes for table `order_master`
--
ALTER TABLE `order_master`
  ADD PRIMARY KEY (`o_id`);

--
-- Indexes for table `rider`
--
ALTER TABLE `rider`
  ADD PRIMARY KEY (`r_id`);

--
-- Indexes for table `status_detail`
--
ALTER TABLE `status_detail`
  ADD PRIMARY KEY (`s_id`);

--
-- Indexes for table `user`
--
ALTER TABLE `user`
  ADD PRIMARY KEY (`u_id`);

--
-- Indexes for table `user_address`
--
ALTER TABLE `user_address`
  ADD PRIMARY KEY (`a_id`);

--
-- AUTO_INCREMENT for dumped tables
--

--
-- AUTO_INCREMENT for table `category`
--
ALTER TABLE `category`
  MODIFY `c_id` int(11) NOT NULL AUTO_INCREMENT, AUTO_INCREMENT=22;

--
-- AUTO_INCREMENT for table `constant`
--
ALTER TABLE `constant`
  MODIFY `CONST_ID` int(11) NOT NULL AUTO_INCREMENT, AUTO_INCREMENT=14;

--
-- AUTO_INCREMENT for table `hotel`
--
ALTER TABLE `hotel`
  MODIFY `h_id` int(5) NOT NULL AUTO_INCREMENT, AUTO_INCREMENT=38;

--
-- AUTO_INCREMENT for table `hotel_menu`
--
ALTER TABLE `hotel_menu`
  MODIFY `hm_id` int(11) NOT NULL AUTO_INCREMENT, AUTO_INCREMENT=2913;

--
-- AUTO_INCREMENT for table `hotel_time`
--
ALTER TABLE `hotel_time`
  MODIFY `ht_id` int(11) NOT NULL AUTO_INCREMENT, AUTO_INCREMENT=195;

--
-- AUTO_INCREMENT for table `menu`
--
ALTER TABLE `menu`
  MODIFY `m_id` int(11) NOT NULL AUTO_INCREMENT, AUTO_INCREMENT=1975;

--
-- AUTO_INCREMENT for table `order_detail`
--
ALTER TABLE `order_detail`
  MODIFY `od_id` int(11) NOT NULL AUTO_INCREMENT, AUTO_INCREMENT=711;

--
-- AUTO_INCREMENT for table `order_master`
--
ALTER TABLE `order_master`
  MODIFY `o_id` int(11) NOT NULL AUTO_INCREMENT, AUTO_INCREMENT=339;

--
-- AUTO_INCREMENT for table `rider`
--
ALTER TABLE `rider`
  MODIFY `r_id` int(11) NOT NULL AUTO_INCREMENT, AUTO_INCREMENT=7;

--
-- AUTO_INCREMENT for table `status_detail`
--
ALTER TABLE `status_detail`
  MODIFY `s_id` int(11) NOT NULL AUTO_INCREMENT, AUTO_INCREMENT=9;

--
-- AUTO_INCREMENT for table `user`
--
ALTER TABLE `user`
  MODIFY `u_id` int(11) NOT NULL AUTO_INCREMENT, AUTO_INCREMENT=215;

--
-- AUTO_INCREMENT for table `user_address`
--
ALTER TABLE `user_address`
  MODIFY `a_id` int(11) NOT NULL AUTO_INCREMENT, AUTO_INCREMENT=140;
COMMIT;

/*!40101 SET CHARACTER_SET_CLIENT=@OLD_CHARACTER_SET_CLIENT */;
/*!40101 SET CHARACTER_SET_RESULTS=@OLD_CHARACTER_SET_RESULTS */;
/*!40101 SET COLLATION_CONNECTION=@OLD_COLLATION_CONNECTION */;
